account_sk,account_id,customer_id,branch_id,account_type,open_date,status
1,ACC000001,CUST00353,BR001,savings,2025-10-24,active
2,ACC000002,CUST01208,BR005,credit,2025-10-14,closed
3,ACC000003,CUST00809,BR013,credit,2025-12-19,dormant
4,ACC000004,CUST01309,BR004,credit,2023-05-14,active
5,ACC000005,CUST01209,BR008,credit,2023-09-04,active
6,ACC000006,CUST00783,BR010,credit,2024-08-22,active
7,ACC000007,CUST01860,BR007,chequing,2023-11-01,active
8,ACC000008,CUST00588,BR001,savings,2025-09-09,active
9,ACC000009,CUST00509,BR004,chequing,2024-10-22,active
10,ACC000010,CUST00432,BR012,credit,2025-11-21,active
11,ACC000011,CUST01219,BR005,credit,2023-08-22,dormant
12,ACC000012,CUST00914,BR013,chequing,2023-05-18,active
13,ACC000013,CUST01866,BR005,chequing,2025-06-01,active
14,ACC000014,CUST01958,BR011,chequing,2023-02-23,active
15,ACC000015,CUST00105,BR009,savings,2023-12-18,active
16,ACC000016,CUST00842,BR001,chequing,2023-02-26,active
17,ACC000017,CUST01353,BR011,savings,2023-07-14,active
18,ACC000018,CUST01848,BR015,credit,2023-06-21,active
19,ACC000019,CUST01402,BR012,credit,2025-11-16,active
20,ACC000020,CUST01813,BR013,credit,2025-07-07,closed
21,ACC000021,CUST01838,BR002,chequing,2025-06-29,dormant
22,ACC000022,CUST01497,BR014,credit,2025-10-28,active
23,ACC000023,CUST01976,BR005,credit,2025-11-06,active
24,ACC000024,CUST01681,BR014,chequing,2025-03-28,closed
25,ACC000025,CUST00623,BR009,chequing,2023-11-26,active
26,ACC000026,CUST00925,BR015,savings,2025-12-04,active
27,ACC000027,CUST01899,BR004,credit,2025-06-20,dormant
28,ACC000028,CUST00766,BR008,chequing,2023-12-20,active
29,ACC000029,CUST00053,BR005,credit,2023-04-06,active
30,ACC000030,CUST00656,BR008,credit,2023-07-11,active
31,ACC000031,CUST00369,BR014,chequing,2025-02-17,active
32,ACC000032,CUST00614,BR010,savings,2023-07-07,active
33,ACC000033,CUST01369,BR002,chequing,2025-11-12,closed
34,ACC000034,CUST01382,BR014,credit,2024-07-07,active
35,ACC000035,CUST01229,BR011,savings,2025-10-30,active
36,ACC000036,CUST01488,BR013,savings,2025-09-04,active
37,ACC000037,CUST00103,BR005,chequing,2024-12-27,active
38,ACC000038,CUST00242,BR005,chequing,2025-05-17,active
39,ACC000039,CUST00875,BR001,savings,2024-05-23,active
40,ACC000040,CUST00582,BR011,credit,2024-04-04,active
41,ACC000041,CUST00773,BR006,chequing,2025-07-31,active
42,ACC000042,CUST01760,BR013,credit,2025-03-26,active
43,ACC000043,CUST01311,BR001,credit,2025-05-13,active
44,ACC000044,CUST00580,BR014,credit,2025-02-09,active
45,ACC000045,CUST00510,BR012,savings,2025-05-29,active
46,ACC000046,CUST00928,BR009,savings,2023-11-07,active
47,ACC000047,CUST00024,BR003,credit,2024-11-23,active
48,ACC000048,CUST00292,BR003,savings,2024-05-12,active
49,ACC000049,CUST00833,BR005,credit,2023-09-14,active
50,ACC000050,CUST01982,BR010,chequing,2024-06-28,active
51,ACC000051,CUST01091,BR012,credit,2024-04-11,active
52,ACC000052,CUST01803,BR007,chequing,2024-06-13,active
53,ACC000053,CUST00310,BR013,credit,2025-06-30,active
54,ACC000054,CUST00140,BR007,chequing,2023-05-10,active
55,ACC000055,CUST00152,BR004,chequing,2024-05-23,active
56,ACC000056,CUST01548,BR010,credit,2023-12-01,dormant
57,ACC000057,CUST01789,BR004,credit,2025-04-14,active
58,ACC000058,CUST00437,BR008,credit,2025-04-14,closed
59,ACC000059,CUST00700,BR003,chequing,2023-03-31,closed
60,ACC000060,CUST00658,BR009,credit,2023-07-13,active
61,ACC000061,CUST01597,BR014,credit,2023-02-14,closed
62,ACC000062,CUST00738,BR015,savings,2024-09-10,active
63,ACC000063,CUST00537,BR002,credit,2023-07-19,active
64,ACC000064,CUST01332,BR001,chequing,2024-08-15,active
65,ACC000065,CUST01614,BR010,savings,2025-04-03,active
66,ACC000066,CUST00963,BR013,credit,2025-09-18,closed
67,ACC000067,CUST01908,BR012,chequing,2025-11-22,active
68,ACC000068,CUST00530,BR010,credit,2023-03-27,active
69,ACC000069,CUST01959,BR015,credit,2023-01-06,closed
70,ACC000070,CUST00946,BR014,credit,2023-10-25,active
71,ACC000071,CUST00164,BR008,savings,2025-04-27,active
72,ACC000072,CUST00215,BR013,chequing,2024-10-30,active
73,ACC000073,CUST01883,BR007,credit,2025-02-10,closed
74,ACC000074,CUST01119,BR007,credit,2024-05-24,active
75,ACC000075,CUST01192,BR007,credit,2025-06-20,active
76,ACC000076,CUST01038,BR007,credit,2024-10-01,active
77,ACC000077,CUST01776,BR002,savings,2024-11-27,active
78,ACC000078,CUST00643,BR013,credit,2023-04-11,active
79,ACC000079,CUST01257,BR003,credit,2024-01-05,active
80,ACC000080,CUST01408,BR013,savings,2025-01-09,active
81,ACC000081,CUST01903,BR007,credit,2023-04-02,active
82,ACC000082,CUST00145,BR008,chequing,2025-05-15,active
83,ACC000083,CUST00127,BR004,credit,2025-03-19,active
84,ACC000084,CUST00644,BR004,savings,2023-09-15,active
85,ACC000085,CUST01187,BR005,savings,2025-02-01,active
86,ACC000086,CUST00777,BR008,chequing,2023-04-11,active
87,ACC000087,CUST01344,BR011,credit,2024-09-08,active
88,ACC000088,CUST00612,BR009,credit,2024-05-27,active
89,ACC000089,CUST00601,BR015,savings,2025-02-07,active
90,ACC000090,CUST00562,BR013,credit,2025-06-09,active
91,ACC000091,CUST00841,BR001,savings,2025-06-11,active
92,ACC000092,CUST00030,BR014,savings,2024-10-06,active
93,ACC000093,CUST00746,BR008,savings,2024-11-27,active
94,ACC000094,CUST00060,BR010,savings,2024-09-23,active
95,ACC000095,CUST01976,BR004,chequing,2025-11-03,active
96,ACC000096,CUST00060,BR007,chequing,2024-05-11,closed
97,ACC000097,CUST00757,BR005,savings,2025-02-19,active
98,ACC000098,CUST01750,BR011,chequing,2025-05-07,active
99,ACC000099,CUST00593,BR001,chequing,2025-03-23,active
100,ACC000100,CUST01237,BR010,savings,2024-04-13,closed
101,ACC000101,CUST00019,BR012,credit,2025-05-21,active
102,ACC000102,CUST00383,BR002,chequing,2023-11-08,active
103,ACC000103,CUST01973,BR013,savings,2025-05-26,dormant
104,ACC000104,CUST00980,BR012,credit,2025-08-28,active
105,ACC000105,CUST00276,BR013,savings,2023-05-18,active
106,ACC000106,CUST00213,BR002,chequing,2024-07-29,active
107,ACC000107,CUST00205,BR002,savings,2025-10-27,active
108,ACC000108,CUST00515,BR009,credit,2025-03-06,dormant
109,ACC000109,CUST00013,BR013,credit,2023-01-31,active
110,ACC000110,CUST01206,BR009,savings,2025-09-12,active
111,ACC000111,CUST01145,BR003,chequing,2023-06-12,active
112,ACC000112,CUST01220,BR015,savings,2025-06-28,closed
113,ACC000113,CUST01838,BR001,savings,2025-07-02,active
114,ACC000114,CUST01472,BR007,savings,2023-12-03,active
115,ACC000115,CUST00871,BR002,chequing,2023-08-16,closed
116,ACC000116,CUST00110,BR004,credit,2024-05-29,active
117,ACC000117,CUST01556,BR015,savings,2024-12-01,active
118,ACC000118,CUST00709,BR012,credit,2025-03-01,closed
119,ACC000119,CUST01091,BR001,savings,2024-12-18,dormant
120,ACC000120,CUST01302,BR003,savings,2024-06-26,closed
121,ACC000121,CUST00359,BR005,chequing,2023-09-10,active
122,ACC000122,CUST01423,BR013,chequing,2025-10-28,active
123,ACC000123,CUST00519,BR006,savings,2023-04-07,active
124,ACC000124,CUST01935,BR007,savings,2024-09-17,active
125,ACC000125,CUST00585,BR011,savings,2024-11-24,active
126,ACC000126,CUST01782,BR004,chequing,2023-08-17,active
127,ACC000127,CUST00397,BR003,credit,2025-07-05,active
128,ACC000128,CUST01101,BR010,credit,2025-10-03,active
129,ACC000129,CUST01272,BR012,chequing,2025-07-12,active
130,ACC000130,CUST01585,BR007,chequing,2024-05-12,active
131,ACC000131,CUST01322,BR011,credit,2023-12-07,active
132,ACC000132,CUST00063,BR004,credit,2025-02-16,active
133,ACC000133,CUST01679,BR002,savings,2024-12-25,active
134,ACC000134,CUST01342,BR009,chequing,2023-05-18,active
135,ACC000135,CUST00793,BR004,chequing,2024-06-06,active
136,ACC000136,CUST01302,BR004,chequing,2025-03-02,active
137,ACC000137,CUST01624,BR004,savings,2025-10-27,active
138,ACC000138,CUST00547,BR010,chequing,2024-11-08,active
139,ACC000139,CUST01805,BR005,chequing,2023-03-15,closed
140,ACC000140,CUST01768,BR012,credit,2023-08-01,active
141,ACC000141,CUST01465,BR014,savings,2025-06-21,active
142,ACC000142,CUST00587,BR009,chequing,2025-05-20,active
143,ACC000143,CUST00353,BR005,savings,2024-06-04,closed
144,ACC000144,CUST01957,BR006,savings,2024-06-20,active
145,ACC000145,CUST01692,BR009,chequing,2025-12-31,closed
146,ACC000146,CUST01410,BR002,savings,2024-03-21,active
147,ACC000147,CUST01607,BR009,chequing,2023-02-01,active
148,ACC000148,CUST01334,BR013,credit,2024-10-18,active
149,ACC000149,CUST01221,BR002,chequing,2025-07-23,dormant
150,ACC000150,CUST01050,BR011,savings,2025-03-01,active
151,ACC000151,CUST01164,BR010,savings,2025-12-16,active
152,ACC000152,CUST00318,BR015,credit,2023-05-05,active
153,ACC000153,CUST00645,BR008,credit,2023-09-30,active
154,ACC000154,CUST00215,BR005,savings,2023-10-09,active
155,ACC000155,CUST00477,BR001,chequing,2025-02-19,active
156,ACC000156,CUST00359,BR005,chequing,2024-02-22,active
157,ACC000157,CUST01329,BR004,credit,2025-07-09,active
158,ACC000158,CUST00483,BR004,credit,2023-07-31,active
159,ACC000159,CUST00231,BR011,credit,2025-10-20,active
160,ACC000160,CUST01885,BR014,chequing,2024-03-06,dormant
161,ACC000161,CUST01059,BR014,credit,2023-04-12,active
162,ACC000162,CUST01141,BR015,chequing,2023-12-10,active
163,ACC000163,CUST00092,BR014,chequing,2023-01-31,active
164,ACC000164,CUST00360,BR015,chequing,2023-02-03,active
165,ACC000165,CUST01070,BR007,savings,2025-06-07,active
166,ACC000166,CUST00093,BR015,chequing,2025-11-06,active
167,ACC000167,CUST01223,BR011,credit,2025-09-11,active
168,ACC000168,CUST00250,BR001,credit,2023-06-21,active
169,ACC000169,CUST00388,BR006,savings,2023-07-10,active
170,ACC000170,CUST01879,BR012,chequing,2024-08-15,closed
171,ACC000171,CUST01331,BR004,credit,2023-06-24,active
172,ACC000172,CUST01547,BR001,savings,2024-07-19,active
173,ACC000173,CUST01539,BR013,credit,2023-10-11,active
174,ACC000174,CUST00634,BR007,credit,2024-10-09,active
175,ACC000175,CUST01619,BR002,chequing,2023-01-08,active
176,ACC000176,CUST01584,BR001,savings,2025-04-07,closed
177,ACC000177,CUST00008,BR006,savings,2024-11-05,dormant
178,ACC000178,CUST01205,BR007,savings,2023-06-02,active
179,ACC000179,CUST01850,BR012,chequing,2025-06-11,active
180,ACC000180,CUST01837,BR011,savings,2025-05-14,active
181,ACC000181,CUST00152,BR001,credit,2025-03-15,closed
182,ACC000182,CUST00613,BR014,chequing,2023-07-04,active
183,ACC000183,CUST01827,BR004,savings,2023-01-04,active
184,ACC000184,CUST01110,BR006,chequing,2025-03-27,active
185,ACC000185,CUST01890,BR015,credit,2024-07-04,active
186,ACC000186,CUST00962,BR001,credit,2023-01-31,active
187,ACC000187,CUST01151,BR013,chequing,2025-05-30,active
188,ACC000188,CUST00415,BR005,credit,2023-10-16,active
189,ACC000189,CUST01487,BR010,credit,2025-04-09,active
190,ACC000190,CUST01243,BR008,chequing,2025-12-17,active
191,ACC000191,CUST00888,BR009,credit,2025-12-01,closed
192,ACC000192,CUST01159,BR002,savings,2025-12-19,dormant
193,ACC000193,CUST01353,BR011,savings,2023-05-29,active
194,ACC000194,CUST00760,BR013,credit,2025-05-28,active
195,ACC000195,CUST00929,BR014,chequing,2025-07-19,closed
196,ACC000196,CUST00048,BR012,credit,2024-04-29,active
197,ACC000197,CUST01932,BR002,chequing,2025-06-02,closed
198,ACC000198,CUST01565,BR006,savings,2025-12-05,active
199,ACC000199,CUST01702,BR014,chequing,2025-02-17,active
200,ACC000200,CUST00162,BR009,chequing,2025-01-24,closed
201,ACC000201,CUST01927,BR002,savings,2025-01-09,active
202,ACC000202,CUST00644,BR002,savings,2025-09-23,active
203,ACC000203,CUST01447,BR002,credit,2023-10-10,active
204,ACC000204,CUST00789,BR010,chequing,2023-06-02,active
205,ACC000205,CUST01379,BR013,credit,2023-10-24,active
206,ACC000206,CUST01247,BR012,credit,2025-04-04,closed
207,ACC000207,CUST00893,BR005,chequing,2023-11-30,active
208,ACC000208,CUST01932,BR008,savings,2025-11-15,active
209,ACC000209,CUST00921,BR001,credit,2024-06-25,active
210,ACC000210,CUST00751,BR005,chequing,2023-08-04,active
211,ACC000211,CUST00710,BR011,savings,2025-02-02,active
212,ACC000212,CUST01711,BR001,savings,2025-06-10,active
213,ACC000213,CUST00259,BR001,credit,2023-10-17,active
214,ACC000214,CUST01782,BR006,savings,2023-01-01,active
215,ACC000215,CUST00037,BR012,chequing,2023-05-10,active
216,ACC000216,CUST00450,BR015,credit,2024-12-01,active
217,ACC000217,CUST01947,BR001,savings,2023-12-18,active
218,ACC000218,CUST00279,BR005,savings,2023-12-30,active
219,ACC000219,CUST01884,BR009,credit,2024-11-02,closed
220,ACC000220,CUST01814,BR013,savings,2023-01-11,active
221,ACC000221,CUST00995,BR009,credit,2025-11-24,active
222,ACC000222,CUST01411,BR005,credit,2025-07-15,active
223,ACC000223,CUST00280,BR007,chequing,2025-03-08,closed
224,ACC000224,CUST01111,BR015,savings,2023-01-13,active
225,ACC000225,CUST00121,BR013,savings,2023-05-01,active
226,ACC000226,CUST01177,BR006,chequing,2023-12-31,active
227,ACC000227,CUST01815,BR013,chequing,2023-06-26,active
228,ACC000228,CUST00876,BR002,credit,2023-03-31,active
229,ACC000229,CUST00466,BR014,savings,2023-04-20,active
230,ACC000230,CUST00279,BR004,chequing,2023-03-09,active
231,ACC000231,CUST01659,BR007,credit,2024-10-04,active
232,ACC000232,CUST00010,BR008,savings,2023-06-27,closed
233,ACC000233,CUST01176,BR013,savings,2024-11-01,active
234,ACC000234,CUST00465,BR013,credit,2023-10-16,active
235,ACC000235,CUST01069,BR008,savings,2024-03-12,closed
236,ACC000236,CUST00845,BR006,chequing,2024-06-10,active
237,ACC000237,CUST00968,BR013,chequing,2025-04-26,active
238,ACC000238,CUST00181,BR010,credit,2025-11-20,closed
239,ACC000239,CUST00972,BR004,savings,2023-06-19,active
240,ACC000240,CUST01579,BR012,chequing,2023-03-14,active
241,ACC000241,CUST00093,BR003,savings,2025-04-05,active
242,ACC000242,CUST00376,BR002,savings,2024-08-30,active
243,ACC000243,CUST01806,BR013,credit,2025-01-07,active
244,ACC000244,CUST01074,BR013,chequing,2024-11-21,closed
245,ACC000245,CUST00311,BR007,credit,2023-05-04,active
246,ACC000246,CUST00560,BR009,savings,2023-03-21,active
247,ACC000247,CUST00918,BR004,credit,2024-03-24,dormant
248,ACC000248,CUST00515,BR015,savings,2025-10-27,active
249,ACC000249,CUST00622,BR003,savings,2024-04-11,active
250,ACC000250,CUST01634,BR015,credit,2024-09-02,active
251,ACC000251,CUST00283,BR009,chequing,2024-11-08,active
252,ACC000252,CUST00913,BR014,savings,2024-07-20,active
253,ACC000253,CUST00806,BR006,savings,2024-11-18,active
254,ACC000254,CUST00746,BR007,chequing,2024-02-26,active
255,ACC000255,CUST01494,BR014,chequing,2023-03-11,active
256,ACC000256,CUST00683,BR015,savings,2023-08-08,active
257,ACC000257,CUST01289,BR012,savings,2023-02-26,active
258,ACC000258,CUST01229,BR002,chequing,2023-07-24,dormant
259,ACC000259,CUST00206,BR008,credit,2025-03-05,active
260,ACC000260,CUST01407,BR001,chequing,2024-11-03,active
261,ACC000261,CUST01443,BR008,credit,2025-03-07,active
262,ACC000262,CUST01440,BR003,chequing,2023-02-18,active
263,ACC000263,CUST01272,BR006,chequing,2024-10-07,active
264,ACC000264,CUST01910,BR005,credit,2023-06-20,active
265,ACC000265,CUST00002,BR015,chequing,2023-10-04,active
266,ACC000266,CUST01846,BR006,credit,2025-01-01,closed
267,ACC000267,CUST00122,BR001,chequing,2025-05-05,active
268,ACC000268,CUST01433,BR015,chequing,2023-06-11,active
269,ACC000269,CUST00691,BR004,credit,2024-01-10,closed
270,ACC000270,CUST00711,BR013,credit,2024-06-15,active
271,ACC000271,CUST01824,BR010,savings,2023-03-07,active
272,ACC000272,CUST00090,BR014,savings,2023-07-24,active
273,ACC000273,CUST01443,BR004,chequing,2025-08-07,active
274,ACC000274,CUST00102,BR015,savings,2025-01-19,active
275,ACC000275,CUST01871,BR004,credit,2023-05-15,active
276,ACC000276,CUST00805,BR005,credit,2024-03-18,dormant
277,ACC000277,CUST01583,BR012,chequing,2024-02-21,active
278,ACC000278,CUST01186,BR002,chequing,2024-07-22,active
279,ACC000279,CUST01921,BR001,chequing,2025-05-27,active
280,ACC000280,CUST01253,BR012,savings,2023-05-12,active
281,ACC000281,CUST00615,BR011,credit,2023-07-12,dormant
282,ACC000282,CUST01340,BR006,credit,2023-12-23,dormant
283,ACC000283,CUST00736,BR006,chequing,2025-02-04,active
284,ACC000284,CUST00698,BR003,chequing,2025-01-10,active
285,ACC000285,CUST00069,BR001,savings,2025-09-24,active
286,ACC000286,CUST01183,BR001,credit,2023-02-09,active
287,ACC000287,CUST00878,BR015,credit,2023-05-01,active
288,ACC000288,CUST00793,BR012,savings,2025-09-04,active
289,ACC000289,CUST01594,BR012,chequing,2025-09-07,active
290,ACC000290,CUST01423,BR011,chequing,2024-03-22,active
291,ACC000291,CUST01168,BR014,savings,2024-09-20,active
292,ACC000292,CUST01973,BR006,chequing,2023-02-12,active
293,ACC000293,CUST01006,BR008,savings,2023-11-18,active
294,ACC000294,CUST00017,BR004,chequing,2024-12-13,active
295,ACC000295,CUST00150,BR008,chequing,2025-02-16,active
296,ACC000296,CUST00267,BR015,savings,2024-01-12,active
297,ACC000297,CUST00941,BR009,savings,2024-01-12,active
298,ACC000298,CUST01286,BR003,credit,2023-11-03,active
299,ACC000299,CUST00454,BR005,savings,2023-07-15,active
300,ACC000300,CUST01510,BR013,chequing,2023-03-23,active
301,ACC000301,CUST01828,BR007,credit,2023-04-06,active
302,ACC000302,CUST00012,BR011,credit,2025-04-27,active
303,ACC000303,CUST00498,BR001,chequing,2023-08-27,active
304,ACC000304,CUST00805,BR008,chequing,2023-10-06,active
305,ACC000305,CUST00014,BR005,credit,2024-11-16,dormant
306,ACC000306,CUST01892,BR015,savings,2024-11-15,active
307,ACC000307,CUST01153,BR009,credit,2025-07-12,active
308,ACC000308,CUST01159,BR014,chequing,2023-06-29,active
309,ACC000309,CUST01510,BR010,savings,2024-09-30,active
310,ACC000310,CUST00096,BR004,chequing,2025-05-08,active
311,ACC000311,CUST01807,BR003,chequing,2023-10-17,active
312,ACC000312,CUST00725,BR009,chequing,2023-06-09,active
313,ACC000313,CUST00949,BR015,chequing,2023-09-16,active
314,ACC000314,CUST00912,BR002,chequing,2024-12-06,active
315,ACC000315,CUST00463,BR012,credit,2023-01-13,active
316,ACC000316,CUST00884,BR012,chequing,2023-07-22,active
317,ACC000317,CUST01246,BR012,credit,2023-12-17,active
318,ACC000318,CUST01858,BR015,credit,2023-09-12,active
319,ACC000319,CUST01864,BR008,credit,2023-01-09,active
320,ACC000320,CUST01159,BR002,savings,2023-08-06,active
321,ACC000321,CUST01031,BR007,chequing,2025-01-30,active
322,ACC000322,CUST01128,BR002,credit,2024-10-02,active
323,ACC000323,CUST00950,BR012,savings,2023-12-09,active
324,ACC000324,CUST00193,BR007,credit,2025-11-24,active
325,ACC000325,CUST00104,BR013,savings,2024-04-29,active
326,ACC000326,CUST01568,BR013,credit,2024-03-18,active
327,ACC000327,CUST00769,BR010,chequing,2025-11-07,closed
328,ACC000328,CUST00983,BR015,chequing,2025-11-08,active
329,ACC000329,CUST01970,BR015,savings,2023-04-20,active
330,ACC000330,CUST01053,BR003,chequing,2025-09-03,active
331,ACC000331,CUST00111,BR003,credit,2024-03-13,active
332,ACC000332,CUST01100,BR003,credit,2024-04-13,active
333,ACC000333,CUST01937,BR003,chequing,2024-05-31,active
334,ACC000334,CUST00571,BR008,savings,2024-03-08,active
335,ACC000335,CUST01894,BR012,credit,2023-08-13,active
336,ACC000336,CUST01995,BR006,credit,2024-02-06,active
337,ACC000337,CUST01379,BR003,credit,2023-01-27,active
338,ACC000338,CUST01299,BR004,chequing,2024-07-21,closed
339,ACC000339,CUST01426,BR003,chequing,2023-09-26,active
340,ACC000340,CUST00899,BR008,savings,2023-09-18,active
341,ACC000341,CUST00212,BR004,savings,2024-02-02,active
342,ACC000342,CUST01591,BR013,chequing,2025-10-27,active
343,ACC000343,CUST00688,BR015,chequing,2025-04-13,active
344,ACC000344,CUST00404,BR001,credit,2023-04-28,active
345,ACC000345,CUST01625,BR010,chequing,2025-06-20,active
346,ACC000346,CUST00729,BR007,credit,2023-07-16,active
347,ACC000347,CUST00460,BR003,chequing,2023-02-16,active
348,ACC000348,CUST01226,BR002,savings,2023-06-01,active
349,ACC000349,CUST00775,BR014,credit,2023-03-25,closed
350,ACC000350,CUST00326,BR010,credit,2025-12-23,active
351,ACC000351,CUST01934,BR013,chequing,2024-06-23,active
352,ACC000352,CUST01978,BR012,credit,2024-07-19,active
353,ACC000353,CUST00793,BR007,chequing,2023-11-05,active
354,ACC000354,CUST01642,BR014,chequing,2023-08-31,active
355,ACC000355,CUST00029,BR009,chequing,2025-01-21,active
356,ACC000356,CUST01813,BR006,savings,2025-03-16,active
357,ACC000357,CUST01543,BR015,chequing,2025-02-23,active
358,ACC000358,CUST00807,BR015,chequing,2023-06-22,active
359,ACC000359,CUST01647,BR007,savings,2025-01-10,active
360,ACC000360,CUST01191,BR005,savings,2024-09-07,active
361,ACC000361,CUST00904,BR007,savings,2024-02-07,active
362,ACC000362,CUST01239,BR013,chequing,2024-04-05,active
363,ACC000363,CUST00705,BR001,savings,2025-02-10,active
364,ACC000364,CUST00389,BR003,chequing,2025-02-28,active
365,ACC000365,CUST01807,BR014,chequing,2023-07-01,active
366,ACC000366,CUST00301,BR005,chequing,2025-04-21,active
367,ACC000367,CUST01884,BR014,credit,2024-12-04,closed
368,ACC000368,CUST01137,BR012,savings,2024-06-29,active
369,ACC000369,CUST00208,BR011,credit,2025-11-17,active
370,ACC000370,CUST01956,BR001,credit,2025-10-06,closed
371,ACC000371,CUST01217,BR011,credit,2023-07-20,active
372,ACC000372,CUST01906,BR007,chequing,2024-05-06,active
373,ACC000373,CUST01859,BR014,credit,2023-06-23,active
374,ACC000374,CUST01170,BR011,savings,2024-06-23,active
375,ACC000375,CUST01147,BR006,chequing,2023-10-02,active
376,ACC000376,CUST01972,BR005,savings,2024-01-18,closed
377,ACC000377,CUST01366,BR001,savings,2025-12-24,active
378,ACC000378,CUST00503,BR005,chequing,2023-03-13,active
379,ACC000379,CUST00494,BR002,chequing,2025-01-19,active
380,ACC000380,CUST01084,BR008,savings,2023-02-27,active
381,ACC000381,CUST01473,BR005,savings,2025-08-14,active
382,ACC000382,CUST00800,BR015,credit,2024-07-04,active
383,ACC000383,CUST01631,BR008,savings,2024-07-03,active
384,ACC000384,CUST01931,BR015,credit,2024-11-18,closed
385,ACC000385,CUST00739,BR004,savings,2025-01-29,active
386,ACC000386,CUST01756,BR005,savings,2025-03-02,closed
387,ACC000387,CUST01218,BR013,credit,2025-02-21,dormant
388,ACC000388,CUST00131,BR007,chequing,2024-07-28,active
389,ACC000389,CUST00363,BR006,savings,2025-01-27,active
390,ACC000390,CUST01429,BR015,chequing,2024-11-11,closed
391,ACC000391,CUST01919,BR010,savings,2025-11-06,active
392,ACC000392,CUST00700,BR003,savings,2023-10-20,active
393,ACC000393,CUST01926,BR006,credit,2025-02-19,active
394,ACC000394,CUST01730,BR008,chequing,2023-08-20,closed
395,ACC000395,CUST00491,BR001,savings,2024-07-19,active
396,ACC000396,CUST00754,BR013,credit,2023-09-01,active
397,ACC000397,CUST00789,BR002,savings,2023-04-18,dormant
398,ACC000398,CUST01954,BR005,credit,2024-02-05,active
399,ACC000399,CUST01838,BR003,savings,2023-08-27,active
400,ACC000400,CUST00649,BR015,savings,2024-03-13,active
401,ACC000401,CUST00115,BR008,credit,2025-04-25,active
402,ACC000402,CUST01578,BR008,chequing,2023-08-02,dormant
403,ACC000403,CUST01395,BR015,chequing,2023-03-03,active
404,ACC000404,CUST01406,BR012,chequing,2025-10-12,closed
405,ACC000405,CUST01684,BR006,chequing,2023-10-18,closed
406,ACC000406,CUST00163,BR006,credit,2025-07-03,active
407,ACC000407,CUST01910,BR009,savings,2024-10-13,active
408,ACC000408,CUST00743,BR014,credit,2024-07-26,active
409,ACC000409,CUST00361,BR007,credit,2025-08-01,active
410,ACC000410,CUST01729,BR011,credit,2025-10-17,active
411,ACC000411,CUST01019,BR004,credit,2023-12-02,closed
412,ACC000412,CUST01913,BR014,credit,2023-02-21,active
413,ACC000413,CUST00842,BR013,savings,2023-10-30,active
414,ACC000414,CUST00911,BR008,savings,2023-09-28,active
415,ACC000415,CUST00820,BR011,savings,2025-04-12,active
416,ACC000416,CUST00959,BR001,chequing,2024-07-24,closed
417,ACC000417,CUST01323,BR014,chequing,2025-01-01,active
418,ACC000418,CUST01667,BR008,credit,2023-05-09,active
419,ACC000419,CUST01918,BR006,savings,2025-11-29,active
420,ACC000420,CUST00094,BR001,chequing,2023-11-08,active
421,ACC000421,CUST01398,BR003,credit,2023-09-20,active
422,ACC000422,CUST00382,BR006,savings,2024-02-04,active
423,ACC000423,CUST00055,BR010,savings,2024-04-09,dormant
424,ACC000424,CUST01418,BR013,chequing,2024-03-21,active
425,ACC000425,CUST01084,BR013,credit,2023-06-27,active
426,ACC000426,CUST00337,BR015,chequing,2024-02-11,active
427,ACC000427,CUST00775,BR010,savings,2024-12-19,active
428,ACC000428,CUST01062,BR013,savings,2023-12-27,closed
429,ACC000429,CUST00055,BR010,credit,2024-01-17,active
430,ACC000430,CUST01293,BR014,savings,2024-05-19,active
431,ACC000431,CUST01473,BR006,credit,2024-12-22,active
432,ACC000432,CUST01761,BR011,credit,2024-03-12,closed
433,ACC000433,CUST00304,BR003,chequing,2025-06-25,active
434,ACC000434,CUST01262,BR004,credit,2023-12-23,active
435,ACC000435,CUST00745,BR014,savings,2024-03-30,active
436,ACC000436,CUST00462,BR003,chequing,2025-05-16,active
437,ACC000437,CUST01039,BR006,chequing,2025-08-19,active
438,ACC000438,CUST01859,BR001,credit,2025-07-29,active
439,ACC000439,CUST00384,BR007,credit,2025-10-16,active
440,ACC000440,CUST00248,BR013,credit,2023-11-21,active
441,ACC000441,CUST00410,BR007,chequing,2023-07-22,active
442,ACC000442,CUST00256,BR003,savings,2023-07-24,active
443,ACC000443,CUST01732,BR014,credit,2024-03-31,closed
444,ACC000444,CUST01144,BR011,credit,2024-01-10,active
445,ACC000445,CUST01974,BR014,savings,2025-06-09,closed
446,ACC000446,CUST01561,BR005,credit,2024-06-12,active
447,ACC000447,CUST00980,BR004,savings,2025-06-25,active
448,ACC000448,CUST00269,BR003,chequing,2024-03-19,dormant
449,ACC000449,CUST00313,BR003,chequing,2025-11-07,active
450,ACC000450,CUST00218,BR013,credit,2024-08-21,active
451,ACC000451,CUST00316,BR006,credit,2023-11-12,active
452,ACC000452,CUST01362,BR011,credit,2024-01-13,active
453,ACC000453,CUST01963,BR006,savings,2023-04-28,active
454,ACC000454,CUST01682,BR015,credit,2024-11-22,active
455,ACC000455,CUST01344,BR001,savings,2024-05-11,active
456,ACC000456,CUST01302,BR013,credit,2025-09-07,closed
457,ACC000457,CUST00502,BR002,credit,2023-08-23,active
458,ACC000458,CUST00557,BR007,credit,2025-10-04,active
459,ACC000459,CUST01696,BR004,chequing,2025-09-21,active
460,ACC000460,CUST00470,BR014,credit,2024-09-16,active
461,ACC000461,CUST01338,BR009,savings,2023-11-01,active
462,ACC000462,CUST01352,BR002,chequing,2025-02-28,active
463,ACC000463,CUST01354,BR001,credit,2024-08-10,active
464,ACC000464,CUST00470,BR010,credit,2025-08-27,active
465,ACC000465,CUST00791,BR002,savings,2024-07-20,active
466,ACC000466,CUST00093,BR006,savings,2024-05-29,active
467,ACC000467,CUST01637,BR003,credit,2023-05-18,active
468,ACC000468,CUST00877,BR012,savings,2023-05-28,active
469,ACC000469,CUST01570,BR015,credit,2024-12-01,active
470,ACC000470,CUST00557,BR001,credit,2023-07-07,active
471,ACC000471,CUST00770,BR010,chequing,2024-10-19,active
472,ACC000472,CUST01018,BR006,chequing,2023-05-04,active
473,ACC000473,CUST00002,BR013,chequing,2023-02-07,active
474,ACC000474,CUST00891,BR003,credit,2023-01-31,active
475,ACC000475,CUST01776,BR011,savings,2023-07-16,active
476,ACC000476,CUST01356,BR002,chequing,2024-09-21,active
477,ACC000477,CUST00414,BR010,chequing,2025-05-30,closed
478,ACC000478,CUST01271,BR007,savings,2025-12-25,active
479,ACC000479,CUST00930,BR007,chequing,2025-12-07,active
480,ACC000480,CUST00152,BR003,savings,2025-10-01,closed
481,ACC000481,CUST00474,BR002,credit,2024-01-15,active
482,ACC000482,CUST01336,BR007,credit,2023-02-27,active
483,ACC000483,CUST00695,BR012,credit,2025-12-22,active
484,ACC000484,CUST00974,BR011,credit,2025-05-10,active
485,ACC000485,CUST01722,BR011,chequing,2024-09-24,active
486,ACC000486,CUST01235,BR002,credit,2025-02-21,active
487,ACC000487,CUST00386,BR001,credit,2024-11-16,active
488,ACC000488,CUST00256,BR003,chequing,2023-11-21,active
489,ACC000489,CUST00142,BR006,chequing,2024-12-15,active
490,ACC000490,CUST00775,BR005,savings,2025-07-23,active
491,ACC000491,CUST00582,BR008,chequing,2023-04-13,active
492,ACC000492,CUST00862,BR009,savings,2025-03-21,active
493,ACC000493,CUST01116,BR011,savings,2025-10-13,active
494,ACC000494,CUST01173,BR008,credit,2025-07-10,closed
495,ACC000495,CUST01813,BR002,savings,2024-02-17,active
496,ACC000496,CUST00712,BR007,credit,2023-03-11,active
497,ACC000497,CUST00678,BR001,chequing,2025-04-12,active
498,ACC000498,CUST00645,BR012,chequing,2025-08-21,active
499,ACC000499,CUST01206,BR012,savings,2024-07-11,active
500,ACC000500,CUST01263,BR003,savings,2025-06-22,active
501,ACC000501,CUST01808,BR011,credit,2025-01-03,active
502,ACC000502,CUST01426,BR007,chequing,2024-10-19,active
503,ACC000503,CUST01423,BR006,credit,2025-08-12,active
504,ACC000504,CUST00368,BR006,savings,2023-08-14,active
505,ACC000505,CUST00330,BR008,savings,2024-02-27,active
506,ACC000506,CUST00481,BR002,savings,2024-08-16,closed
507,ACC000507,CUST01272,BR014,credit,2024-11-17,active
508,ACC000508,CUST00715,BR015,savings,2025-04-27,active
509,ACC000509,CUST00508,BR005,savings,2024-06-20,closed
510,ACC000510,CUST01930,BR015,savings,2024-03-29,active
511,ACC000511,CUST00528,BR013,chequing,2024-09-17,active
512,ACC000512,CUST00811,BR010,credit,2024-05-15,active
513,ACC000513,CUST00497,BR014,credit,2024-06-13,active
514,ACC000514,CUST00924,BR005,chequing,2024-07-06,closed
515,ACC000515,CUST00541,BR001,credit,2023-12-17,active
516,ACC000516,CUST00098,BR010,savings,2025-10-22,active
517,ACC000517,CUST01240,BR012,savings,2024-03-23,dormant
518,ACC000518,CUST01371,BR014,credit,2025-12-05,active
519,ACC000519,CUST01913,BR005,chequing,2024-05-25,active
520,ACC000520,CUST01982,BR001,credit,2025-07-01,active
521,ACC000521,CUST01416,BR003,chequing,2025-09-07,active
522,ACC000522,CUST00981,BR006,savings,2025-11-28,active
523,ACC000523,CUST00588,BR011,credit,2025-04-25,active
524,ACC000524,CUST00968,BR013,credit,2023-09-28,closed
525,ACC000525,CUST00258,BR001,chequing,2023-01-21,active
526,ACC000526,CUST00570,BR010,savings,2024-09-15,active
527,ACC000527,CUST00132,BR003,credit,2024-04-02,active
528,ACC000528,CUST01686,BR001,chequing,2024-12-29,active
529,ACC000529,CUST01595,BR002,chequing,2025-08-03,active
530,ACC000530,CUST00806,BR014,savings,2025-12-18,active
531,ACC000531,CUST00803,BR004,savings,2024-11-21,active
532,ACC000532,CUST01720,BR008,chequing,2025-05-31,dormant
533,ACC000533,CUST00162,BR015,credit,2024-03-23,closed
534,ACC000534,CUST00535,BR012,savings,2024-09-03,active
535,ACC000535,CUST01425,BR006,savings,2025-03-05,active
536,ACC000536,CUST00149,BR004,credit,2025-01-29,active
537,ACC000537,CUST00420,BR005,chequing,2024-01-26,active
538,ACC000538,CUST00323,BR015,credit,2023-10-05,active
539,ACC000539,CUST00510,BR004,savings,2025-07-25,active
540,ACC000540,CUST00543,BR007,chequing,2023-08-09,active
541,ACC000541,CUST00476,BR011,savings,2025-05-01,active
542,ACC000542,CUST01420,BR011,credit,2025-03-22,active
543,ACC000543,CUST01107,BR014,chequing,2023-03-08,active
544,ACC000544,CUST01847,BR011,savings,2023-10-16,active
545,ACC000545,CUST00575,BR007,credit,2023-04-13,active
546,ACC000546,CUST01649,BR011,chequing,2025-09-24,active
547,ACC000547,CUST00586,BR002,savings,2024-06-23,active
548,ACC000548,CUST00077,BR005,chequing,2024-10-14,active
549,ACC000549,CUST00468,BR009,savings,2023-04-07,active
550,ACC000550,CUST01670,BR009,credit,2024-07-28,active
551,ACC000551,CUST00693,BR003,savings,2024-11-20,active
552,ACC000552,CUST01544,BR015,chequing,2024-02-12,active
553,ACC000553,CUST01066,BR003,credit,2024-04-23,active
554,ACC000554,CUST00034,BR003,savings,2025-04-01,active
555,ACC000555,CUST00221,BR004,chequing,2023-01-21,active
556,ACC000556,CUST00450,BR004,savings,2025-04-16,active
557,ACC000557,CUST00139,BR012,credit,2023-09-09,active
558,ACC000558,CUST00877,BR013,savings,2025-01-17,closed
559,ACC000559,CUST00022,BR008,savings,2023-10-18,active
560,ACC000560,CUST01249,BR010,savings,2024-10-07,active
561,ACC000561,CUST01533,BR001,chequing,2024-07-23,active
562,ACC000562,CUST00432,BR001,chequing,2023-12-21,closed
563,ACC000563,CUST01505,BR010,credit,2024-06-13,active
564,ACC000564,CUST00350,BR004,chequing,2024-03-19,active
565,ACC000565,CUST01880,BR013,chequing,2023-04-06,active
566,ACC000566,CUST00607,BR008,chequing,2023-02-03,active
567,ACC000567,CUST01470,BR003,chequing,2023-09-29,active
568,ACC000568,CUST01805,BR006,chequing,2025-06-18,active
569,ACC000569,CUST01480,BR007,savings,2025-08-05,active
570,ACC000570,CUST01963,BR002,savings,2025-10-11,active
571,ACC000571,CUST00534,BR007,chequing,2024-01-10,closed
572,ACC000572,CUST00103,BR007,savings,2024-04-10,active
573,ACC000573,CUST01886,BR008,chequing,2025-08-18,active
574,ACC000574,CUST00696,BR009,chequing,2024-01-04,active
575,ACC000575,CUST01227,BR001,credit,2024-12-03,active
576,ACC000576,CUST01553,BR009,savings,2024-06-05,closed
577,ACC000577,CUST01485,BR012,chequing,2024-05-21,active
578,ACC000578,CUST01285,BR004,savings,2023-06-06,active
579,ACC000579,CUST00205,BR003,chequing,2023-06-26,dormant
580,ACC000580,CUST00245,BR009,savings,2025-11-17,active
581,ACC000581,CUST01428,BR006,credit,2025-05-01,active
582,ACC000582,CUST01522,BR010,chequing,2023-06-01,active
583,ACC000583,CUST00102,BR014,savings,2024-08-19,active
584,ACC000584,CUST01635,BR011,chequing,2023-11-06,active
585,ACC000585,CUST01204,BR010,credit,2024-05-30,active
586,ACC000586,CUST00365,BR010,savings,2023-08-13,active
587,ACC000587,CUST00354,BR003,chequing,2025-10-05,closed
588,ACC000588,CUST01533,BR005,chequing,2024-03-27,active
589,ACC000589,CUST00373,BR003,chequing,2025-01-08,closed
590,ACC000590,CUST00307,BR003,chequing,2025-02-08,active
591,ACC000591,CUST01391,BR006,credit,2024-06-17,active
592,ACC000592,CUST01324,BR007,chequing,2024-02-04,active
593,ACC000593,CUST00004,BR012,credit,2024-02-05,active
594,ACC000594,CUST00594,BR005,savings,2025-06-25,closed
595,ACC000595,CUST01708,BR001,savings,2025-10-25,active
596,ACC000596,CUST01023,BR009,credit,2024-11-08,active
597,ACC000597,CUST00952,BR001,chequing,2023-01-22,closed
598,ACC000598,CUST01258,BR011,savings,2025-11-05,active
599,ACC000599,CUST00147,BR010,savings,2024-01-24,active
600,ACC000600,CUST00918,BR008,savings,2024-01-08,active
601,ACC000601,CUST01300,BR011,chequing,2023-11-24,closed
602,ACC000602,CUST01225,BR012,savings,2025-04-28,active
603,ACC000603,CUST00379,BR008,savings,2025-08-29,active
604,ACC000604,CUST00350,BR003,savings,2023-11-11,active
605,ACC000605,CUST00165,BR015,savings,2024-12-16,active
606,ACC000606,CUST00291,BR013,credit,2023-10-02,active
607,ACC000607,CUST00756,BR010,credit,2023-11-19,active
608,ACC000608,CUST00586,BR002,chequing,2024-10-22,closed
609,ACC000609,CUST01956,BR015,savings,2024-03-23,active
610,ACC000610,CUST01212,BR006,savings,2025-04-03,active
611,ACC000611,CUST00501,BR008,credit,2023-11-12,active
612,ACC000612,CUST00353,BR014,credit,2024-08-30,active
613,ACC000613,CUST01954,BR003,chequing,2025-06-02,active
614,ACC000614,CUST00687,BR011,savings,2025-11-19,active
615,ACC000615,CUST01370,BR009,savings,2023-07-18,active
616,ACC000616,CUST01483,BR002,chequing,2023-03-24,active
617,ACC000617,CUST01176,BR009,chequing,2023-11-18,active
618,ACC000618,CUST01316,BR002,chequing,2023-11-07,active
619,ACC000619,CUST01698,BR003,chequing,2025-02-01,active
620,ACC000620,CUST01048,BR011,chequing,2025-02-01,active
621,ACC000621,CUST01782,BR007,credit,2025-05-04,active
622,ACC000622,CUST00823,BR005,chequing,2023-08-01,active
623,ACC000623,CUST00225,BR009,savings,2024-06-20,active
624,ACC000624,CUST00120,BR007,savings,2024-09-17,active
625,ACC000625,CUST01715,BR014,credit,2023-01-02,active
626,ACC000626,CUST00796,BR003,credit,2025-10-26,closed
627,ACC000627,CUST01020,BR008,credit,2025-12-10,active
628,ACC000628,CUST01704,BR006,credit,2024-11-01,active
629,ACC000629,CUST01966,BR007,credit,2025-04-02,active
630,ACC000630,CUST01783,BR007,credit,2024-09-28,active
631,ACC000631,CUST00244,BR010,savings,2023-09-22,active
632,ACC000632,CUST01349,BR003,chequing,2023-10-16,active
633,ACC000633,CUST00894,BR013,chequing,2024-01-02,active
634,ACC000634,CUST00375,BR001,savings,2023-05-11,active
635,ACC000635,CUST00335,BR010,savings,2025-12-25,active
636,ACC000636,CUST01992,BR002,savings,2025-09-21,closed
637,ACC000637,CUST01879,BR015,credit,2023-08-18,active
638,ACC000638,CUST01767,BR010,savings,2023-11-11,active
639,ACC000639,CUST00833,BR010,credit,2024-07-22,active
640,ACC000640,CUST01079,BR002,credit,2023-11-26,active
641,ACC000641,CUST00408,BR002,credit,2023-02-10,active
642,ACC000642,CUST01793,BR007,savings,2025-04-19,active
643,ACC000643,CUST01410,BR012,chequing,2023-01-05,active
644,ACC000644,CUST00713,BR015,chequing,2023-11-27,active
645,ACC000645,CUST00397,BR009,savings,2024-01-22,closed
646,ACC000646,CUST00008,BR006,credit,2023-04-06,active
647,ACC000647,CUST00368,BR005,chequing,2025-12-20,closed
648,ACC000648,CUST01127,BR012,chequing,2024-12-28,active
649,ACC000649,CUST00332,BR015,savings,2023-12-17,active
650,ACC000650,CUST01157,BR013,credit,2023-05-08,active
651,ACC000651,CUST00816,BR009,credit,2025-06-04,active
652,ACC000652,CUST00937,BR013,savings,2024-05-14,closed
653,ACC000653,CUST00364,BR014,credit,2024-02-28,closed
654,ACC000654,CUST01028,BR010,savings,2024-02-22,active
655,ACC000655,CUST00991,BR007,credit,2023-06-20,active
656,ACC000656,CUST01301,BR002,credit,2025-04-04,active
657,ACC000657,CUST00932,BR002,chequing,2025-06-07,active
658,ACC000658,CUST01977,BR013,chequing,2023-01-02,dormant
659,ACC000659,CUST00389,BR003,credit,2025-11-01,active
660,ACC000660,CUST00412,BR015,chequing,2023-11-09,active
661,ACC000661,CUST01108,BR014,credit,2024-04-03,active
662,ACC000662,CUST00383,BR008,credit,2023-05-10,active
663,ACC000663,CUST00667,BR012,credit,2023-02-10,active
664,ACC000664,CUST01835,BR008,savings,2025-02-28,active
665,ACC000665,CUST00089,BR007,credit,2025-01-28,active
666,ACC000666,CUST00343,BR001,credit,2025-12-06,active
667,ACC000667,CUST01340,BR014,savings,2024-05-21,active
668,ACC000668,CUST01273,BR003,savings,2025-06-29,dormant
669,ACC000669,CUST00240,BR008,credit,2023-08-15,active
670,ACC000670,CUST01216,BR007,credit,2025-12-28,active
671,ACC000671,CUST01109,BR012,savings,2024-12-17,active
672,ACC000672,CUST00365,BR012,credit,2023-02-04,dormant
673,ACC000673,CUST01684,BR012,chequing,2025-03-11,active
674,ACC000674,CUST01426,BR014,savings,2025-12-29,active
675,ACC000675,CUST00350,BR010,savings,2023-07-12,active
676,ACC000676,CUST00918,BR004,savings,2025-11-04,active
677,ACC000677,CUST01825,BR003,savings,2024-10-29,active
678,ACC000678,CUST00559,BR011,savings,2023-01-19,active
679,ACC000679,CUST01512,BR005,chequing,2023-02-16,active
680,ACC000680,CUST01285,BR008,chequing,2025-04-23,active
681,ACC000681,CUST00624,BR002,savings,2025-03-22,active
682,ACC000682,CUST01152,BR001,credit,2025-07-25,active
683,ACC000683,CUST01393,BR008,savings,2024-12-21,active
684,ACC000684,CUST01743,BR010,savings,2025-04-10,active
685,ACC000685,CUST01953,BR009,chequing,2025-10-29,active
686,ACC000686,CUST00231,BR007,savings,2024-05-11,active
687,ACC000687,CUST00939,BR009,credit,2024-12-04,active
688,ACC000688,CUST01502,BR010,credit,2025-12-28,active
689,ACC000689,CUST00780,BR005,credit,2025-12-29,active
690,ACC000690,CUST00594,BR006,chequing,2023-12-08,active
691,ACC000691,CUST01055,BR013,savings,2023-01-21,active
692,ACC000692,CUST00351,BR002,chequing,2023-12-02,active
693,ACC000693,CUST01969,BR008,chequing,2025-03-23,active
694,ACC000694,CUST01133,BR010,chequing,2023-02-07,active
695,ACC000695,CUST00367,BR005,credit,2024-06-01,active
696,ACC000696,CUST00214,BR013,chequing,2023-01-02,active
697,ACC000697,CUST01106,BR010,credit,2024-01-25,closed
698,ACC000698,CUST01648,BR001,savings,2025-09-15,active
699,ACC000699,CUST01669,BR009,credit,2024-04-30,active
700,ACC000700,CUST01510,BR008,savings,2023-08-06,active
701,ACC000701,CUST00852,BR014,chequing,2023-01-30,active
702,ACC000702,CUST01967,BR008,savings,2023-01-27,active
703,ACC000703,CUST00436,BR001,credit,2024-12-07,active
704,ACC000704,CUST01557,BR011,savings,2023-07-28,active
705,ACC000705,CUST01781,BR013,credit,2024-12-29,active
706,ACC000706,CUST00036,BR015,savings,2025-03-04,active
707,ACC000707,CUST01143,BR005,credit,2024-01-28,active
708,ACC000708,CUST01109,BR011,savings,2025-06-03,active
709,ACC000709,CUST00107,BR009,savings,2023-02-09,active
710,ACC000710,CUST01088,BR008,chequing,2025-04-28,closed
711,ACC000711,CUST01646,BR001,chequing,2023-08-20,active
712,ACC000712,CUST00418,BR007,savings,2023-09-09,active
713,ACC000713,CUST00556,BR015,savings,2024-09-12,closed
714,ACC000714,CUST00517,BR003,credit,2023-03-30,active
715,ACC000715,CUST00562,BR011,savings,2025-05-14,active
716,ACC000716,CUST01903,BR007,savings,2023-12-04,active
717,ACC000717,CUST00080,BR007,chequing,2023-09-16,active
718,ACC000718,CUST01865,BR006,credit,2025-06-12,closed
719,ACC000719,CUST00281,BR006,savings,2024-01-01,active
720,ACC000720,CUST01752,BR003,chequing,2023-01-17,active
721,ACC000721,CUST00442,BR015,credit,2024-08-26,active
722,ACC000722,CUST00061,BR005,savings,2024-09-21,active
723,ACC000723,CUST00797,BR005,credit,2024-08-13,active
724,ACC000724,CUST00667,BR006,credit,2024-04-01,active
725,ACC000725,CUST00669,BR003,chequing,2024-04-19,active
726,ACC000726,CUST00641,BR001,savings,2023-06-17,dormant
727,ACC000727,CUST00589,BR006,credit,2024-12-13,active
728,ACC000728,CUST00341,BR012,credit,2023-04-26,active
729,ACC000729,CUST00511,BR007,chequing,2024-01-14,closed
730,ACC000730,CUST01906,BR014,chequing,2025-08-25,active
731,ACC000731,CUST01595,BR011,chequing,2025-08-06,active
732,ACC000732,CUST00872,BR013,savings,2024-05-19,active
733,ACC000733,CUST01139,BR006,credit,2024-10-19,active
734,ACC000734,CUST00351,BR003,credit,2024-09-17,active
735,ACC000735,CUST01724,BR006,chequing,2024-10-02,active
736,ACC000736,CUST00237,BR009,savings,2025-09-28,active
737,ACC000737,CUST00173,BR008,chequing,2023-04-23,active
738,ACC000738,CUST00107,BR009,credit,2023-04-07,active
739,ACC000739,CUST01228,BR002,savings,2025-07-06,active
740,ACC000740,CUST00552,BR008,chequing,2025-01-19,active
741,ACC000741,CUST00731,BR013,chequing,2024-09-01,active
742,ACC000742,CUST01084,BR012,credit,2024-08-28,active
743,ACC000743,CUST01617,BR014,savings,2023-09-01,active
744,ACC000744,CUST00615,BR012,credit,2025-07-29,active
745,ACC000745,CUST00593,BR014,credit,2024-02-21,active
746,ACC000746,CUST00474,BR008,credit,2025-12-30,active
747,ACC000747,CUST00400,BR002,credit,2024-03-21,active
748,ACC000748,CUST01790,BR013,chequing,2024-02-16,active
749,ACC000749,CUST01320,BR009,credit,2024-01-09,active
750,ACC000750,CUST00077,BR009,savings,2025-11-02,active
751,ACC000751,CUST00359,BR013,credit,2023-05-20,active
752,ACC000752,CUST00357,BR008,credit,2025-08-31,active
753,ACC000753,CUST00585,BR014,credit,2025-06-09,active
754,ACC000754,CUST01402,BR002,savings,2024-01-07,active
755,ACC000755,CUST01417,BR005,savings,2024-10-31,active
756,ACC000756,CUST00436,BR015,savings,2024-04-08,active
757,ACC000757,CUST01651,BR013,credit,2023-04-13,active
758,ACC000758,CUST01157,BR014,chequing,2024-12-30,active
759,ACC000759,CUST00980,BR004,savings,2024-07-25,closed
760,ACC000760,CUST01017,BR002,credit,2025-09-08,active
761,ACC000761,CUST00776,BR015,chequing,2025-03-25,active
762,ACC000762,CUST00134,BR005,chequing,2024-03-05,active
763,ACC000763,CUST00280,BR010,credit,2024-06-10,closed
764,ACC000764,CUST01289,BR013,savings,2024-06-20,dormant
765,ACC000765,CUST00700,BR001,credit,2023-03-01,active
766,ACC000766,CUST00230,BR001,credit,2024-11-27,active
767,ACC000767,CUST01183,BR001,credit,2024-04-24,active
768,ACC000768,CUST01401,BR012,savings,2023-12-02,active
769,ACC000769,CUST00175,BR009,credit,2025-04-18,active
770,ACC000770,CUST00595,BR015,savings,2023-12-15,active
771,ACC000771,CUST00799,BR005,credit,2025-11-19,active
772,ACC000772,CUST00610,BR010,credit,2025-07-26,active
773,ACC000773,CUST00898,BR003,credit,2025-01-29,active
774,ACC000774,CUST01823,BR008,savings,2024-12-14,active
775,ACC000775,CUST00259,BR009,credit,2023-08-16,active
776,ACC000776,CUST00106,BR003,chequing,2023-05-27,active
777,ACC000777,CUST01196,BR008,credit,2023-06-01,active
778,ACC000778,CUST00613,BR009,credit,2024-01-20,active
779,ACC000779,CUST01859,BR014,savings,2023-06-17,active
780,ACC000780,CUST01897,BR006,credit,2025-12-19,active
781,ACC000781,CUST01978,BR005,savings,2023-07-22,active
782,ACC000782,CUST01628,BR015,chequing,2025-05-21,active
783,ACC000783,CUST01790,BR003,credit,2025-03-12,dormant
784,ACC000784,CUST00215,BR002,chequing,2024-03-21,active
785,ACC000785,CUST00430,BR009,credit,2024-11-30,active
786,ACC000786,CUST01739,BR009,chequing,2023-06-17,active
787,ACC000787,CUST01249,BR008,credit,2023-06-13,active
788,ACC000788,CUST01877,BR006,credit,2023-01-24,closed
789,ACC000789,CUST00047,BR012,credit,2023-12-08,active
790,ACC000790,CUST00912,BR008,credit,2023-04-07,active
791,ACC000791,CUST00303,BR009,savings,2025-05-16,active
792,ACC000792,CUST00453,BR014,savings,2023-07-03,active
793,ACC000793,CUST01346,BR006,credit,2025-10-30,active
794,ACC000794,CUST00043,BR013,credit,2025-08-09,dormant
795,ACC000795,CUST00025,BR013,credit,2024-10-14,active
796,ACC000796,CUST01379,BR007,chequing,2023-09-06,active
797,ACC000797,CUST00494,BR013,credit,2023-06-13,active
798,ACC000798,CUST01964,BR014,credit,2023-09-15,closed
799,ACC000799,CUST00972,BR005,chequing,2024-10-07,active
800,ACC000800,CUST00499,BR012,savings,2023-03-28,active
801,ACC000801,CUST01414,BR009,savings,2025-12-31,active
802,ACC000802,CUST01753,BR009,credit,2023-09-09,active
803,ACC000803,CUST00672,BR001,chequing,2024-09-05,active
804,ACC000804,CUST00945,BR004,savings,2023-05-23,closed
805,ACC000805,CUST01911,BR012,credit,2025-10-13,active
806,ACC000806,CUST01552,BR007,chequing,2025-06-19,active
807,ACC000807,CUST01414,BR006,credit,2025-04-01,active
808,ACC000808,CUST00429,BR006,chequing,2023-05-04,active
809,ACC000809,CUST01284,BR006,credit,2024-10-20,dormant
810,ACC000810,CUST01539,BR014,savings,2023-07-05,active
811,ACC000811,CUST01958,BR005,savings,2024-05-19,active
812,ACC000812,CUST00685,BR014,savings,2025-02-08,active
813,ACC000813,CUST00999,BR010,chequing,2025-01-01,active
814,ACC000814,CUST01797,BR002,chequing,2025-02-16,active
815,ACC000815,CUST00805,BR011,credit,2023-03-29,active
816,ACC000816,CUST01717,BR009,chequing,2025-08-23,active
817,ACC000817,CUST00936,BR001,chequing,2025-05-13,dormant
818,ACC000818,CUST01332,BR007,savings,2023-01-10,active
819,ACC000819,CUST00511,BR005,chequing,2025-12-03,active
820,ACC000820,CUST01654,BR005,savings,2023-05-21,active
821,ACC000821,CUST01399,BR007,chequing,2023-03-13,closed
822,ACC000822,CUST01277,BR012,savings,2024-10-24,active
823,ACC000823,CUST00420,BR006,credit,2024-09-05,active
824,ACC000824,CUST00544,BR001,savings,2023-09-12,active
825,ACC000825,CUST01371,BR009,credit,2023-01-03,active
826,ACC000826,CUST00439,BR001,savings,2023-10-20,active
827,ACC000827,CUST00428,BR007,chequing,2025-11-08,closed
828,ACC000828,CUST00540,BR011,savings,2024-07-08,active
829,ACC000829,CUST01084,BR013,credit,2024-04-15,active
830,ACC000830,CUST01627,BR004,chequing,2025-04-23,active
831,ACC000831,CUST00092,BR007,savings,2025-04-03,active
832,ACC000832,CUST01549,BR014,credit,2023-01-08,active
833,ACC000833,CUST00355,BR009,credit,2024-07-23,closed
834,ACC000834,CUST01043,BR008,savings,2024-10-17,active
835,ACC000835,CUST00719,BR002,credit,2024-04-30,active
836,ACC000836,CUST01571,BR006,credit,2025-07-18,active
837,ACC000837,CUST01006,BR002,savings,2024-06-28,closed
838,ACC000838,CUST00044,BR011,savings,2023-09-03,active
839,ACC000839,CUST01552,BR007,savings,2023-03-13,active
840,ACC000840,CUST01940,BR004,credit,2025-10-28,active
841,ACC000841,CUST01846,BR002,credit,2025-10-07,active
842,ACC000842,CUST00963,BR008,credit,2025-01-05,dormant
843,ACC000843,CUST00456,BR012,chequing,2024-03-15,active
844,ACC000844,CUST01559,BR008,savings,2023-01-29,active
845,ACC000845,CUST00194,BR004,credit,2023-01-18,active
846,ACC000846,CUST01276,BR015,chequing,2024-12-15,active
847,ACC000847,CUST01692,BR011,savings,2023-02-17,active
848,ACC000848,CUST00262,BR007,chequing,2024-12-15,active
849,ACC000849,CUST00342,BR001,savings,2023-05-19,active
850,ACC000850,CUST00349,BR014,chequing,2023-06-24,active
851,ACC000851,CUST01484,BR011,savings,2025-07-11,active
852,ACC000852,CUST00015,BR005,savings,2023-05-16,active
853,ACC000853,CUST01449,BR012,savings,2024-07-11,active
854,ACC000854,CUST00441,BR003,savings,2025-01-30,dormant
855,ACC000855,CUST00492,BR014,credit,2023-06-04,active
856,ACC000856,CUST00989,BR012,credit,2024-09-25,active
857,ACC000857,CUST01300,BR015,chequing,2023-10-23,active
858,ACC000858,CUST01115,BR008,chequing,2025-08-30,active
859,ACC000859,CUST00799,BR005,credit,2025-04-13,active
860,ACC000860,CUST00364,BR006,chequing,2025-10-12,active
861,ACC000861,CUST01625,BR003,chequing,2024-08-16,active
862,ACC000862,CUST01705,BR015,credit,2024-03-14,active
863,ACC000863,CUST00205,BR002,credit,2023-04-16,active
864,ACC000864,CUST00626,BR007,credit,2025-06-02,active
865,ACC000865,CUST00782,BR004,chequing,2025-08-30,active
866,ACC000866,CUST01119,BR007,savings,2023-12-14,active
867,ACC000867,CUST01905,BR003,chequing,2023-03-07,active
868,ACC000868,CUST01597,BR013,chequing,2025-03-11,closed
869,ACC000869,CUST00849,BR012,chequing,2023-05-24,active
870,ACC000870,CUST00403,BR007,credit,2023-03-05,active
871,ACC000871,CUST00953,BR008,credit,2024-10-03,active
872,ACC000872,CUST00197,BR008,chequing,2023-10-07,active
873,ACC000873,CUST01635,BR010,chequing,2023-02-23,active
874,ACC000874,CUST00443,BR010,savings,2023-07-03,active
875,ACC000875,CUST01595,BR001,credit,2025-07-13,active
876,ACC000876,CUST00192,BR002,chequing,2025-02-18,active
877,ACC000877,CUST01523,BR009,savings,2023-06-04,active
878,ACC000878,CUST01016,BR003,chequing,2023-09-03,active
879,ACC000879,CUST01687,BR005,savings,2024-07-26,active
880,ACC000880,CUST01623,BR002,savings,2023-08-16,active
881,ACC000881,CUST01121,BR013,chequing,2025-08-28,active
882,ACC000882,CUST00932,BR005,savings,2024-05-16,active
883,ACC000883,CUST00297,BR014,chequing,2024-09-09,active
884,ACC000884,CUST01611,BR015,chequing,2024-01-12,active
885,ACC000885,CUST00191,BR011,savings,2023-02-01,active
886,ACC000886,CUST00371,BR004,credit,2024-07-06,active
887,ACC000887,CUST00291,BR012,credit,2023-02-04,active
888,ACC000888,CUST00625,BR012,savings,2025-08-29,closed
889,ACC000889,CUST00770,BR010,chequing,2024-03-02,active
890,ACC000890,CUST00862,BR011,credit,2024-12-24,active
891,ACC000891,CUST00461,BR015,chequing,2025-08-21,active
892,ACC000892,CUST01335,BR008,credit,2024-09-06,active
893,ACC000893,CUST00050,BR011,chequing,2024-07-07,closed
894,ACC000894,CUST01695,BR012,savings,2024-12-19,active
895,ACC000895,CUST00076,BR003,chequing,2023-08-06,active
896,ACC000896,CUST00227,BR006,credit,2023-07-06,active
897,ACC000897,CUST00881,BR009,savings,2024-08-07,active
898,ACC000898,CUST01644,BR009,savings,2024-06-06,active
899,ACC000899,CUST00877,BR013,credit,2025-05-12,active
900,ACC000900,CUST00950,BR007,chequing,2023-01-20,active
901,ACC000901,CUST00552,BR005,savings,2024-06-14,active
902,ACC000902,CUST01535,BR004,savings,2023-07-01,dormant
903,ACC000903,CUST00225,BR010,chequing,2025-10-01,active
904,ACC000904,CUST01734,BR010,chequing,2023-06-25,active
905,ACC000905,CUST00090,BR001,savings,2025-12-19,closed
906,ACC000906,CUST01574,BR015,chequing,2025-03-15,active
907,ACC000907,CUST01496,BR011,chequing,2024-02-09,active
908,ACC000908,CUST00472,BR005,credit,2024-07-04,active
909,ACC000909,CUST00554,BR008,chequing,2025-10-29,active
910,ACC000910,CUST00459,BR010,credit,2025-04-20,active
911,ACC000911,CUST00885,BR003,chequing,2023-01-20,active
912,ACC000912,CUST00341,BR004,credit,2025-10-03,active
913,ACC000913,CUST01521,BR003,chequing,2025-01-05,closed
914,ACC000914,CUST00004,BR015,chequing,2024-03-22,active
915,ACC000915,CUST00043,BR001,credit,2025-11-28,active
916,ACC000916,CUST01625,BR005,credit,2025-04-05,active
917,ACC000917,CUST01216,BR002,credit,2023-01-10,active
918,ACC000918,CUST01068,BR010,credit,2023-07-04,active
919,ACC000919,CUST00244,BR007,chequing,2023-02-17,active
920,ACC000920,CUST01753,BR014,chequing,2025-02-26,active
921,ACC000921,CUST01519,BR011,chequing,2024-04-26,active
922,ACC000922,CUST01013,BR004,savings,2025-12-25,closed
923,ACC000923,CUST01183,BR012,savings,2023-04-02,active
924,ACC000924,CUST01110,BR013,credit,2024-11-20,active
925,ACC000925,CUST01726,BR002,credit,2025-05-20,active
926,ACC000926,CUST00529,BR007,chequing,2023-03-25,active
927,ACC000927,CUST01887,BR010,credit,2025-11-20,active
928,ACC000928,CUST00449,BR004,savings,2023-09-01,closed
929,ACC000929,CUST01481,BR014,chequing,2025-07-01,active
930,ACC000930,CUST00197,BR009,chequing,2024-10-13,active
931,ACC000931,CUST01238,BR009,credit,2025-01-26,active
932,ACC000932,CUST00676,BR009,chequing,2024-09-24,active
933,ACC000933,CUST00038,BR004,credit,2024-06-16,active
934,ACC000934,CUST01362,BR001,chequing,2025-01-13,active
935,ACC000935,CUST01562,BR004,savings,2025-04-25,active
936,ACC000936,CUST00915,BR006,savings,2024-05-27,active
937,ACC000937,CUST01824,BR012,savings,2025-04-08,active
938,ACC000938,CUST00304,BR012,chequing,2023-07-15,active
939,ACC000939,CUST00283,BR005,credit,2023-02-02,active
940,ACC000940,CUST01447,BR013,credit,2023-07-07,active
941,ACC000941,CUST00312,BR015,chequing,2024-03-31,active
942,ACC000942,CUST01222,BR015,savings,2023-01-03,active
943,ACC000943,CUST01825,BR007,chequing,2023-03-10,active
944,ACC000944,CUST01026,BR015,chequing,2025-10-14,active
945,ACC000945,CUST00666,BR015,chequing,2025-08-15,active
946,ACC000946,CUST01870,BR006,credit,2024-01-30,active
947,ACC000947,CUST00328,BR015,chequing,2024-12-06,dormant
948,ACC000948,CUST00036,BR001,savings,2023-06-28,active
949,ACC000949,CUST00194,BR013,credit,2023-10-13,active
950,ACC000950,CUST00680,BR002,credit,2023-08-26,active
951,ACC000951,CUST01922,BR002,credit,2023-12-28,active
952,ACC000952,CUST01996,BR006,savings,2023-02-06,active
953,ACC000953,CUST01775,BR015,savings,2023-08-23,closed
954,ACC000954,CUST00125,BR008,credit,2023-12-21,active
955,ACC000955,CUST00542,BR007,savings,2023-02-18,active
956,ACC000956,CUST00262,BR009,chequing,2025-12-05,active
957,ACC000957,CUST00178,BR001,chequing,2023-12-26,active
958,ACC000958,CUST01852,BR003,credit,2025-05-24,active
959,ACC000959,CUST00184,BR003,chequing,2024-06-25,closed
960,ACC000960,CUST01465,BR006,chequing,2025-10-16,active
961,ACC000961,CUST00892,BR013,savings,2024-04-04,dormant
962,ACC000962,CUST01581,BR015,credit,2024-06-13,active
963,ACC000963,CUST01486,BR001,savings,2023-12-30,closed
964,ACC000964,CUST00901,BR007,chequing,2024-09-06,active
965,ACC000965,CUST01980,BR001,chequing,2023-06-30,active
966,ACC000966,CUST00015,BR006,savings,2024-02-24,dormant
967,ACC000967,CUST00634,BR008,chequing,2024-06-15,active
968,ACC000968,CUST01144,BR007,chequing,2025-10-02,dormant
969,ACC000969,CUST01096,BR003,chequing,2024-10-12,active
970,ACC000970,CUST01535,BR011,chequing,2025-07-28,active
971,ACC000971,CUST00376,BR007,savings,2023-01-08,active
972,ACC000972,CUST01736,BR007,credit,2025-03-04,closed
973,ACC000973,CUST01909,BR012,savings,2023-11-09,closed
974,ACC000974,CUST00566,BR002,credit,2025-06-24,closed
975,ACC000975,CUST00838,BR014,credit,2025-06-24,active
976,ACC000976,CUST01730,BR005,credit,2024-08-23,active
977,ACC000977,CUST01700,BR002,credit,2023-11-23,active
978,ACC000978,CUST01309,BR004,savings,2023-01-31,active
979,ACC000979,CUST01997,BR015,chequing,2025-11-11,active
980,ACC000980,CUST01159,BR008,savings,2023-10-26,active
981,ACC000981,CUST00642,BR014,savings,2024-03-05,active
982,ACC000982,CUST00630,BR012,savings,2025-02-13,active
983,ACC000983,CUST01941,BR002,chequing,2023-06-27,active
984,ACC000984,CUST01305,BR007,savings,2024-12-30,active
985,ACC000985,CUST00526,BR010,chequing,2023-02-05,dormant
986,ACC000986,CUST01352,BR012,savings,2024-08-02,active
987,ACC000987,CUST00181,BR013,chequing,2023-07-27,active
988,ACC000988,CUST01255,BR008,chequing,2023-06-14,active
989,ACC000989,CUST00950,BR004,chequing,2025-05-28,active
990,ACC000990,CUST00462,BR006,credit,2024-08-11,active
991,ACC000991,CUST01770,BR009,chequing,2023-05-13,active
992,ACC000992,CUST00568,BR010,savings,2023-02-17,dormant
993,ACC000993,CUST00830,BR005,chequing,2024-12-12,active
994,ACC000994,CUST01673,BR002,chequing,2024-01-08,active
995,ACC000995,CUST01670,BR015,savings,2024-09-28,active
996,ACC000996,CUST01536,BR005,chequing,2024-01-17,active
997,ACC000997,CUST00061,BR002,credit,2025-04-02,active
998,ACC000998,CUST01252,BR012,credit,2025-05-18,active
999,ACC000999,CUST01938,BR004,savings,2023-10-19,active
1000,ACC001000,CUST01496,BR011,credit,2025-02-27,active
1001,ACC001001,CUST00120,BR004,chequing,2023-05-08,dormant
1002,ACC001002,CUST00413,BR002,credit,2025-07-03,active
1003,ACC001003,CUST01213,BR010,credit,2023-04-12,active
1004,ACC001004,CUST01654,BR005,chequing,2023-01-28,active
1005,ACC001005,CUST01883,BR015,savings,2023-08-28,active
1006,ACC001006,CUST01537,BR012,savings,2023-07-22,active
1007,ACC001007,CUST00956,BR013,credit,2025-04-29,active
1008,ACC001008,CUST01535,BR002,credit,2025-03-05,closed
1009,ACC001009,CUST00319,BR013,savings,2023-04-15,active
1010,ACC001010,CUST00530,BR002,credit,2024-08-06,active
1011,ACC001011,CUST01303,BR008,credit,2024-11-04,closed
1012,ACC001012,CUST01887,BR001,credit,2023-09-04,active
1013,ACC001013,CUST01963,BR008,savings,2024-04-02,active
1014,ACC001014,CUST00340,BR012,chequing,2023-02-16,active
1015,ACC001015,CUST00341,BR009,credit,2025-06-27,active
1016,ACC001016,CUST00008,BR008,chequing,2025-08-16,active
1017,ACC001017,CUST00116,BR012,chequing,2025-08-16,active
1018,ACC001018,CUST00851,BR002,savings,2023-02-26,active
1019,ACC001019,CUST01049,BR002,credit,2025-08-20,dormant
1020,ACC001020,CUST00317,BR003,chequing,2025-02-25,active
1021,ACC001021,CUST01005,BR013,chequing,2024-02-10,active
1022,ACC001022,CUST01716,BR004,chequing,2025-07-05,closed
1023,ACC001023,CUST01147,BR014,chequing,2023-01-15,active
1024,ACC001024,CUST00588,BR009,chequing,2025-01-20,active
1025,ACC001025,CUST00954,BR014,credit,2023-03-06,active
1026,ACC001026,CUST01334,BR005,credit,2024-08-23,active
1027,ACC001027,CUST01573,BR003,chequing,2025-03-20,dormant
1028,ACC001028,CUST00333,BR014,chequing,2025-03-11,active
1029,ACC001029,CUST01617,BR007,credit,2025-02-22,active
1030,ACC001030,CUST01735,BR008,savings,2025-03-26,active
1031,ACC001031,CUST00041,BR007,savings,2024-12-31,active
1032,ACC001032,CUST01270,BR012,chequing,2024-05-18,active
1033,ACC001033,CUST01873,BR015,savings,2023-10-18,active
1034,ACC001034,CUST00113,BR012,chequing,2025-04-12,closed
1035,ACC001035,CUST01687,BR003,savings,2023-05-29,active
1036,ACC001036,CUST01901,BR001,chequing,2024-02-09,active
1037,ACC001037,CUST01928,BR014,credit,2025-12-06,active
1038,ACC001038,CUST01829,BR013,chequing,2024-07-31,active
1039,ACC001039,CUST01440,BR012,credit,2023-08-19,active
1040,ACC001040,CUST01773,BR004,credit,2023-10-08,active
1041,ACC001041,CUST01752,BR005,credit,2023-05-16,active
1042,ACC001042,CUST00021,BR005,chequing,2025-05-20,active
1043,ACC001043,CUST01658,BR002,chequing,2024-10-09,closed
1044,ACC001044,CUST00096,BR003,chequing,2025-01-24,closed
1045,ACC001045,CUST00773,BR008,credit,2025-01-16,active
1046,ACC001046,CUST01463,BR009,savings,2024-08-18,active
1047,ACC001047,CUST01627,BR004,chequing,2024-11-06,active
1048,ACC001048,CUST01127,BR002,chequing,2023-01-07,active
1049,ACC001049,CUST01680,BR002,savings,2025-10-18,active
1050,ACC001050,CUST01575,BR003,savings,2025-11-01,active
1051,ACC001051,CUST01199,BR013,savings,2023-09-08,active
1052,ACC001052,CUST00506,BR009,savings,2024-10-19,active
1053,ACC001053,CUST01873,BR014,chequing,2023-10-08,active
1054,ACC001054,CUST00157,BR015,savings,2025-10-06,active
1055,ACC001055,CUST00202,BR003,chequing,2025-02-01,active
1056,ACC001056,CUST01020,BR009,chequing,2024-11-30,active
1057,ACC001057,CUST00317,BR007,credit,2023-04-04,active
1058,ACC001058,CUST01664,BR010,savings,2023-11-26,active
1059,ACC001059,CUST00786,BR001,chequing,2024-08-28,active
1060,ACC001060,CUST00892,BR013,credit,2025-01-27,active
1061,ACC001061,CUST00866,BR013,savings,2025-08-17,active
1062,ACC001062,CUST00734,BR002,savings,2023-07-28,active
1063,ACC001063,CUST00417,BR001,credit,2025-08-07,active
1064,ACC001064,CUST00787,BR013,savings,2025-09-11,active
1065,ACC001065,CUST01314,BR013,chequing,2025-09-12,active
1066,ACC001066,CUST00126,BR004,chequing,2025-09-23,active
1067,ACC001067,CUST00468,BR009,chequing,2024-01-16,closed
1068,ACC001068,CUST00608,BR014,chequing,2024-09-09,active
1069,ACC001069,CUST00665,BR012,savings,2024-01-06,active
1070,ACC001070,CUST00332,BR010,chequing,2024-11-11,active
1071,ACC001071,CUST01540,BR007,credit,2025-12-17,active
1072,ACC001072,CUST00303,BR015,savings,2024-01-16,active
1073,ACC001073,CUST01708,BR005,chequing,2025-07-07,active
1074,ACC001074,CUST00514,BR003,chequing,2025-07-01,active
1075,ACC001075,CUST00773,BR011,chequing,2023-10-22,active
1076,ACC001076,CUST00139,BR014,credit,2024-02-27,closed
1077,ACC001077,CUST00427,BR012,credit,2025-04-01,active
1078,ACC001078,CUST01417,BR003,savings,2023-09-14,active
1079,ACC001079,CUST01084,BR007,credit,2025-10-29,active
1080,ACC001080,CUST01244,BR001,savings,2023-03-03,active
1081,ACC001081,CUST01059,BR015,credit,2025-03-16,active
1082,ACC001082,CUST00479,BR003,chequing,2024-11-16,active
1083,ACC001083,CUST01593,BR004,savings,2023-01-13,active
1084,ACC001084,CUST00053,BR011,credit,2023-10-24,active
1085,ACC001085,CUST01184,BR007,credit,2023-06-21,dormant
1086,ACC001086,CUST00671,BR010,savings,2025-05-28,dormant
1087,ACC001087,CUST01591,BR001,savings,2024-01-28,active
1088,ACC001088,CUST01512,BR006,savings,2025-07-11,active
1089,ACC001089,CUST00971,BR009,credit,2025-08-06,active
1090,ACC001090,CUST00695,BR006,savings,2023-11-22,active
1091,ACC001091,CUST00158,BR010,credit,2023-02-26,active
1092,ACC001092,CUST01601,BR009,savings,2023-10-29,active
1093,ACC001093,CUST00977,BR004,savings,2023-09-24,active
1094,ACC001094,CUST00423,BR003,chequing,2023-12-27,active
1095,ACC001095,CUST01318,BR003,savings,2023-07-31,active
1096,ACC001096,CUST00154,BR014,savings,2025-01-29,active
1097,ACC001097,CUST01004,BR007,credit,2023-09-05,dormant
1098,ACC001098,CUST00219,BR007,chequing,2023-04-28,active
1099,ACC001099,CUST00323,BR010,credit,2025-01-31,active
1100,ACC001100,CUST00550,BR014,credit,2025-04-07,active
1101,ACC001101,CUST00477,BR001,savings,2023-12-26,closed
1102,ACC001102,CUST01712,BR007,credit,2023-01-17,active
1103,ACC001103,CUST01755,BR013,chequing,2024-01-19,active
1104,ACC001104,CUST00370,BR012,savings,2023-01-29,active
1105,ACC001105,CUST01824,BR005,chequing,2025-03-25,active
1106,ACC001106,CUST01698,BR002,chequing,2025-05-14,active
1107,ACC001107,CUST01779,BR002,savings,2025-08-09,closed
1108,ACC001108,CUST01556,BR001,chequing,2023-06-14,active
1109,ACC001109,CUST00398,BR008,chequing,2024-12-02,active
1110,ACC001110,CUST01928,BR001,savings,2024-02-11,active
1111,ACC001111,CUST00847,BR014,savings,2024-01-11,active
1112,ACC001112,CUST00573,BR007,credit,2024-04-03,closed
1113,ACC001113,CUST01768,BR013,savings,2023-11-24,active
1114,ACC001114,CUST01603,BR008,savings,2024-05-09,closed
1115,ACC001115,CUST00011,BR009,chequing,2023-03-08,active
1116,ACC001116,CUST01549,BR015,savings,2024-06-16,active
1117,ACC001117,CUST01805,BR006,credit,2024-10-27,active
1118,ACC001118,CUST01237,BR004,credit,2024-04-05,active
1119,ACC001119,CUST01436,BR003,savings,2024-01-05,active
1120,ACC001120,CUST00179,BR003,credit,2023-08-30,active
1121,ACC001121,CUST00456,BR006,credit,2023-04-08,active
1122,ACC001122,CUST01582,BR010,savings,2023-05-02,active
1123,ACC001123,CUST00882,BR012,savings,2025-07-15,active
1124,ACC001124,CUST00679,BR014,chequing,2025-07-18,closed
1125,ACC001125,CUST01133,BR011,savings,2024-12-29,dormant
1126,ACC001126,CUST01205,BR008,savings,2025-02-04,active
1127,ACC001127,CUST01481,BR001,credit,2025-06-09,active
1128,ACC001128,CUST00006,BR007,credit,2025-10-11,dormant
1129,ACC001129,CUST01544,BR007,chequing,2023-12-14,active
1130,ACC001130,CUST00021,BR011,credit,2023-07-31,active
1131,ACC001131,CUST01726,BR014,chequing,2023-04-06,active
1132,ACC001132,CUST01581,BR002,savings,2024-09-04,closed
1133,ACC001133,CUST00488,BR010,chequing,2024-07-26,active
1134,ACC001134,CUST01173,BR015,chequing,2024-04-06,active
1135,ACC001135,CUST00322,BR006,chequing,2024-05-21,active
1136,ACC001136,CUST00014,BR003,chequing,2025-01-02,active
1137,ACC001137,CUST00316,BR013,savings,2024-11-09,active
1138,ACC001138,CUST01994,BR001,chequing,2024-04-08,dormant
1139,ACC001139,CUST00581,BR006,credit,2023-03-10,active
1140,ACC001140,CUST00830,BR010,credit,2024-08-06,active
1141,ACC001141,CUST00427,BR010,chequing,2024-05-17,active
1142,ACC001142,CUST00333,BR005,chequing,2025-03-18,closed
1143,ACC001143,CUST01213,BR007,chequing,2023-01-15,active
1144,ACC001144,CUST00055,BR006,credit,2024-04-17,active
1145,ACC001145,CUST01704,BR013,savings,2024-07-07,active
1146,ACC001146,CUST01802,BR010,chequing,2025-06-28,active
1147,ACC001147,CUST01539,BR010,savings,2024-10-03,closed
1148,ACC001148,CUST01253,BR010,credit,2023-10-02,dormant
1149,ACC001149,CUST00242,BR003,chequing,2025-10-13,active
1150,ACC001150,CUST00155,BR008,savings,2024-09-24,active
1151,ACC001151,CUST00570,BR003,chequing,2023-01-31,active
1152,ACC001152,CUST01220,BR013,savings,2023-07-10,active
1153,ACC001153,CUST01847,BR008,savings,2023-07-20,active
1154,ACC001154,CUST00371,BR007,savings,2023-06-05,active
1155,ACC001155,CUST00205,BR008,savings,2024-04-20,active
1156,ACC001156,CUST00263,BR007,savings,2025-08-27,active
1157,ACC001157,CUST01368,BR014,credit,2025-03-27,active
1158,ACC001158,CUST00211,BR015,chequing,2023-02-22,closed
1159,ACC001159,CUST00872,BR002,savings,2024-04-13,active
1160,ACC001160,CUST01170,BR010,chequing,2025-12-27,closed
1161,ACC001161,CUST00646,BR014,chequing,2024-07-07,active
1162,ACC001162,CUST00341,BR012,chequing,2023-05-09,active
1163,ACC001163,CUST00472,BR014,savings,2024-12-27,active
1164,ACC001164,CUST00193,BR005,chequing,2023-10-13,active
1165,ACC001165,CUST01311,BR002,savings,2024-05-01,active
1166,ACC001166,CUST00102,BR009,savings,2025-09-20,closed
1167,ACC001167,CUST00945,BR011,chequing,2024-06-18,active
1168,ACC001168,CUST01995,BR003,savings,2024-05-29,closed
1169,ACC001169,CUST00315,BR002,credit,2024-04-28,active
1170,ACC001170,CUST00521,BR011,credit,2024-10-20,active
1171,ACC001171,CUST01106,BR013,chequing,2024-01-05,active
1172,ACC001172,CUST01985,BR001,savings,2025-09-16,active
1173,ACC001173,CUST00884,BR008,credit,2025-02-21,active
1174,ACC001174,CUST00407,BR004,chequing,2023-12-15,active
1175,ACC001175,CUST01144,BR007,savings,2023-07-15,active
1176,ACC001176,CUST01265,BR001,chequing,2024-11-27,active
1177,ACC001177,CUST01112,BR011,savings,2025-06-06,active
1178,ACC001178,CUST01810,BR009,savings,2025-10-28,active
1179,ACC001179,CUST00736,BR012,credit,2025-12-22,active
1180,ACC001180,CUST01514,BR009,chequing,2024-10-18,active
1181,ACC001181,CUST01456,BR013,savings,2023-10-04,active
1182,ACC001182,CUST00353,BR001,credit,2025-11-06,active
1183,ACC001183,CUST00988,BR003,credit,2023-12-11,active
1184,ACC001184,CUST01893,BR004,credit,2024-10-15,active
1185,ACC001185,CUST00165,BR013,credit,2025-03-13,active
1186,ACC001186,CUST00326,BR003,chequing,2024-12-18,active
1187,ACC001187,CUST00218,BR009,chequing,2024-12-23,active
1188,ACC001188,CUST01360,BR015,credit,2025-04-10,active
1189,ACC001189,CUST01809,BR005,savings,2023-12-19,active
1190,ACC001190,CUST00387,BR010,savings,2024-01-05,active
1191,ACC001191,CUST00186,BR014,chequing,2023-11-29,active
1192,ACC001192,CUST00561,BR002,savings,2023-12-25,active
1193,ACC001193,CUST01614,BR001,credit,2025-05-05,active
1194,ACC001194,CUST01703,BR012,savings,2023-03-23,active
1195,ACC001195,CUST00817,BR001,savings,2024-12-02,active
1196,ACC001196,CUST00108,BR010,savings,2025-05-31,active
1197,ACC001197,CUST00137,BR008,savings,2023-03-22,active
1198,ACC001198,CUST00475,BR010,chequing,2023-04-13,active
1199,ACC001199,CUST00173,BR010,chequing,2024-05-18,active
1200,ACC001200,CUST00412,BR009,credit,2023-12-30,active
1201,ACC001201,CUST00611,BR014,savings,2023-07-11,active
1202,ACC001202,CUST01213,BR004,savings,2023-01-12,active
1203,ACC001203,CUST00860,BR001,credit,2023-10-22,active
1204,ACC001204,CUST01350,BR001,savings,2025-03-30,active
1205,ACC001205,CUST00228,BR015,credit,2025-05-06,active
1206,ACC001206,CUST00113,BR008,savings,2023-09-23,active
1207,ACC001207,CUST00448,BR012,credit,2024-12-25,active
1208,ACC001208,CUST01173,BR006,chequing,2025-08-06,active
1209,ACC001209,CUST00556,BR007,chequing,2025-06-29,active
1210,ACC001210,CUST01350,BR003,chequing,2023-08-16,active
1211,ACC001211,CUST01777,BR015,chequing,2025-04-20,active
1212,ACC001212,CUST01317,BR015,credit,2024-06-14,active
1213,ACC001213,CUST00191,BR007,savings,2023-10-09,closed
1214,ACC001214,CUST01466,BR002,savings,2024-12-15,active
1215,ACC001215,CUST01674,BR005,chequing,2024-02-07,active
1216,ACC001216,CUST00951,BR008,credit,2025-03-06,active
1217,ACC001217,CUST00977,BR007,chequing,2025-05-14,closed
1218,ACC001218,CUST00427,BR013,savings,2024-08-21,active
1219,ACC001219,CUST01997,BR001,savings,2025-05-27,active
1220,ACC001220,CUST00970,BR006,savings,2023-07-24,active
1221,ACC001221,CUST00904,BR001,chequing,2025-10-09,active
1222,ACC001222,CUST01157,BR004,chequing,2024-09-05,active
1223,ACC001223,CUST00085,BR015,chequing,2024-08-10,active
1224,ACC001224,CUST00912,BR005,savings,2024-07-01,active
1225,ACC001225,CUST01017,BR003,chequing,2024-07-04,active
1226,ACC001226,CUST01600,BR006,chequing,2025-10-23,active
1227,ACC001227,CUST01173,BR005,savings,2023-01-23,active
1228,ACC001228,CUST01791,BR005,credit,2025-01-27,active
1229,ACC001229,CUST00776,BR014,chequing,2025-05-06,active
1230,ACC001230,CUST00085,BR005,credit,2025-08-15,active
1231,ACC001231,CUST01057,BR007,credit,2024-06-29,active
1232,ACC001232,CUST00025,BR001,credit,2024-11-25,active
1233,ACC001233,CUST01791,BR006,credit,2024-10-02,active
1234,ACC001234,CUST01933,BR005,chequing,2023-07-07,active
1235,ACC001235,CUST00571,BR004,savings,2023-02-02,active
1236,ACC001236,CUST00067,BR010,chequing,2025-09-03,active
1237,ACC001237,CUST00537,BR011,savings,2023-04-13,active
1238,ACC001238,CUST01734,BR011,credit,2025-04-20,active
1239,ACC001239,CUST00602,BR004,savings,2025-10-31,dormant
1240,ACC001240,CUST01071,BR005,savings,2024-03-10,active
1241,ACC001241,CUST00812,BR012,savings,2023-06-18,active
1242,ACC001242,CUST00925,BR014,credit,2024-12-20,closed
1243,ACC001243,CUST00526,BR015,savings,2025-08-15,active
1244,ACC001244,CUST01796,BR007,chequing,2025-04-07,active
1245,ACC001245,CUST01658,BR015,chequing,2025-01-23,active
1246,ACC001246,CUST01807,BR012,chequing,2025-11-29,active
1247,ACC001247,CUST01060,BR012,credit,2023-03-10,closed
1248,ACC001248,CUST00306,BR008,savings,2023-12-08,active
1249,ACC001249,CUST00226,BR001,credit,2024-09-22,active
1250,ACC001250,CUST01429,BR008,credit,2025-02-27,active
1251,ACC001251,CUST02000,BR004,savings,2025-04-23,active
1252,ACC001252,CUST00878,BR001,savings,2023-03-16,active
1253,ACC001253,CUST00508,BR008,savings,2025-05-20,active
1254,ACC001254,CUST00504,BR004,chequing,2025-03-22,active
1255,ACC001255,CUST00902,BR011,chequing,2023-02-15,active
1256,ACC001256,CUST00965,BR012,chequing,2023-10-05,active
1257,ACC001257,CUST00376,BR007,savings,2025-08-31,closed
1258,ACC001258,CUST01316,BR005,chequing,2023-02-03,active
1259,ACC001259,CUST00926,BR009,credit,2025-11-04,active
1260,ACC001260,CUST00447,BR009,savings,2023-04-06,active
1261,ACC001261,CUST01539,BR004,credit,2025-04-29,active
1262,ACC001262,CUST01393,BR014,chequing,2025-11-20,active
1263,ACC001263,CUST01779,BR014,credit,2025-09-13,dormant
1264,ACC001264,CUST00050,BR012,savings,2024-10-22,active
1265,ACC001265,CUST01729,BR011,credit,2024-09-11,active
1266,ACC001266,CUST00285,BR014,chequing,2025-07-21,active
1267,ACC001267,CUST01327,BR014,credit,2025-05-15,active
1268,ACC001268,CUST01567,BR002,credit,2025-04-02,active
1269,ACC001269,CUST00907,BR001,savings,2025-03-11,active
1270,ACC001270,CUST01719,BR001,chequing,2025-04-03,active
1271,ACC001271,CUST01184,BR015,credit,2023-01-31,active
1272,ACC001272,CUST01933,BR013,credit,2023-12-30,active
1273,ACC001273,CUST01043,BR014,credit,2023-06-14,active
1274,ACC001274,CUST01161,BR014,credit,2023-11-24,active
1275,ACC001275,CUST01151,BR003,savings,2024-10-23,dormant
1276,ACC001276,CUST01576,BR004,chequing,2025-08-07,active
1277,ACC001277,CUST01511,BR015,chequing,2025-12-29,active
1278,ACC001278,CUST01701,BR005,credit,2024-06-21,active
1279,ACC001279,CUST01203,BR005,chequing,2023-03-03,active
1280,ACC001280,CUST01425,BR010,credit,2024-04-25,dormant
1281,ACC001281,CUST00179,BR011,chequing,2024-10-31,active
1282,ACC001282,CUST01311,BR010,credit,2023-02-09,active
1283,ACC001283,CUST00735,BR013,credit,2025-05-07,active
1284,ACC001284,CUST00780,BR010,chequing,2023-05-11,active
1285,ACC001285,CUST01679,BR009,savings,2024-01-24,active
1286,ACC001286,CUST00530,BR010,credit,2023-11-29,dormant
1287,ACC001287,CUST00557,BR004,credit,2025-11-15,active
1288,ACC001288,CUST00570,BR011,chequing,2023-04-22,active
1289,ACC001289,CUST01604,BR014,credit,2023-06-04,active
1290,ACC001290,CUST01104,BR002,savings,2025-08-23,active
1291,ACC001291,CUST01900,BR001,savings,2025-02-10,dormant
1292,ACC001292,CUST00556,BR011,chequing,2023-08-22,active
1293,ACC001293,CUST01322,BR009,credit,2023-04-17,active
1294,ACC001294,CUST01333,BR014,savings,2023-10-18,closed
1295,ACC001295,CUST01340,BR009,chequing,2024-11-03,active
1296,ACC001296,CUST01925,BR008,chequing,2023-08-23,active
1297,ACC001297,CUST01919,BR010,chequing,2025-04-24,active
1298,ACC001298,CUST00088,BR008,chequing,2024-02-21,active
1299,ACC001299,CUST01289,BR009,chequing,2025-11-26,active
1300,ACC001300,CUST01774,BR014,chequing,2025-07-19,active
1301,ACC001301,CUST00308,BR009,chequing,2025-04-29,active
1302,ACC001302,CUST01334,BR014,savings,2024-09-04,active
1303,ACC001303,CUST00669,BR013,chequing,2023-02-09,active
1304,ACC001304,CUST01058,BR009,credit,2024-11-25,dormant
1305,ACC001305,CUST00377,BR011,credit,2025-08-14,active
1306,ACC001306,CUST00182,BR002,savings,2023-01-05,active
1307,ACC001307,CUST01214,BR011,chequing,2025-02-27,closed
1308,ACC001308,CUST00352,BR013,savings,2025-04-11,active
1309,ACC001309,CUST00032,BR009,chequing,2025-12-22,active
1310,ACC001310,CUST00035,BR004,credit,2023-09-03,active
1311,ACC001311,CUST01302,BR013,chequing,2025-05-12,active
1312,ACC001312,CUST01846,BR015,savings,2024-07-28,active
1313,ACC001313,CUST00668,BR013,credit,2025-02-20,active
1314,ACC001314,CUST00377,BR011,savings,2024-11-15,dormant
1315,ACC001315,CUST01394,BR014,savings,2023-01-13,active
1316,ACC001316,CUST00023,BR012,credit,2024-08-27,active
1317,ACC001317,CUST01906,BR011,chequing,2024-09-02,active
1318,ACC001318,CUST01796,BR006,chequing,2025-04-15,active
1319,ACC001319,CUST01200,BR002,chequing,2024-04-01,active
1320,ACC001320,CUST00510,BR001,chequing,2024-06-29,active
1321,ACC001321,CUST00830,BR014,credit,2023-05-01,active
1322,ACC001322,CUST00772,BR011,savings,2023-01-02,active
1323,ACC001323,CUST01545,BR005,chequing,2025-02-07,active
1324,ACC001324,CUST01730,BR013,credit,2024-09-23,active
1325,ACC001325,CUST00727,BR004,credit,2025-05-20,active
1326,ACC001326,CUST01544,BR002,credit,2025-12-27,active
1327,ACC001327,CUST01618,BR006,savings,2023-02-03,dormant
1328,ACC001328,CUST01790,BR007,credit,2024-07-11,active
1329,ACC001329,CUST01841,BR009,credit,2023-10-28,active
1330,ACC001330,CUST01791,BR012,credit,2025-07-14,dormant
1331,ACC001331,CUST00510,BR009,savings,2024-07-20,closed
1332,ACC001332,CUST00820,BR007,chequing,2024-02-09,dormant
1333,ACC001333,CUST00473,BR007,chequing,2025-02-19,active
1334,ACC001334,CUST00950,BR010,credit,2025-12-19,active
1335,ACC001335,CUST01199,BR002,chequing,2025-02-02,active
1336,ACC001336,CUST01162,BR014,savings,2023-12-23,active
1337,ACC001337,CUST00104,BR005,chequing,2025-12-10,active
1338,ACC001338,CUST00340,BR007,credit,2023-09-21,active
1339,ACC001339,CUST00854,BR007,chequing,2025-07-18,closed
1340,ACC001340,CUST01166,BR010,savings,2023-12-29,active
1341,ACC001341,CUST00707,BR007,credit,2023-11-13,active
1342,ACC001342,CUST01510,BR010,credit,2024-05-22,active
1343,ACC001343,CUST01540,BR009,credit,2025-09-04,closed
1344,ACC001344,CUST00819,BR009,credit,2025-08-08,active
1345,ACC001345,CUST00924,BR010,chequing,2025-02-01,closed
1346,ACC001346,CUST00889,BR001,savings,2023-09-06,active
1347,ACC001347,CUST01076,BR003,chequing,2025-12-07,closed
1348,ACC001348,CUST01654,BR005,credit,2024-05-20,active
1349,ACC001349,CUST00410,BR010,credit,2024-01-24,dormant
1350,ACC001350,CUST01228,BR002,chequing,2023-09-16,active
1351,ACC001351,CUST00061,BR001,chequing,2024-08-16,active
1352,ACC001352,CUST01337,BR011,credit,2025-08-13,closed
1353,ACC001353,CUST00301,BR014,credit,2023-05-18,dormant
1354,ACC001354,CUST00625,BR012,credit,2024-04-09,closed
1355,ACC001355,CUST01784,BR005,credit,2023-05-25,active
1356,ACC001356,CUST00243,BR001,chequing,2025-11-23,active
1357,ACC001357,CUST01016,BR006,chequing,2025-08-20,active
1358,ACC001358,CUST01212,BR010,credit,2025-06-09,active
1359,ACC001359,CUST01706,BR011,savings,2024-08-31,active
1360,ACC001360,CUST01610,BR011,credit,2023-10-05,active
1361,ACC001361,CUST00024,BR006,credit,2023-11-06,active
1362,ACC001362,CUST00375,BR004,savings,2024-04-20,active
1363,ACC001363,CUST01910,BR008,savings,2025-05-26,active
1364,ACC001364,CUST01640,BR002,credit,2024-06-18,active
1365,ACC001365,CUST01271,BR007,chequing,2023-03-11,active
1366,ACC001366,CUST01756,BR006,savings,2025-12-29,active
1367,ACC001367,CUST00009,BR002,savings,2025-01-16,active
1368,ACC001368,CUST01916,BR001,savings,2025-04-16,active
1369,ACC001369,CUST01918,BR009,savings,2024-11-13,dormant
1370,ACC001370,CUST00314,BR013,credit,2024-08-17,active
1371,ACC001371,CUST00014,BR005,chequing,2024-09-21,active
1372,ACC001372,CUST00247,BR012,chequing,2024-10-13,active
1373,ACC001373,CUST00149,BR011,chequing,2025-09-14,active
1374,ACC001374,CUST00647,BR014,savings,2023-07-18,active
1375,ACC001375,CUST01017,BR008,savings,2024-02-07,active
1376,ACC001376,CUST00151,BR008,savings,2023-05-08,active
1377,ACC001377,CUST00177,BR013,credit,2024-01-03,dormant
1378,ACC001378,CUST00301,BR012,savings,2023-05-26,active
1379,ACC001379,CUST01057,BR008,chequing,2024-03-06,active
1380,ACC001380,CUST00389,BR005,credit,2024-01-12,active
1381,ACC001381,CUST01745,BR005,savings,2025-07-07,active
1382,ACC001382,CUST01248,BR001,savings,2025-10-07,active
1383,ACC001383,CUST00910,BR012,credit,2025-05-01,closed
1384,ACC001384,CUST01587,BR004,savings,2023-05-15,closed
1385,ACC001385,CUST01813,BR001,credit,2025-08-21,active
1386,ACC001386,CUST00157,BR013,credit,2023-05-27,active
1387,ACC001387,CUST01290,BR001,credit,2025-01-01,active
1388,ACC001388,CUST01424,BR004,credit,2023-12-07,closed
1389,ACC001389,CUST01215,BR006,chequing,2024-07-02,active
1390,ACC001390,CUST00395,BR005,chequing,2023-05-31,active
1391,ACC001391,CUST00726,BR009,chequing,2024-12-06,active
1392,ACC001392,CUST01520,BR002,credit,2023-07-15,active
1393,ACC001393,CUST01711,BR008,savings,2024-07-09,active
1394,ACC001394,CUST01269,BR007,credit,2025-01-19,active
1395,ACC001395,CUST01365,BR002,savings,2023-04-07,active
1396,ACC001396,CUST01682,BR008,chequing,2023-04-14,active
1397,ACC001397,CUST01204,BR004,chequing,2024-09-29,active
1398,ACC001398,CUST00639,BR002,credit,2024-07-19,dormant
1399,ACC001399,CUST01559,BR004,credit,2023-11-03,active
1400,ACC001400,CUST01648,BR009,chequing,2024-03-04,active
1401,ACC001401,CUST00807,BR013,chequing,2023-03-23,active
1402,ACC001402,CUST00762,BR015,credit,2025-03-28,active
1403,ACC001403,CUST00571,BR011,credit,2023-02-13,active
1404,ACC001404,CUST01094,BR009,chequing,2023-11-07,active
1405,ACC001405,CUST00323,BR010,credit,2024-11-23,active
1406,ACC001406,CUST01846,BR007,savings,2025-06-14,active
1407,ACC001407,CUST00424,BR014,chequing,2024-04-29,active
1408,ACC001408,CUST00856,BR003,chequing,2023-04-24,closed
1409,ACC001409,CUST01239,BR008,savings,2024-06-23,closed
1410,ACC001410,CUST01031,BR015,credit,2023-04-20,active
1411,ACC001411,CUST01722,BR007,savings,2023-03-29,active
1412,ACC001412,CUST01977,BR010,credit,2025-09-16,dormant
1413,ACC001413,CUST00088,BR010,chequing,2023-03-26,dormant
1414,ACC001414,CUST01466,BR002,credit,2023-07-09,active
1415,ACC001415,CUST01481,BR014,credit,2024-07-31,closed
1416,ACC001416,CUST00162,BR002,chequing,2023-10-25,active
1417,ACC001417,CUST00776,BR002,chequing,2024-11-17,active
1418,ACC001418,CUST01134,BR006,credit,2023-04-07,active
1419,ACC001419,CUST01640,BR007,chequing,2024-01-17,active
1420,ACC001420,CUST00229,BR010,credit,2025-04-05,active
1421,ACC001421,CUST00932,BR013,credit,2023-11-22,active
1422,ACC001422,CUST00643,BR004,credit,2025-08-21,active
1423,ACC001423,CUST00975,BR008,savings,2025-01-14,active
1424,ACC001424,CUST00607,BR008,credit,2023-04-27,closed
1425,ACC001425,CUST01391,BR015,credit,2023-10-09,closed
1426,ACC001426,CUST01834,BR004,chequing,2025-06-27,active
1427,ACC001427,CUST00593,BR007,credit,2023-05-31,active
1428,ACC001428,CUST01173,BR006,credit,2024-05-14,active
1429,ACC001429,CUST00863,BR015,savings,2025-03-04,dormant
1430,ACC001430,CUST00271,BR014,savings,2024-01-04,active
1431,ACC001431,CUST01440,BR013,credit,2025-02-08,closed
1432,ACC001432,CUST00745,BR004,chequing,2023-10-10,active
1433,ACC001433,CUST00151,BR012,credit,2024-09-08,active
1434,ACC001434,CUST00766,BR008,credit,2025-07-07,active
1435,ACC001435,CUST01858,BR007,credit,2025-04-01,active
1436,ACC001436,CUST01901,BR014,chequing,2025-03-16,active
1437,ACC001437,CUST00812,BR007,chequing,2025-06-07,active
1438,ACC001438,CUST00760,BR001,chequing,2025-12-23,closed
1439,ACC001439,CUST00180,BR011,credit,2025-05-28,active
1440,ACC001440,CUST00017,BR010,credit,2023-09-05,active
1441,ACC001441,CUST00444,BR010,chequing,2023-08-31,dormant
1442,ACC001442,CUST00121,BR013,credit,2024-04-30,active
1443,ACC001443,CUST00294,BR006,chequing,2023-02-17,active
1444,ACC001444,CUST00695,BR003,credit,2024-02-14,active
1445,ACC001445,CUST00943,BR013,savings,2025-08-15,active
1446,ACC001446,CUST00751,BR004,chequing,2024-01-18,dormant
1447,ACC001447,CUST00086,BR001,credit,2025-12-28,active
1448,ACC001448,CUST00273,BR014,savings,2024-12-15,closed
1449,ACC001449,CUST01941,BR008,savings,2024-10-20,active
1450,ACC001450,CUST00560,BR011,credit,2023-10-08,active
1451,ACC001451,CUST00586,BR012,credit,2024-07-30,active
1452,ACC001452,CUST01896,BR006,chequing,2025-11-18,active
1453,ACC001453,CUST01142,BR001,credit,2023-09-05,active
1454,ACC001454,CUST01220,BR007,savings,2024-12-18,active
1455,ACC001455,CUST00581,BR015,savings,2024-11-07,active
1456,ACC001456,CUST00832,BR003,chequing,2025-01-29,active
1457,ACC001457,CUST01011,BR010,savings,2023-04-18,active
1458,ACC001458,CUST00835,BR007,chequing,2024-04-25,dormant
1459,ACC001459,CUST00837,BR002,savings,2023-10-13,active
1460,ACC001460,CUST00867,BR001,savings,2023-01-22,active
1461,ACC001461,CUST01769,BR011,chequing,2025-05-13,closed
1462,ACC001462,CUST00832,BR001,chequing,2024-02-07,active
1463,ACC001463,CUST00129,BR006,credit,2025-01-17,active
1464,ACC001464,CUST00767,BR004,credit,2023-01-09,active
1465,ACC001465,CUST00472,BR011,credit,2023-07-04,active
1466,ACC001466,CUST01657,BR002,savings,2025-05-16,active
1467,ACC001467,CUST01079,BR008,credit,2023-05-07,active
1468,ACC001468,CUST00368,BR005,savings,2023-06-03,active
1469,ACC001469,CUST01210,BR006,savings,2025-06-24,active
1470,ACC001470,CUST00116,BR012,savings,2024-06-25,active
1471,ACC001471,CUST00749,BR004,chequing,2024-10-17,active
1472,ACC001472,CUST01880,BR008,credit,2023-04-22,active
1473,ACC001473,CUST00943,BR002,credit,2023-06-13,active
1474,ACC001474,CUST01910,BR009,credit,2025-12-24,active
1475,ACC001475,CUST01976,BR012,savings,2025-04-08,active
1476,ACC001476,CUST00880,BR006,savings,2023-09-10,active
1477,ACC001477,CUST00399,BR015,savings,2025-10-10,active
1478,ACC001478,CUST01374,BR009,savings,2025-03-21,active
1479,ACC001479,CUST00015,BR006,credit,2025-08-17,active
1480,ACC001480,CUST00381,BR004,credit,2025-09-06,active
1481,ACC001481,CUST01642,BR012,chequing,2024-06-27,active
1482,ACC001482,CUST00013,BR013,credit,2023-07-25,active
1483,ACC001483,CUST00336,BR001,credit,2025-01-07,active
1484,ACC001484,CUST00496,BR004,chequing,2023-10-22,active
1485,ACC001485,CUST01237,BR012,savings,2024-03-11,active
1486,ACC001486,CUST00273,BR004,credit,2025-04-09,active
1487,ACC001487,CUST00082,BR003,credit,2023-10-01,active
1488,ACC001488,CUST01563,BR003,savings,2025-07-31,active
1489,ACC001489,CUST01761,BR010,credit,2024-01-18,active
1490,ACC001490,CUST00900,BR008,chequing,2023-11-23,active
1491,ACC001491,CUST01096,BR014,savings,2023-10-16,active
1492,ACC001492,CUST00489,BR011,chequing,2023-02-14,active
1493,ACC001493,CUST00515,BR012,chequing,2023-05-14,active
1494,ACC001494,CUST00387,BR004,chequing,2025-11-23,active
1495,ACC001495,CUST00284,BR004,savings,2025-10-10,active
1496,ACC001496,CUST01239,BR010,credit,2023-11-02,closed
1497,ACC001497,CUST00019,BR013,credit,2025-09-16,active
1498,ACC001498,CUST00658,BR014,chequing,2024-11-03,active
1499,ACC001499,CUST01414,BR006,chequing,2025-03-07,active
1500,ACC001500,CUST01897,BR008,savings,2025-06-12,active
1501,ACC001501,CUST01248,BR010,chequing,2024-02-18,active
1502,ACC001502,CUST00453,BR002,chequing,2023-01-08,active
1503,ACC001503,CUST00806,BR013,savings,2024-05-18,active
1504,ACC001504,CUST00317,BR003,savings,2023-11-05,closed
1505,ACC001505,CUST01010,BR008,savings,2025-08-14,active
1506,ACC001506,CUST01924,BR002,savings,2025-11-02,active
1507,ACC001507,CUST00070,BR007,savings,2024-09-03,active
1508,ACC001508,CUST00058,BR015,savings,2023-01-08,active
1509,ACC001509,CUST00741,BR001,chequing,2025-02-14,active
1510,ACC001510,CUST00687,BR010,savings,2023-12-14,active
1511,ACC001511,CUST01631,BR005,chequing,2024-08-12,active
1512,ACC001512,CUST01688,BR001,credit,2025-08-26,active
1513,ACC001513,CUST00610,BR012,chequing,2023-09-28,closed
1514,ACC001514,CUST00554,BR001,credit,2025-06-08,active
1515,ACC001515,CUST01554,BR006,credit,2023-12-09,active
1516,ACC001516,CUST00861,BR003,savings,2023-01-05,active
1517,ACC001517,CUST00881,BR014,chequing,2023-01-29,active
1518,ACC001518,CUST00502,BR012,savings,2024-01-26,active
1519,ACC001519,CUST01357,BR006,credit,2025-04-06,closed
1520,ACC001520,CUST01630,BR005,savings,2023-05-26,active
1521,ACC001521,CUST00918,BR005,savings,2025-09-21,active
1522,ACC001522,CUST00428,BR002,credit,2024-03-21,dormant
1523,ACC001523,CUST01432,BR013,credit,2025-09-19,active
1524,ACC001524,CUST01718,BR009,credit,2024-07-22,active
1525,ACC001525,CUST01226,BR013,chequing,2024-06-11,active
1526,ACC001526,CUST01447,BR009,savings,2023-03-12,active
1527,ACC001527,CUST01271,BR015,savings,2024-10-04,active
1528,ACC001528,CUST00578,BR010,credit,2024-03-01,active
1529,ACC001529,CUST00854,BR013,savings,2024-08-30,active
1530,ACC001530,CUST00270,BR012,chequing,2024-06-10,closed
1531,ACC001531,CUST00208,BR003,chequing,2023-11-18,active
1532,ACC001532,CUST01200,BR012,credit,2023-06-02,active
1533,ACC001533,CUST01865,BR002,savings,2024-08-13,active
1534,ACC001534,CUST00696,BR004,savings,2023-02-03,active
1535,ACC001535,CUST00150,BR003,credit,2025-07-11,active
1536,ACC001536,CUST01432,BR015,chequing,2023-10-09,closed
1537,ACC001537,CUST01673,BR010,credit,2024-09-14,closed
1538,ACC001538,CUST00615,BR003,credit,2023-11-27,active
1539,ACC001539,CUST01465,BR008,credit,2025-10-29,active
1540,ACC001540,CUST00132,BR014,credit,2025-10-23,active
1541,ACC001541,CUST01862,BR003,chequing,2025-07-11,active
1542,ACC001542,CUST01119,BR011,savings,2023-04-29,active
1543,ACC001543,CUST01120,BR014,savings,2023-05-19,active
1544,ACC001544,CUST00102,BR007,credit,2023-06-07,dormant
1545,ACC001545,CUST00410,BR012,credit,2024-06-07,active
1546,ACC001546,CUST00758,BR007,savings,2025-08-15,active
1547,ACC001547,CUST01178,BR010,credit,2024-07-09,active
1548,ACC001548,CUST01543,BR011,savings,2025-11-21,active
1549,ACC001549,CUST00909,BR010,savings,2025-03-03,active
1550,ACC001550,CUST01390,BR009,chequing,2023-01-08,closed
1551,ACC001551,CUST01758,BR015,savings,2023-11-12,active
1552,ACC001552,CUST01647,BR002,chequing,2023-05-02,active
1553,ACC001553,CUST00289,BR007,chequing,2025-02-25,active
1554,ACC001554,CUST00016,BR002,savings,2024-10-22,active
1555,ACC001555,CUST00653,BR012,savings,2025-11-03,active
1556,ACC001556,CUST00569,BR006,savings,2025-12-06,closed
1557,ACC001557,CUST00661,BR006,savings,2025-10-07,active
1558,ACC001558,CUST01979,BR003,savings,2025-08-21,active
1559,ACC001559,CUST00012,BR001,chequing,2025-03-02,active
1560,ACC001560,CUST00692,BR009,savings,2025-12-23,closed
1561,ACC001561,CUST00597,BR011,chequing,2025-01-01,active
1562,ACC001562,CUST00784,BR006,savings,2024-10-27,active
1563,ACC001563,CUST00359,BR015,savings,2024-09-11,active
1564,ACC001564,CUST01577,BR009,credit,2025-08-25,closed
1565,ACC001565,CUST00011,BR003,chequing,2024-02-17,active
1566,ACC001566,CUST01869,BR009,savings,2023-02-04,active
1567,ACC001567,CUST00478,BR014,savings,2025-08-20,closed
1568,ACC001568,CUST01496,BR002,savings,2023-02-10,dormant
1569,ACC001569,CUST00837,BR004,chequing,2024-09-02,active
1570,ACC001570,CUST00549,BR003,chequing,2025-11-15,active
1571,ACC001571,CUST00125,BR003,chequing,2024-11-12,active
1572,ACC001572,CUST01108,BR010,credit,2025-12-31,active
1573,ACC001573,CUST01247,BR013,savings,2023-05-22,active
1574,ACC001574,CUST01369,BR010,chequing,2025-06-06,active
1575,ACC001575,CUST01687,BR010,savings,2025-09-19,closed
1576,ACC001576,CUST01883,BR014,credit,2025-09-24,active
1577,ACC001577,CUST00559,BR006,chequing,2024-07-04,active
1578,ACC001578,CUST00743,BR007,credit,2024-07-07,active
1579,ACC001579,CUST00612,BR006,chequing,2025-08-08,active
1580,ACC001580,CUST01544,BR013,savings,2025-10-04,active
1581,ACC001581,CUST01044,BR001,credit,2024-10-21,active
1582,ACC001582,CUST01309,BR004,credit,2024-05-29,active
1583,ACC001583,CUST01820,BR006,credit,2023-04-03,active
1584,ACC001584,CUST00886,BR001,chequing,2024-05-28,active
1585,ACC001585,CUST01333,BR014,chequing,2024-04-22,dormant
1586,ACC001586,CUST00725,BR015,credit,2023-10-14,active
1587,ACC001587,CUST00575,BR010,chequing,2025-08-17,active
1588,ACC001588,CUST00640,BR003,chequing,2024-04-10,active
1589,ACC001589,CUST01524,BR008,credit,2025-07-30,active
1590,ACC001590,CUST01091,BR007,savings,2025-01-12,active
1591,ACC001591,CUST01958,BR002,credit,2024-09-24,active
1592,ACC001592,CUST01842,BR007,credit,2024-07-01,dormant
1593,ACC001593,CUST01407,BR009,credit,2023-11-22,active
1594,ACC001594,CUST01026,BR009,credit,2023-09-22,active
1595,ACC001595,CUST00656,BR013,credit,2025-11-30,closed
1596,ACC001596,CUST01427,BR009,savings,2023-08-06,active
1597,ACC001597,CUST00326,BR004,credit,2024-03-26,active
1598,ACC001598,CUST01826,BR007,chequing,2025-01-08,active
1599,ACC001599,CUST00772,BR012,credit,2024-07-27,active
1600,ACC001600,CUST00861,BR014,savings,2024-08-22,closed
1601,ACC001601,CUST00430,BR002,savings,2024-01-30,active
1602,ACC001602,CUST00787,BR007,chequing,2024-03-13,active
1603,ACC001603,CUST01316,BR015,credit,2023-06-27,active
1604,ACC001604,CUST01663,BR009,chequing,2025-08-17,active
1605,ACC001605,CUST00307,BR005,chequing,2025-02-20,active
1606,ACC001606,CUST01683,BR006,credit,2024-10-01,active
1607,ACC001607,CUST01124,BR010,chequing,2025-05-10,closed
1608,ACC001608,CUST00483,BR003,savings,2023-10-23,active
1609,ACC001609,CUST00971,BR002,savings,2025-10-26,closed
1610,ACC001610,CUST00056,BR003,chequing,2024-04-11,active
1611,ACC001611,CUST01695,BR010,chequing,2023-03-15,active
1612,ACC001612,CUST01632,BR013,savings,2024-10-09,active
1613,ACC001613,CUST01788,BR013,credit,2025-07-06,active
1614,ACC001614,CUST01820,BR009,savings,2025-08-12,dormant
1615,ACC001615,CUST01190,BR006,credit,2024-06-15,active
1616,ACC001616,CUST01621,BR008,savings,2025-10-13,active
1617,ACC001617,CUST00415,BR010,credit,2023-06-08,dormant
1618,ACC001618,CUST01800,BR014,credit,2023-03-23,active
1619,ACC001619,CUST01534,BR004,savings,2025-11-19,active
1620,ACC001620,CUST01195,BR002,savings,2025-10-08,active
1621,ACC001621,CUST01143,BR010,savings,2025-01-26,active
1622,ACC001622,CUST01247,BR013,credit,2025-03-10,active
1623,ACC001623,CUST01694,BR009,chequing,2025-11-01,active
1624,ACC001624,CUST01049,BR008,savings,2024-02-25,active
1625,ACC001625,CUST01764,BR003,chequing,2025-09-07,active
1626,ACC001626,CUST00310,BR004,credit,2025-03-28,active
1627,ACC001627,CUST00370,BR002,credit,2023-02-27,active
1628,ACC001628,CUST00684,BR012,chequing,2023-07-24,active
1629,ACC001629,CUST01162,BR011,credit,2025-12-07,active
1630,ACC001630,CUST01736,BR011,chequing,2025-11-12,active
1631,ACC001631,CUST01671,BR013,chequing,2025-09-27,active
1632,ACC001632,CUST00823,BR007,credit,2023-03-17,closed
1633,ACC001633,CUST00097,BR008,credit,2023-09-28,active
1634,ACC001634,CUST01597,BR003,credit,2023-10-22,active
1635,ACC001635,CUST01243,BR015,chequing,2024-04-03,active
1636,ACC001636,CUST01447,BR009,credit,2025-06-13,active
1637,ACC001637,CUST01245,BR015,savings,2023-04-05,active
1638,ACC001638,CUST00648,BR001,savings,2025-10-02,active
1639,ACC001639,CUST01047,BR010,savings,2025-11-28,active
1640,ACC001640,CUST01772,BR004,chequing,2024-11-23,active
1641,ACC001641,CUST00914,BR001,savings,2025-06-24,active
1642,ACC001642,CUST00208,BR013,chequing,2024-03-22,active
1643,ACC001643,CUST00675,BR006,credit,2023-03-29,active
1644,ACC001644,CUST01573,BR006,savings,2023-03-09,active
1645,ACC001645,CUST01319,BR002,credit,2025-09-06,active
1646,ACC001646,CUST01384,BR015,credit,2024-03-31,active
1647,ACC001647,CUST01456,BR014,savings,2024-06-23,active
1648,ACC001648,CUST00753,BR009,credit,2024-03-04,active
1649,ACC001649,CUST00157,BR005,chequing,2024-09-23,closed
1650,ACC001650,CUST01948,BR001,credit,2023-07-29,active
1651,ACC001651,CUST01918,BR004,credit,2024-10-22,closed
1652,ACC001652,CUST00407,BR007,credit,2025-06-28,active
1653,ACC001653,CUST01286,BR013,savings,2025-12-29,active
1654,ACC001654,CUST01524,BR001,credit,2025-06-15,closed
1655,ACC001655,CUST00923,BR010,savings,2023-04-20,closed
1656,ACC001656,CUST00292,BR004,credit,2024-09-11,active
1657,ACC001657,CUST01286,BR005,savings,2025-05-23,active
1658,ACC001658,CUST00540,BR007,savings,2024-08-23,active
1659,ACC001659,CUST01560,BR004,savings,2025-05-25,dormant
1660,ACC001660,CUST01668,BR001,chequing,2025-06-03,active
1661,ACC001661,CUST00276,BR010,savings,2025-09-09,active
1662,ACC001662,CUST01022,BR009,credit,2024-03-02,closed
1663,ACC001663,CUST00728,BR010,savings,2025-01-19,active
1664,ACC001664,CUST01879,BR003,credit,2023-10-29,active
1665,ACC001665,CUST00479,BR002,credit,2025-03-16,dormant
1666,ACC001666,CUST01586,BR012,chequing,2023-03-19,active
1667,ACC001667,CUST01700,BR002,savings,2025-01-24,closed
1668,ACC001668,CUST01356,BR005,credit,2023-12-02,dormant
1669,ACC001669,CUST00465,BR004,chequing,2024-09-06,active
1670,ACC001670,CUST01751,BR012,savings,2023-05-22,active
1671,ACC001671,CUST01284,BR012,savings,2024-05-21,active
1672,ACC001672,CUST01633,BR007,chequing,2025-08-13,closed
1673,ACC001673,CUST00615,BR005,savings,2025-08-22,active
1674,ACC001674,CUST00797,BR003,credit,2023-09-08,active
1675,ACC001675,CUST01295,BR010,savings,2024-08-03,active
1676,ACC001676,CUST01888,BR011,savings,2024-07-02,active
1677,ACC001677,CUST01892,BR015,credit,2023-08-24,active
1678,ACC001678,CUST00906,BR001,savings,2023-01-27,closed
1679,ACC001679,CUST01839,BR003,chequing,2025-11-17,active
1680,ACC001680,CUST00829,BR010,credit,2023-05-28,active
1681,ACC001681,CUST01931,BR005,chequing,2024-04-11,active
1682,ACC001682,CUST00615,BR014,savings,2025-09-09,active
1683,ACC001683,CUST01822,BR001,credit,2024-06-06,active
1684,ACC001684,CUST00417,BR012,savings,2025-07-10,active
1685,ACC001685,CUST01508,BR003,credit,2023-09-14,active
1686,ACC001686,CUST00592,BR011,credit,2024-05-09,dormant
1687,ACC001687,CUST01579,BR015,chequing,2023-11-07,active
1688,ACC001688,CUST01747,BR011,savings,2023-03-02,active
1689,ACC001689,CUST01323,BR010,savings,2024-01-19,active
1690,ACC001690,CUST01825,BR004,savings,2025-02-11,active
1691,ACC001691,CUST00253,BR010,credit,2025-02-12,dormant
1692,ACC001692,CUST00848,BR007,chequing,2023-01-04,active
1693,ACC001693,CUST00642,BR012,savings,2024-05-07,active
1694,ACC001694,CUST01662,BR015,chequing,2023-10-03,active
1695,ACC001695,CUST01717,BR003,chequing,2024-03-26,active
1696,ACC001696,CUST01206,BR009,chequing,2023-05-29,closed
1697,ACC001697,CUST00428,BR012,savings,2025-05-17,active
1698,ACC001698,CUST01825,BR007,savings,2025-01-03,active
1699,ACC001699,CUST00034,BR002,savings,2025-07-15,active
1700,ACC001700,CUST00671,BR003,credit,2024-09-15,active
1701,ACC001701,CUST00827,BR002,savings,2024-08-24,active
1702,ACC001702,CUST00337,BR004,chequing,2024-12-18,active
1703,ACC001703,CUST00623,BR014,savings,2025-01-08,active
1704,ACC001704,CUST00630,BR003,savings,2023-04-18,active
1705,ACC001705,CUST00786,BR004,savings,2023-09-20,active
1706,ACC001706,CUST00137,BR010,credit,2024-12-31,active
1707,ACC001707,CUST01317,BR007,credit,2024-11-16,active
1708,ACC001708,CUST01553,BR003,credit,2024-01-10,active
1709,ACC001709,CUST00899,BR007,savings,2023-07-09,active
1710,ACC001710,CUST00093,BR001,chequing,2024-10-24,active
1711,ACC001711,CUST00367,BR012,savings,2024-12-04,active
1712,ACC001712,CUST01479,BR004,savings,2024-08-13,closed
1713,ACC001713,CUST00524,BR015,credit,2025-03-28,active
1714,ACC001714,CUST00370,BR009,credit,2024-04-13,active
1715,ACC001715,CUST00616,BR008,chequing,2024-04-23,active
1716,ACC001716,CUST01895,BR006,savings,2025-02-13,active
1717,ACC001717,CUST01425,BR002,savings,2025-09-14,active
1718,ACC001718,CUST01699,BR004,chequing,2025-01-02,active
1719,ACC001719,CUST00534,BR012,credit,2025-07-26,active
1720,ACC001720,CUST00956,BR010,savings,2024-03-13,active
1721,ACC001721,CUST01792,BR012,chequing,2024-08-15,active
1722,ACC001722,CUST00660,BR005,chequing,2025-06-21,active
1723,ACC001723,CUST00892,BR007,chequing,2025-11-18,active
1724,ACC001724,CUST01431,BR009,savings,2025-10-25,active
1725,ACC001725,CUST00205,BR012,credit,2025-09-10,dormant
1726,ACC001726,CUST00176,BR005,chequing,2023-06-22,active
1727,ACC001727,CUST01922,BR002,savings,2024-04-13,active
1728,ACC001728,CUST01096,BR007,chequing,2023-08-01,closed
1729,ACC001729,CUST00031,BR008,credit,2023-06-08,active
1730,ACC001730,CUST00200,BR001,credit,2025-04-10,active
1731,ACC001731,CUST00656,BR007,savings,2023-09-21,active
1732,ACC001732,CUST00931,BR014,chequing,2025-04-12,active
1733,ACC001733,CUST01335,BR014,chequing,2023-10-20,closed
1734,ACC001734,CUST01684,BR010,credit,2024-02-10,active
1735,ACC001735,CUST01657,BR012,chequing,2025-02-01,closed
1736,ACC001736,CUST00368,BR012,credit,2024-02-06,active
1737,ACC001737,CUST00069,BR001,chequing,2024-02-04,active
1738,ACC001738,CUST01964,BR009,savings,2024-11-17,dormant
1739,ACC001739,CUST01416,BR006,credit,2023-02-08,active
1740,ACC001740,CUST01875,BR014,chequing,2023-12-11,active
1741,ACC001741,CUST00196,BR002,savings,2023-11-11,active
1742,ACC001742,CUST00838,BR008,chequing,2023-07-31,active
1743,ACC001743,CUST00525,BR006,credit,2023-10-18,active
1744,ACC001744,CUST01762,BR007,savings,2024-05-26,active
1745,ACC001745,CUST01516,BR009,chequing,2023-09-21,active
1746,ACC001746,CUST00280,BR005,chequing,2023-03-06,dormant
1747,ACC001747,CUST00476,BR014,credit,2023-09-25,active
1748,ACC001748,CUST00361,BR001,savings,2025-02-12,active
1749,ACC001749,CUST00057,BR002,credit,2023-04-05,closed
1750,ACC001750,CUST00234,BR013,chequing,2024-06-08,active
1751,ACC001751,CUST00429,BR004,credit,2023-07-26,active
1752,ACC001752,CUST01315,BR003,savings,2024-01-07,active
1753,ACC001753,CUST01957,BR002,chequing,2023-11-21,active
1754,ACC001754,CUST01225,BR005,savings,2025-04-23,active
1755,ACC001755,CUST00683,BR003,chequing,2024-09-15,active
1756,ACC001756,CUST00819,BR005,savings,2025-06-25,active
1757,ACC001757,CUST00011,BR003,savings,2025-11-14,active
1758,ACC001758,CUST00396,BR005,chequing,2023-04-22,active
1759,ACC001759,CUST01195,BR006,chequing,2025-06-14,active
1760,ACC001760,CUST01304,BR011,savings,2024-05-11,active
1761,ACC001761,CUST01174,BR009,credit,2025-01-08,active
1762,ACC001762,CUST00967,BR014,chequing,2024-12-30,active
1763,ACC001763,CUST01586,BR002,savings,2023-12-30,dormant
1764,ACC001764,CUST01966,BR007,savings,2024-11-11,active
1765,ACC001765,CUST00136,BR005,savings,2025-03-09,dormant
1766,ACC001766,CUST00758,BR013,chequing,2025-11-12,active
1767,ACC001767,CUST01877,BR007,savings,2024-09-06,active
1768,ACC001768,CUST00969,BR013,savings,2024-03-24,active
1769,ACC001769,CUST01739,BR010,credit,2025-01-29,active
1770,ACC001770,CUST01799,BR008,savings,2025-03-17,active
1771,ACC001771,CUST00651,BR011,chequing,2024-11-23,active
1772,ACC001772,CUST01189,BR012,credit,2025-04-15,active
1773,ACC001773,CUST01299,BR015,credit,2024-11-25,active
1774,ACC001774,CUST00316,BR005,chequing,2025-03-06,active
1775,ACC001775,CUST01214,BR003,savings,2023-07-31,active
1776,ACC001776,CUST00168,BR003,credit,2025-07-26,closed
1777,ACC001777,CUST01430,BR015,savings,2024-02-07,active
1778,ACC001778,CUST01121,BR015,chequing,2024-10-25,active
1779,ACC001779,CUST01926,BR011,savings,2025-04-21,active
1780,ACC001780,CUST01025,BR012,savings,2024-05-19,active
1781,ACC001781,CUST00054,BR007,chequing,2025-03-16,active
1782,ACC001782,CUST00302,BR005,credit,2025-08-21,active
1783,ACC001783,CUST00485,BR010,credit,2023-06-08,active
1784,ACC001784,CUST00726,BR014,chequing,2025-10-21,active
1785,ACC001785,CUST00807,BR015,credit,2024-02-07,active
1786,ACC001786,CUST00182,BR001,chequing,2023-02-17,active
1787,ACC001787,CUST00427,BR008,chequing,2025-02-16,active
1788,ACC001788,CUST01416,BR003,chequing,2023-07-15,active
1789,ACC001789,CUST01257,BR007,savings,2023-02-09,active
1790,ACC001790,CUST00287,BR007,credit,2024-07-17,active
1791,ACC001791,CUST00242,BR003,chequing,2024-08-07,active
1792,ACC001792,CUST00403,BR010,savings,2025-06-24,active
1793,ACC001793,CUST00663,BR011,savings,2023-10-23,active
1794,ACC001794,CUST01703,BR011,chequing,2025-03-06,active
1795,ACC001795,CUST00608,BR006,savings,2024-02-25,closed
1796,ACC001796,CUST00392,BR010,chequing,2025-07-31,active
1797,ACC001797,CUST01907,BR010,credit,2024-09-07,active
1798,ACC001798,CUST00810,BR014,credit,2024-06-21,active
1799,ACC001799,CUST01362,BR002,credit,2023-08-13,active
1800,ACC001800,CUST00848,BR012,savings,2024-08-21,active
1801,ACC001801,CUST00182,BR010,savings,2025-07-13,dormant
1802,ACC001802,CUST00053,BR007,credit,2024-04-04,active
1803,ACC001803,CUST00452,BR010,chequing,2023-03-09,active
1804,ACC001804,CUST00798,BR002,chequing,2024-12-17,active
1805,ACC001805,CUST01170,BR001,chequing,2025-04-01,active
1806,ACC001806,CUST00506,BR010,credit,2024-07-11,active
1807,ACC001807,CUST00070,BR013,chequing,2024-02-03,active
1808,ACC001808,CUST00558,BR005,chequing,2025-09-02,closed
1809,ACC001809,CUST00859,BR014,savings,2024-02-25,dormant
1810,ACC001810,CUST00561,BR009,chequing,2024-07-30,active
1811,ACC001811,CUST01154,BR009,credit,2024-06-27,active
1812,ACC001812,CUST00128,BR002,savings,2025-10-07,active
1813,ACC001813,CUST00078,BR002,savings,2023-07-06,active
1814,ACC001814,CUST00022,BR005,credit,2023-06-20,active
1815,ACC001815,CUST00098,BR014,savings,2023-11-27,closed
1816,ACC001816,CUST00080,BR003,credit,2025-05-04,closed
1817,ACC001817,CUST01897,BR002,savings,2023-03-09,active
1818,ACC001818,CUST00149,BR015,credit,2023-03-23,active
1819,ACC001819,CUST00296,BR002,chequing,2024-06-12,active
1820,ACC001820,CUST01522,BR015,savings,2024-09-11,active
1821,ACC001821,CUST01819,BR003,chequing,2024-03-05,active
1822,ACC001822,CUST00153,BR007,chequing,2025-09-06,active
1823,ACC001823,CUST01375,BR002,savings,2023-07-24,active
1824,ACC001824,CUST01114,BR007,chequing,2023-06-13,active
1825,ACC001825,CUST00985,BR002,credit,2023-06-26,active
1826,ACC001826,CUST00238,BR004,chequing,2023-07-20,active
1827,ACC001827,CUST00634,BR015,chequing,2023-10-05,active
1828,ACC001828,CUST00951,BR011,chequing,2023-11-27,dormant
1829,ACC001829,CUST01067,BR009,credit,2023-06-30,active
1830,ACC001830,CUST00245,BR003,credit,2025-07-29,closed
1831,ACC001831,CUST00613,BR006,chequing,2025-09-19,closed
1832,ACC001832,CUST00154,BR013,credit,2024-03-12,dormant
1833,ACC001833,CUST00976,BR014,credit,2025-01-24,active
1834,ACC001834,CUST00604,BR014,savings,2024-01-20,active
1835,ACC001835,CUST00490,BR009,chequing,2023-03-18,closed
1836,ACC001836,CUST01023,BR005,credit,2023-08-16,active
1837,ACC001837,CUST00777,BR002,credit,2024-08-09,active
1838,ACC001838,CUST01314,BR003,chequing,2024-12-14,active
1839,ACC001839,CUST00099,BR002,credit,2024-05-01,active
1840,ACC001840,CUST00688,BR004,savings,2023-04-16,active
1841,ACC001841,CUST01359,BR007,credit,2024-01-15,active
1842,ACC001842,CUST00833,BR009,savings,2024-12-06,active
1843,ACC001843,CUST00662,BR003,credit,2025-10-14,active
1844,ACC001844,CUST01830,BR002,chequing,2023-10-12,active
1845,ACC001845,CUST00580,BR008,credit,2023-05-14,closed
1846,ACC001846,CUST00956,BR010,credit,2024-07-19,active
1847,ACC001847,CUST01874,BR015,savings,2025-05-22,active
1848,ACC001848,CUST00579,BR009,credit,2024-03-28,dormant
1849,ACC001849,CUST00063,BR006,chequing,2024-11-28,active
1850,ACC001850,CUST00713,BR011,savings,2024-03-02,active
1851,ACC001851,CUST01594,BR009,savings,2023-10-26,closed
1852,ACC001852,CUST00378,BR008,credit,2023-06-26,active
1853,ACC001853,CUST00799,BR007,chequing,2025-01-10,active
1854,ACC001854,CUST00054,BR005,savings,2023-01-17,active
1855,ACC001855,CUST01359,BR001,chequing,2024-08-25,closed
1856,ACC001856,CUST01340,BR015,savings,2023-08-16,active
1857,ACC001857,CUST00011,BR014,savings,2025-11-08,active
1858,ACC001858,CUST01969,BR007,chequing,2024-06-17,active
1859,ACC001859,CUST01435,BR009,savings,2023-07-30,closed
1860,ACC001860,CUST00008,BR011,savings,2025-04-17,active
1861,ACC001861,CUST00121,BR011,savings,2023-07-25,active
1862,ACC001862,CUST01099,BR003,chequing,2025-08-24,active
1863,ACC001863,CUST00394,BR009,credit,2023-08-16,active
1864,ACC001864,CUST01783,BR013,credit,2023-11-27,active
1865,ACC001865,CUST00293,BR009,chequing,2024-01-06,active
1866,ACC001866,CUST00318,BR005,chequing,2024-07-22,active
1867,ACC001867,CUST01775,BR003,credit,2024-01-30,active
1868,ACC001868,CUST01242,BR010,credit,2024-08-31,active
1869,ACC001869,CUST00559,BR002,chequing,2024-07-02,active
1870,ACC001870,CUST01644,BR002,chequing,2025-02-02,closed
1871,ACC001871,CUST00209,BR012,chequing,2024-05-19,active
1872,ACC001872,CUST00061,BR014,savings,2024-02-02,active
1873,ACC001873,CUST01597,BR008,chequing,2023-12-04,active
1874,ACC001874,CUST01087,BR010,chequing,2023-01-16,active
1875,ACC001875,CUST00895,BR005,chequing,2025-01-06,dormant
1876,ACC001876,CUST01140,BR001,credit,2025-08-09,active
1877,ACC001877,CUST00060,BR003,credit,2023-02-05,closed
1878,ACC001878,CUST00049,BR015,savings,2023-07-29,active
1879,ACC001879,CUST01864,BR014,credit,2024-11-05,active
1880,ACC001880,CUST00159,BR010,savings,2023-09-16,active
1881,ACC001881,CUST01046,BR013,chequing,2024-06-21,active
1882,ACC001882,CUST01139,BR007,savings,2024-08-12,active
1883,ACC001883,CUST01288,BR003,credit,2023-03-16,active
1884,ACC001884,CUST01314,BR009,credit,2024-04-02,active
1885,ACC001885,CUST00455,BR013,savings,2025-10-16,dormant
1886,ACC001886,CUST01146,BR011,credit,2023-02-21,active
1887,ACC001887,CUST00466,BR008,credit,2023-08-25,active
1888,ACC001888,CUST00200,BR004,credit,2025-06-29,active
1889,ACC001889,CUST01880,BR015,chequing,2025-04-04,active
1890,ACC001890,CUST00029,BR006,savings,2024-10-23,dormant
1891,ACC001891,CUST01874,BR008,savings,2024-09-18,active
1892,ACC001892,CUST00043,BR009,savings,2024-01-18,active
1893,ACC001893,CUST01509,BR001,savings,2025-05-30,active
1894,ACC001894,CUST00101,BR012,savings,2025-01-05,closed
1895,ACC001895,CUST01065,BR010,credit,2025-05-28,active
1896,ACC001896,CUST00137,BR012,chequing,2025-03-06,active
1897,ACC001897,CUST00942,BR004,chequing,2025-07-15,active
1898,ACC001898,CUST00761,BR008,chequing,2023-06-19,active
1899,ACC001899,CUST00295,BR008,savings,2023-07-10,closed
1900,ACC001900,CUST00857,BR011,credit,2023-05-22,active
1901,ACC001901,CUST01841,BR009,chequing,2023-10-14,active
1902,ACC001902,CUST01301,BR001,credit,2024-07-28,active
1903,ACC001903,CUST01481,BR007,credit,2023-11-26,active
1904,ACC001904,CUST01739,BR007,savings,2024-07-05,active
1905,ACC001905,CUST01585,BR014,savings,2024-01-05,active
1906,ACC001906,CUST01795,BR013,chequing,2025-12-24,active
1907,ACC001907,CUST00378,BR004,credit,2023-10-16,closed
1908,ACC001908,CUST00357,BR004,savings,2025-11-15,active
1909,ACC001909,CUST00066,BR005,chequing,2025-07-19,active
1910,ACC001910,CUST00631,BR002,credit,2024-11-08,active
1911,ACC001911,CUST01930,BR014,savings,2023-08-10,active
1912,ACC001912,CUST00693,BR006,savings,2024-07-31,active
1913,ACC001913,CUST01198,BR015,chequing,2025-02-25,active
1914,ACC001914,CUST01022,BR010,savings,2023-01-31,active
1915,ACC001915,CUST00337,BR006,savings,2023-05-06,active
1916,ACC001916,CUST01563,BR004,chequing,2023-10-23,active
1917,ACC001917,CUST00693,BR011,credit,2024-08-19,active
1918,ACC001918,CUST01907,BR004,chequing,2024-10-21,active
1919,ACC001919,CUST01888,BR013,chequing,2025-12-11,active
1920,ACC001920,CUST00095,BR005,chequing,2023-10-14,active
1921,ACC001921,CUST00804,BR003,credit,2023-07-05,active
1922,ACC001922,CUST00204,BR008,savings,2023-11-18,active
1923,ACC001923,CUST01699,BR003,chequing,2024-09-10,active
1924,ACC001924,CUST00951,BR009,chequing,2023-09-02,active
1925,ACC001925,CUST00494,BR010,chequing,2025-04-11,active
1926,ACC001926,CUST00430,BR008,chequing,2025-03-22,active
1927,ACC001927,CUST00259,BR014,savings,2023-03-09,dormant
1928,ACC001928,CUST00249,BR014,chequing,2023-11-18,active
1929,ACC001929,CUST00619,BR009,savings,2023-01-16,active
1930,ACC001930,CUST00093,BR007,chequing,2023-04-10,active
1931,ACC001931,CUST00491,BR011,chequing,2024-03-09,active
1932,ACC001932,CUST00463,BR008,credit,2025-09-24,active
1933,ACC001933,CUST00127,BR001,chequing,2023-02-14,active
1934,ACC001934,CUST01192,BR011,savings,2025-05-31,active
1935,ACC001935,CUST00300,BR003,savings,2025-02-10,active
1936,ACC001936,CUST01387,BR005,credit,2025-10-05,active
1937,ACC001937,CUST01516,BR006,savings,2024-09-25,active
1938,ACC001938,CUST00921,BR010,credit,2023-10-20,active
1939,ACC001939,CUST00586,BR013,savings,2024-03-20,active
1940,ACC001940,CUST00480,BR002,savings,2025-08-17,active
1941,ACC001941,CUST01602,BR009,chequing,2024-08-06,active
1942,ACC001942,CUST00594,BR008,credit,2024-08-12,active
1943,ACC001943,CUST00910,BR001,credit,2023-08-31,active
1944,ACC001944,CUST01936,BR013,savings,2024-02-06,active
1945,ACC001945,CUST01433,BR015,chequing,2023-06-14,active
1946,ACC001946,CUST01995,BR008,savings,2025-05-11,active
1947,ACC001947,CUST00697,BR001,savings,2023-12-29,active
1948,ACC001948,CUST01328,BR015,savings,2023-05-18,active
1949,ACC001949,CUST01606,BR010,chequing,2023-06-27,active
1950,ACC001950,CUST01328,BR006,savings,2023-04-23,active
1951,ACC001951,CUST00152,BR013,credit,2023-05-03,active
1952,ACC001952,CUST00504,BR002,credit,2023-08-22,active
1953,ACC001953,CUST01283,BR009,credit,2025-06-23,active
1954,ACC001954,CUST01289,BR014,savings,2025-05-25,active
1955,ACC001955,CUST00504,BR003,chequing,2024-02-11,active
1956,ACC001956,CUST00253,BR009,savings,2023-11-15,active
1957,ACC001957,CUST00283,BR007,credit,2025-11-24,active
1958,ACC001958,CUST01326,BR009,savings,2025-04-28,active
1959,ACC001959,CUST01020,BR002,chequing,2024-08-08,active
1960,ACC001960,CUST01242,BR005,chequing,2023-02-14,active
1961,ACC001961,CUST01923,BR012,chequing,2025-07-17,active
1962,ACC001962,CUST01583,BR015,chequing,2023-11-01,closed
1963,ACC001963,CUST01440,BR012,chequing,2024-02-29,active
1964,ACC001964,CUST00896,BR006,credit,2025-10-25,closed
1965,ACC001965,CUST00779,BR010,chequing,2023-09-17,dormant
1966,ACC001966,CUST01547,BR009,credit,2024-06-12,active
1967,ACC001967,CUST01350,BR009,chequing,2025-10-14,active
1968,ACC001968,CUST01168,BR002,savings,2024-03-06,closed
1969,ACC001969,CUST00286,BR001,chequing,2023-07-21,active
1970,ACC001970,CUST01367,BR014,chequing,2025-03-05,active
1971,ACC001971,CUST00336,BR012,savings,2025-03-15,active
1972,ACC001972,CUST00883,BR008,chequing,2025-01-25,active
1973,ACC001973,CUST00296,BR008,chequing,2024-07-26,active
1974,ACC001974,CUST00708,BR004,chequing,2025-09-28,dormant
1975,ACC001975,CUST00749,BR011,savings,2024-10-05,closed
1976,ACC001976,CUST00791,BR010,savings,2025-04-21,active
1977,ACC001977,CUST00904,BR009,savings,2025-05-22,active
1978,ACC001978,CUST00571,BR014,credit,2024-08-12,active
1979,ACC001979,CUST01701,BR002,chequing,2024-09-20,active
1980,ACC001980,CUST00283,BR006,chequing,2025-04-26,active
1981,ACC001981,CUST01988,BR010,savings,2024-10-31,active
1982,ACC001982,CUST01903,BR006,chequing,2023-10-20,active
1983,ACC001983,CUST00112,BR014,savings,2023-09-16,active
1984,ACC001984,CUST01794,BR007,credit,2025-10-05,active
1985,ACC001985,CUST01935,BR004,credit,2024-10-16,active
1986,ACC001986,CUST01258,BR008,credit,2024-03-17,active
1987,ACC001987,CUST01797,BR005,chequing,2023-05-30,active
1988,ACC001988,CUST00226,BR005,savings,2025-01-30,closed
1989,ACC001989,CUST00382,BR003,chequing,2024-08-22,closed
1990,ACC001990,CUST00946,BR009,credit,2023-01-13,active
1991,ACC001991,CUST00707,BR008,credit,2025-08-07,closed
1992,ACC001992,CUST00281,BR006,chequing,2025-11-30,active
1993,ACC001993,CUST01343,BR001,savings,2023-02-19,active
1994,ACC001994,CUST01331,BR010,credit,2023-10-02,active
1995,ACC001995,CUST00928,BR009,credit,2023-10-22,active
1996,ACC001996,CUST00396,BR008,credit,2023-11-16,active
1997,ACC001997,CUST01898,BR010,credit,2024-07-06,active
1998,ACC001998,CUST01470,BR015,savings,2025-09-26,active
1999,ACC001999,CUST01495,BR008,chequing,2025-03-20,active
2000,ACC002000,CUST01291,BR004,credit,2023-10-15,active
2001,ACC002001,CUST01606,BR013,credit,2025-05-23,active
2002,ACC002002,CUST00232,BR002,chequing,2023-11-07,active
2003,ACC002003,CUST01944,BR014,chequing,2025-11-26,active
2004,ACC002004,CUST01881,BR005,chequing,2025-03-05,active
2005,ACC002005,CUST01584,BR014,credit,2024-02-21,active
2006,ACC002006,CUST01542,BR004,savings,2025-07-13,active
2007,ACC002007,CUST00781,BR001,credit,2023-12-07,closed
2008,ACC002008,CUST01416,BR009,credit,2025-04-10,active
2009,ACC002009,CUST01516,BR011,chequing,2024-02-28,active
2010,ACC002010,CUST01745,BR006,credit,2024-06-02,active
2011,ACC002011,CUST00586,BR015,savings,2023-09-30,active
2012,ACC002012,CUST00759,BR015,savings,2024-07-27,active
2013,ACC002013,CUST01708,BR001,chequing,2024-01-20,active
2014,ACC002014,CUST01274,BR006,chequing,2024-03-16,active
2015,ACC002015,CUST01690,BR011,chequing,2023-06-08,active
2016,ACC002016,CUST00680,BR005,savings,2023-08-13,active
2017,ACC002017,CUST01612,BR015,credit,2023-05-03,active
2018,ACC002018,CUST00100,BR004,credit,2025-11-09,active
2019,ACC002019,CUST01552,BR012,credit,2023-03-15,active
2020,ACC002020,CUST01307,BR002,chequing,2024-07-31,active
2021,ACC002021,CUST00496,BR002,savings,2025-04-10,active
2022,ACC002022,CUST01043,BR006,chequing,2024-03-13,active
2023,ACC002023,CUST00392,BR009,credit,2023-07-31,active
2024,ACC002024,CUST01323,BR004,savings,2024-09-27,active
2025,ACC002025,CUST00722,BR009,chequing,2024-02-08,active
2026,ACC002026,CUST01310,BR001,chequing,2025-04-05,active
2027,ACC002027,CUST00651,BR007,savings,2025-07-05,active
2028,ACC002028,CUST01722,BR014,savings,2024-06-21,active
2029,ACC002029,CUST01971,BR015,credit,2023-03-18,active
2030,ACC002030,CUST00948,BR013,credit,2023-07-30,active
2031,ACC002031,CUST01242,BR009,credit,2024-02-23,active
2032,ACC002032,CUST00211,BR007,chequing,2023-08-07,active
2033,ACC002033,CUST01901,BR007,savings,2025-11-25,dormant
2034,ACC002034,CUST00232,BR002,credit,2025-08-20,active
2035,ACC002035,CUST00790,BR008,savings,2025-12-03,active
2036,ACC002036,CUST00408,BR003,savings,2023-05-15,active
2037,ACC002037,CUST00086,BR012,savings,2023-02-27,active
2038,ACC002038,CUST01099,BR004,savings,2024-01-24,active
2039,ACC002039,CUST01319,BR009,chequing,2024-12-13,active
2040,ACC002040,CUST00901,BR012,chequing,2025-01-26,active
2041,ACC002041,CUST01950,BR004,chequing,2025-11-08,active
2042,ACC002042,CUST00327,BR007,savings,2023-10-18,active
2043,ACC002043,CUST01855,BR013,credit,2025-09-14,active
2044,ACC002044,CUST00089,BR002,credit,2024-11-07,active
2045,ACC002045,CUST00549,BR015,savings,2025-05-26,active
2046,ACC002046,CUST01239,BR014,chequing,2023-01-09,active
2047,ACC002047,CUST01591,BR004,chequing,2023-11-07,active
2048,ACC002048,CUST00699,BR004,chequing,2025-08-04,active
2049,ACC002049,CUST01545,BR007,savings,2024-03-30,active
2050,ACC002050,CUST00143,BR011,savings,2023-05-06,active
2051,ACC002051,CUST00258,BR014,credit,2025-01-29,closed
2052,ACC002052,CUST00874,BR002,chequing,2023-01-10,active
2053,ACC002053,CUST00957,BR014,chequing,2023-01-16,active
2054,ACC002054,CUST01156,BR015,savings,2023-09-14,closed
2055,ACC002055,CUST01726,BR001,credit,2025-07-24,active
2056,ACC002056,CUST00459,BR009,credit,2023-12-08,dormant
2057,ACC002057,CUST01625,BR008,savings,2025-07-22,closed
2058,ACC002058,CUST01946,BR013,chequing,2023-09-05,closed
2059,ACC002059,CUST01027,BR005,chequing,2024-10-15,active
2060,ACC002060,CUST01501,BR008,credit,2025-10-29,closed
2061,ACC002061,CUST00407,BR001,credit,2023-05-06,active
2062,ACC002062,CUST01859,BR002,chequing,2023-05-30,active
2063,ACC002063,CUST00290,BR012,savings,2023-10-16,active
2064,ACC002064,CUST01383,BR005,savings,2024-03-19,closed
2065,ACC002065,CUST01975,BR001,savings,2025-09-17,active
2066,ACC002066,CUST01417,BR011,savings,2025-08-19,active
2067,ACC002067,CUST01268,BR014,credit,2025-05-24,closed
2068,ACC002068,CUST01389,BR010,credit,2025-08-30,active
2069,ACC002069,CUST00748,BR012,credit,2025-06-08,active
2070,ACC002070,CUST00817,BR007,savings,2025-04-12,active
2071,ACC002071,CUST01244,BR010,credit,2025-02-12,active
2072,ACC002072,CUST00481,BR004,savings,2024-06-28,active
2073,ACC002073,CUST01260,BR012,savings,2023-11-08,active
2074,ACC002074,CUST01688,BR014,savings,2023-10-11,dormant
2075,ACC002075,CUST00778,BR011,credit,2025-01-16,active
2076,ACC002076,CUST00940,BR010,chequing,2024-01-09,active
2077,ACC002077,CUST00181,BR010,chequing,2024-06-13,active
2078,ACC002078,CUST01278,BR012,chequing,2025-07-28,active
2079,ACC002079,CUST01420,BR005,savings,2024-05-13,active
2080,ACC002080,CUST01562,BR002,savings,2025-10-06,active
2081,ACC002081,CUST01202,BR002,chequing,2024-11-04,active
2082,ACC002082,CUST01438,BR002,chequing,2023-05-22,active
2083,ACC002083,CUST01698,BR015,chequing,2025-05-08,active
2084,ACC002084,CUST01033,BR001,chequing,2025-04-01,active
2085,ACC002085,CUST01172,BR012,chequing,2024-06-19,active
2086,ACC002086,CUST01864,BR006,credit,2025-07-22,closed
2087,ACC002087,CUST01882,BR014,chequing,2024-03-27,active
2088,ACC002088,CUST01040,BR009,credit,2024-02-28,active
2089,ACC002089,CUST01832,BR002,credit,2024-01-18,active
2090,ACC002090,CUST01169,BR007,savings,2023-07-06,active
2091,ACC002091,CUST00788,BR004,credit,2025-10-31,closed
2092,ACC002092,CUST01298,BR007,savings,2024-05-06,active
2093,ACC002093,CUST00047,BR015,chequing,2023-07-07,closed
2094,ACC002094,CUST01946,BR008,credit,2023-10-12,active
2095,ACC002095,CUST00835,BR007,savings,2023-10-27,active
2096,ACC002096,CUST00291,BR005,savings,2024-11-13,active
2097,ACC002097,CUST01821,BR010,chequing,2025-10-17,active
2098,ACC002098,CUST00595,BR001,chequing,2023-03-12,active
2099,ACC002099,CUST01505,BR011,credit,2023-10-17,active
2100,ACC002100,CUST00802,BR011,chequing,2023-06-26,active
2101,ACC002101,CUST01529,BR007,chequing,2024-10-16,active
2102,ACC002102,CUST00050,BR009,savings,2024-07-27,active
2103,ACC002103,CUST00294,BR008,chequing,2025-03-31,dormant
2104,ACC002104,CUST00416,BR012,chequing,2024-02-10,dormant
2105,ACC002105,CUST00656,BR015,savings,2024-03-20,active
2106,ACC002106,CUST01460,BR013,chequing,2023-01-27,active
2107,ACC002107,CUST00120,BR001,credit,2023-03-19,active
2108,ACC002108,CUST01078,BR014,credit,2024-04-25,active
2109,ACC002109,CUST00909,BR009,chequing,2023-01-08,active
2110,ACC002110,CUST00635,BR014,credit,2023-04-02,active
2111,ACC002111,CUST01319,BR004,savings,2024-07-24,active
2112,ACC002112,CUST01114,BR015,credit,2024-01-04,active
2113,ACC002113,CUST00104,BR010,credit,2024-04-16,active
2114,ACC002114,CUST00538,BR012,chequing,2025-06-27,active
2115,ACC002115,CUST00182,BR004,savings,2025-03-17,active
2116,ACC002116,CUST01877,BR011,chequing,2025-11-14,active
2117,ACC002117,CUST00169,BR003,chequing,2025-05-28,active
2118,ACC002118,CUST00715,BR014,credit,2024-09-12,active
2119,ACC002119,CUST01832,BR012,savings,2025-07-26,active
2120,ACC002120,CUST01786,BR006,credit,2024-03-27,active
2121,ACC002121,CUST01697,BR014,chequing,2023-03-16,dormant
2122,ACC002122,CUST01395,BR009,chequing,2024-05-15,active
2123,ACC002123,CUST01256,BR007,savings,2024-02-20,active
2124,ACC002124,CUST01268,BR009,savings,2023-10-13,active
2125,ACC002125,CUST01198,BR002,credit,2024-09-23,active
2126,ACC002126,CUST00865,BR010,chequing,2025-08-29,dormant
2127,ACC002127,CUST01503,BR014,savings,2023-02-28,active
2128,ACC002128,CUST00213,BR007,savings,2025-05-24,active
2129,ACC002129,CUST01776,BR002,credit,2025-10-11,active
2130,ACC002130,CUST01782,BR015,chequing,2025-12-23,active
2131,ACC002131,CUST01963,BR004,savings,2024-04-28,active
2132,ACC002132,CUST01078,BR015,credit,2025-01-02,active
2133,ACC002133,CUST01493,BR011,savings,2023-11-27,active
2134,ACC002134,CUST00823,BR003,credit,2023-11-22,active
2135,ACC002135,CUST00886,BR007,savings,2025-11-20,active
2136,ACC002136,CUST01055,BR001,credit,2024-02-03,active
2137,ACC002137,CUST00814,BR002,savings,2024-10-27,active
2138,ACC002138,CUST01128,BR015,credit,2023-01-02,active
2139,ACC002139,CUST01190,BR010,chequing,2024-10-13,active
2140,ACC002140,CUST00218,BR003,savings,2024-11-30,active
2141,ACC002141,CUST00984,BR008,chequing,2025-06-07,active
2142,ACC002142,CUST01236,BR014,savings,2025-02-17,active
2143,ACC002143,CUST01125,BR014,chequing,2025-01-26,dormant
2144,ACC002144,CUST01090,BR001,savings,2023-03-02,closed
2145,ACC002145,CUST01881,BR012,savings,2023-09-13,active
2146,ACC002146,CUST00224,BR015,savings,2024-11-06,active
2147,ACC002147,CUST01194,BR004,credit,2023-05-24,dormant
2148,ACC002148,CUST00285,BR010,savings,2025-03-22,active
2149,ACC002149,CUST00191,BR009,credit,2025-06-22,active
2150,ACC002150,CUST00234,BR014,savings,2025-12-12,active
2151,ACC002151,CUST00115,BR014,credit,2025-01-09,active
2152,ACC002152,CUST00009,BR012,credit,2024-01-12,active
2153,ACC002153,CUST01218,BR012,credit,2024-01-06,active
2154,ACC002154,CUST00916,BR009,savings,2024-12-16,active
2155,ACC002155,CUST00102,BR011,chequing,2023-02-04,active
2156,ACC002156,CUST01208,BR004,chequing,2023-09-10,active
2157,ACC002157,CUST01797,BR003,savings,2023-01-28,active
2158,ACC002158,CUST01039,BR007,credit,2023-03-15,active
2159,ACC002159,CUST00351,BR010,chequing,2025-04-02,active
2160,ACC002160,CUST01231,BR006,chequing,2024-01-07,active
2161,ACC002161,CUST01743,BR004,savings,2024-03-07,active
2162,ACC002162,CUST01299,BR009,chequing,2025-02-26,active
2163,ACC002163,CUST00086,BR001,savings,2024-02-05,active
2164,ACC002164,CUST00279,BR013,savings,2023-12-20,closed
2165,ACC002165,CUST01334,BR012,savings,2023-10-12,active
2166,ACC002166,CUST01649,BR010,savings,2025-01-14,active
2167,ACC002167,CUST01936,BR013,credit,2024-08-13,dormant
2168,ACC002168,CUST01429,BR013,savings,2025-10-10,closed
2169,ACC002169,CUST01414,BR002,credit,2024-07-21,active
2170,ACC002170,CUST01938,BR011,credit,2025-01-22,closed
2171,ACC002171,CUST01390,BR013,savings,2024-06-07,active
2172,ACC002172,CUST00780,BR009,savings,2024-03-02,active
2173,ACC002173,CUST00623,BR005,savings,2024-03-24,active
2174,ACC002174,CUST01484,BR002,savings,2025-02-18,active
2175,ACC002175,CUST01836,BR009,credit,2025-05-07,active
2176,ACC002176,CUST01790,BR009,chequing,2024-07-02,active
2177,ACC002177,CUST01611,BR005,credit,2024-04-13,active
2178,ACC002178,CUST01899,BR006,credit,2025-05-28,active
2179,ACC002179,CUST01751,BR007,savings,2024-03-18,active
2180,ACC002180,CUST00803,BR014,savings,2025-11-26,active
2181,ACC002181,CUST00316,BR001,credit,2025-08-01,active
2182,ACC002182,CUST01075,BR008,chequing,2025-11-06,closed
2183,ACC002183,CUST00596,BR004,chequing,2025-04-16,active
2184,ACC002184,CUST01250,BR009,chequing,2024-05-30,active
2185,ACC002185,CUST01785,BR012,savings,2024-11-21,closed
2186,ACC002186,CUST00065,BR006,chequing,2024-09-17,active
2187,ACC002187,CUST00123,BR006,credit,2023-03-07,active
2188,ACC002188,CUST01090,BR005,savings,2025-08-07,active
2189,ACC002189,CUST01685,BR001,chequing,2025-07-26,active
2190,ACC002190,CUST00353,BR015,credit,2024-02-06,active
2191,ACC002191,CUST01428,BR008,savings,2024-04-10,closed
2192,ACC002192,CUST01004,BR015,chequing,2024-10-06,active
2193,ACC002193,CUST01615,BR015,savings,2023-01-10,active
2194,ACC002194,CUST01896,BR001,chequing,2025-05-13,active
2195,ACC002195,CUST01146,BR006,chequing,2024-12-26,active
2196,ACC002196,CUST00272,BR012,credit,2023-01-10,active
2197,ACC002197,CUST00704,BR001,credit,2024-01-14,dormant
2198,ACC002198,CUST00193,BR005,chequing,2024-12-04,active
2199,ACC002199,CUST00133,BR003,savings,2024-06-26,active
2200,ACC002200,CUST01407,BR011,credit,2024-04-21,active
2201,ACC002201,CUST01538,BR008,credit,2024-11-08,active
2202,ACC002202,CUST01634,BR012,credit,2023-07-25,active
2203,ACC002203,CUST00490,BR011,savings,2023-03-01,active
2204,ACC002204,CUST01780,BR003,savings,2025-01-03,active
2205,ACC002205,CUST00944,BR014,savings,2023-11-02,active
2206,ACC002206,CUST01722,BR011,savings,2024-01-11,active
2207,ACC002207,CUST00705,BR002,credit,2023-04-15,active
2208,ACC002208,CUST01016,BR004,credit,2024-01-30,active
2209,ACC002209,CUST01387,BR006,savings,2024-08-22,active
2210,ACC002210,CUST00165,BR005,credit,2025-06-02,dormant
2211,ACC002211,CUST01635,BR010,credit,2023-06-15,active
2212,ACC002212,CUST00664,BR002,chequing,2025-09-03,active
2213,ACC002213,CUST01891,BR005,savings,2025-01-02,active
2214,ACC002214,CUST01402,BR004,credit,2025-07-18,active
2215,ACC002215,CUST01892,BR013,savings,2023-10-05,active
2216,ACC002216,CUST01114,BR014,chequing,2025-05-01,active
2217,ACC002217,CUST00507,BR008,savings,2025-02-28,active
2218,ACC002218,CUST01728,BR003,chequing,2024-10-12,active
2219,ACC002219,CUST00768,BR007,credit,2023-12-08,active
2220,ACC002220,CUST00528,BR015,chequing,2023-12-22,active
2221,ACC002221,CUST00059,BR009,savings,2025-12-12,active
2222,ACC002222,CUST01999,BR013,credit,2025-06-24,active
2223,ACC002223,CUST00029,BR010,credit,2023-05-02,active
2224,ACC002224,CUST00480,BR002,credit,2025-06-02,active
2225,ACC002225,CUST01619,BR014,chequing,2024-11-19,closed
2226,ACC002226,CUST00893,BR012,savings,2023-05-02,active
2227,ACC002227,CUST00067,BR012,savings,2023-10-20,closed
2228,ACC002228,CUST00257,BR015,credit,2025-05-07,active
2229,ACC002229,CUST01386,BR013,chequing,2023-12-21,dormant
2230,ACC002230,CUST00441,BR005,chequing,2025-12-23,closed
2231,ACC002231,CUST01087,BR001,savings,2025-10-25,active
2232,ACC002232,CUST01917,BR002,credit,2024-08-20,active
2233,ACC002233,CUST00118,BR003,savings,2024-05-11,active
2234,ACC002234,CUST00751,BR001,credit,2023-10-24,active
2235,ACC002235,CUST01609,BR012,chequing,2023-08-08,active
2236,ACC002236,CUST00272,BR008,savings,2025-01-29,active
2237,ACC002237,CUST00956,BR003,credit,2023-05-11,active
2238,ACC002238,CUST00679,BR005,credit,2023-02-19,active
2239,ACC002239,CUST01288,BR005,chequing,2023-06-24,active
2240,ACC002240,CUST01449,BR004,credit,2024-09-04,active
2241,ACC002241,CUST01809,BR010,savings,2024-04-05,closed
2242,ACC002242,CUST00174,BR015,chequing,2023-11-18,active
2243,ACC002243,CUST01199,BR008,savings,2023-09-01,active
2244,ACC002244,CUST00220,BR006,chequing,2025-04-15,active
2245,ACC002245,CUST01198,BR002,credit,2025-08-15,active
2246,ACC002246,CUST00799,BR015,savings,2023-05-12,closed
2247,ACC002247,CUST00438,BR014,chequing,2025-11-08,active
2248,ACC002248,CUST00876,BR003,credit,2023-06-20,active
2249,ACC002249,CUST01498,BR009,savings,2024-04-13,active
2250,ACC002250,CUST00319,BR003,chequing,2024-05-19,active
2251,ACC002251,CUST01843,BR002,savings,2025-06-25,active
2252,ACC002252,CUST00944,BR007,savings,2023-08-22,active
2253,ACC002253,CUST00736,BR003,credit,2025-11-18,active
2254,ACC002254,CUST00999,BR001,savings,2024-08-21,active
2255,ACC002255,CUST01219,BR012,credit,2023-06-15,active
2256,ACC002256,CUST00403,BR001,savings,2024-07-15,active
2257,ACC002257,CUST00022,BR013,chequing,2023-01-13,active
2258,ACC002258,CUST01324,BR007,credit,2025-12-02,active
2259,ACC002259,CUST01013,BR009,credit,2023-03-12,closed
2260,ACC002260,CUST01526,BR005,credit,2024-12-10,closed
2261,ACC002261,CUST00349,BR010,savings,2025-10-27,active
2262,ACC002262,CUST01560,BR007,chequing,2024-05-01,active
2263,ACC002263,CUST00098,BR005,chequing,2024-02-26,active
2264,ACC002264,CUST01403,BR012,savings,2024-12-13,active
2265,ACC002265,CUST00141,BR009,credit,2023-10-27,active
2266,ACC002266,CUST00869,BR009,credit,2023-07-17,active
2267,ACC002267,CUST01820,BR004,credit,2023-09-28,active
2268,ACC002268,CUST00147,BR001,savings,2023-07-25,active
2269,ACC002269,CUST00576,BR007,chequing,2023-07-25,active
2270,ACC002270,CUST00328,BR003,chequing,2023-07-21,active
2271,ACC002271,CUST01347,BR009,chequing,2025-01-10,active
2272,ACC002272,CUST00356,BR001,credit,2024-02-08,active
2273,ACC002273,CUST00158,BR015,credit,2025-03-03,active
2274,ACC002274,CUST01483,BR013,credit,2025-04-21,active
2275,ACC002275,CUST01723,BR001,chequing,2023-06-26,active
2276,ACC002276,CUST01437,BR008,chequing,2025-02-18,active
2277,ACC002277,CUST00955,BR012,credit,2024-09-19,active
2278,ACC002278,CUST00878,BR008,chequing,2023-04-05,active
2279,ACC002279,CUST00725,BR003,chequing,2024-06-10,active
2280,ACC002280,CUST00205,BR013,chequing,2025-08-28,closed
2281,ACC002281,CUST00936,BR002,savings,2024-05-09,active
2282,ACC002282,CUST00748,BR014,chequing,2025-12-27,active
2283,ACC002283,CUST00657,BR002,chequing,2024-03-19,active
2284,ACC002284,CUST01084,BR006,chequing,2023-08-14,closed
2285,ACC002285,CUST01197,BR013,chequing,2024-06-26,active
2286,ACC002286,CUST00623,BR006,savings,2025-01-14,active
2287,ACC002287,CUST00968,BR003,credit,2025-03-20,active
2288,ACC002288,CUST00798,BR014,chequing,2024-01-17,active
2289,ACC002289,CUST01021,BR002,chequing,2025-06-18,active
2290,ACC002290,CUST01402,BR013,chequing,2025-10-23,active
2291,ACC002291,CUST01537,BR003,savings,2024-05-07,active
2292,ACC002292,CUST00821,BR002,chequing,2025-04-02,active
2293,ACC002293,CUST00782,BR015,savings,2024-03-24,closed
2294,ACC002294,CUST00763,BR006,savings,2024-02-29,active
2295,ACC002295,CUST00401,BR009,credit,2025-09-05,active
2296,ACC002296,CUST01686,BR001,chequing,2023-10-14,active
2297,ACC002297,CUST01343,BR015,credit,2024-08-14,active
2298,ACC002298,CUST01969,BR002,savings,2024-08-31,active
2299,ACC002299,CUST01815,BR007,chequing,2025-10-09,active
2300,ACC002300,CUST01490,BR004,chequing,2024-08-30,dormant
2301,ACC002301,CUST00227,BR002,savings,2025-05-02,active
2302,ACC002302,CUST01402,BR005,chequing,2023-07-29,active
2303,ACC002303,CUST00606,BR009,chequing,2023-08-19,active
2304,ACC002304,CUST01090,BR012,savings,2024-02-29,closed
2305,ACC002305,CUST00852,BR005,savings,2023-02-25,active
2306,ACC002306,CUST00796,BR006,savings,2025-03-04,active
2307,ACC002307,CUST01849,BR008,chequing,2024-03-19,active
2308,ACC002308,CUST01145,BR013,chequing,2023-01-07,active
2309,ACC002309,CUST01109,BR004,savings,2024-04-11,active
2310,ACC002310,CUST00465,BR012,chequing,2024-12-06,active
2311,ACC002311,CUST00371,BR012,chequing,2023-08-21,active
2312,ACC002312,CUST00344,BR008,chequing,2025-02-24,active
2313,ACC002313,CUST00457,BR005,chequing,2023-03-31,closed
2314,ACC002314,CUST00103,BR007,credit,2023-10-25,active
2315,ACC002315,CUST00168,BR009,savings,2023-12-15,active
2316,ACC002316,CUST00322,BR005,savings,2023-09-12,active
2317,ACC002317,CUST00042,BR002,credit,2023-08-22,active
2318,ACC002318,CUST01195,BR013,savings,2023-04-20,active
2319,ACC002319,CUST00984,BR006,credit,2025-07-06,active
2320,ACC002320,CUST01494,BR013,credit,2025-12-02,active
2321,ACC002321,CUST01706,BR010,savings,2024-08-06,active
2322,ACC002322,CUST00920,BR010,credit,2023-04-27,active
2323,ACC002323,CUST01905,BR014,chequing,2023-08-07,active
2324,ACC002324,CUST00227,BR005,credit,2025-04-18,active
2325,ACC002325,CUST00856,BR006,credit,2023-07-14,active
2326,ACC002326,CUST01095,BR011,chequing,2023-01-20,active
2327,ACC002327,CUST01009,BR004,credit,2024-10-03,active
2328,ACC002328,CUST00499,BR002,savings,2024-02-14,active
2329,ACC002329,CUST00345,BR010,savings,2025-01-20,active
2330,ACC002330,CUST00919,BR014,chequing,2025-04-28,active
2331,ACC002331,CUST01223,BR005,credit,2025-04-20,active
2332,ACC002332,CUST01872,BR009,credit,2023-05-26,active
2333,ACC002333,CUST01719,BR015,chequing,2025-12-12,closed
2334,ACC002334,CUST01456,BR010,credit,2023-04-20,active
2335,ACC002335,CUST01942,BR003,credit,2023-04-07,active
2336,ACC002336,CUST00425,BR011,chequing,2025-10-20,active
2337,ACC002337,CUST01012,BR006,chequing,2023-12-18,active
2338,ACC002338,CUST00455,BR013,credit,2024-02-03,active
2339,ACC002339,CUST00247,BR013,chequing,2023-06-07,active
2340,ACC002340,CUST01764,BR009,savings,2024-07-02,active
2341,ACC002341,CUST01545,BR014,chequing,2024-09-27,active
2342,ACC002342,CUST01710,BR001,chequing,2025-09-02,active
2343,ACC002343,CUST01232,BR006,credit,2024-08-28,active
2344,ACC002344,CUST01591,BR006,credit,2024-04-05,active
2345,ACC002345,CUST00863,BR015,chequing,2023-09-11,active
2346,ACC002346,CUST01743,BR005,credit,2024-03-22,active
2347,ACC002347,CUST00316,BR003,savings,2024-12-01,active
2348,ACC002348,CUST01657,BR005,chequing,2024-01-13,active
2349,ACC002349,CUST01804,BR015,chequing,2024-06-04,active
2350,ACC002350,CUST01777,BR007,chequing,2023-08-06,active
2351,ACC002351,CUST00374,BR012,chequing,2025-04-11,active
2352,ACC002352,CUST00249,BR012,credit,2025-03-20,active
2353,ACC002353,CUST01226,BR005,savings,2024-06-12,active
2354,ACC002354,CUST00426,BR012,credit,2024-05-30,active
2355,ACC002355,CUST00193,BR006,savings,2024-03-21,active
2356,ACC002356,CUST01236,BR004,chequing,2025-08-21,active
2357,ACC002357,CUST01068,BR011,credit,2024-11-22,active
2358,ACC002358,CUST01274,BR001,credit,2025-05-27,active
2359,ACC002359,CUST00627,BR006,credit,2025-08-09,active
2360,ACC002360,CUST00569,BR015,credit,2023-03-07,active
2361,ACC002361,CUST01535,BR010,credit,2023-12-27,active
2362,ACC002362,CUST00944,BR008,credit,2024-01-21,active
2363,ACC002363,CUST01937,BR013,chequing,2025-05-07,active
2364,ACC002364,CUST00132,BR002,chequing,2024-03-17,dormant
2365,ACC002365,CUST00964,BR004,savings,2025-07-16,active
2366,ACC002366,CUST01419,BR003,chequing,2025-09-07,active
2367,ACC002367,CUST01448,BR005,chequing,2024-01-05,active
2368,ACC002368,CUST01333,BR003,credit,2023-12-16,active
2369,ACC002369,CUST01936,BR005,chequing,2025-12-11,closed
2370,ACC002370,CUST01720,BR012,chequing,2023-05-06,active
2371,ACC002371,CUST01869,BR004,chequing,2024-04-25,active
2372,ACC002372,CUST00632,BR015,chequing,2023-07-12,closed
2373,ACC002373,CUST00205,BR011,savings,2024-08-17,active
2374,ACC002374,CUST00608,BR013,credit,2024-07-08,active
2375,ACC002375,CUST01369,BR001,chequing,2024-07-26,active
2376,ACC002376,CUST01714,BR013,savings,2023-01-15,active
2377,ACC002377,CUST00631,BR008,savings,2024-12-19,active
2378,ACC002378,CUST01921,BR002,chequing,2025-11-20,active
2379,ACC002379,CUST00134,BR006,savings,2024-07-15,active
2380,ACC002380,CUST01644,BR010,savings,2023-07-31,active
2381,ACC002381,CUST00720,BR004,credit,2023-05-14,closed
2382,ACC002382,CUST00958,BR001,savings,2024-09-29,active
2383,ACC002383,CUST00275,BR005,savings,2023-07-11,active
2384,ACC002384,CUST01278,BR001,credit,2024-01-02,active
2385,ACC002385,CUST00156,BR011,chequing,2023-02-25,active
2386,ACC002386,CUST00652,BR007,savings,2024-07-01,active
2387,ACC002387,CUST01184,BR010,chequing,2023-03-14,active
2388,ACC002388,CUST00358,BR004,savings,2025-02-21,active
2389,ACC002389,CUST00887,BR010,credit,2025-05-17,active
2390,ACC002390,CUST01588,BR003,credit,2024-12-11,active
2391,ACC002391,CUST01101,BR007,chequing,2024-05-27,active
2392,ACC002392,CUST00134,BR011,credit,2024-01-28,active
2393,ACC002393,CUST00034,BR014,credit,2024-04-17,active
2394,ACC002394,CUST00626,BR003,savings,2023-11-01,active
2395,ACC002395,CUST00776,BR007,credit,2023-12-30,active
2396,ACC002396,CUST00385,BR005,savings,2024-01-27,active
2397,ACC002397,CUST00615,BR011,credit,2024-04-16,dormant
2398,ACC002398,CUST00528,BR004,savings,2025-01-29,active
2399,ACC002399,CUST01961,BR012,credit,2025-02-19,active
2400,ACC002400,CUST01254,BR005,credit,2023-03-18,active
2401,ACC002401,CUST01590,BR013,savings,2024-08-12,active
2402,ACC002402,CUST00511,BR012,credit,2023-12-28,active
2403,ACC002403,CUST01271,BR003,credit,2024-11-06,active
2404,ACC002404,CUST00922,BR005,chequing,2024-11-27,active
2405,ACC002405,CUST00045,BR010,savings,2023-12-01,dormant
2406,ACC002406,CUST01747,BR009,credit,2025-12-07,active
2407,ACC002407,CUST00765,BR010,savings,2025-09-09,active
2408,ACC002408,CUST01773,BR001,chequing,2025-05-24,active
2409,ACC002409,CUST01240,BR014,savings,2024-08-03,active
2410,ACC002410,CUST00661,BR010,chequing,2025-08-21,active
2411,ACC002411,CUST00092,BR005,savings,2023-09-13,active
2412,ACC002412,CUST01072,BR004,chequing,2023-03-19,active
2413,ACC002413,CUST01635,BR010,savings,2024-07-15,active
2414,ACC002414,CUST01042,BR008,chequing,2024-07-16,dormant
2415,ACC002415,CUST01515,BR012,credit,2025-04-03,active
2416,ACC002416,CUST01058,BR007,savings,2025-07-10,active
2417,ACC002417,CUST01252,BR010,savings,2025-07-24,active
2418,ACC002418,CUST01436,BR002,savings,2023-02-15,closed
2419,ACC002419,CUST01775,BR014,savings,2023-04-16,active
2420,ACC002420,CUST00535,BR010,savings,2023-06-18,active
2421,ACC002421,CUST01973,BR013,chequing,2025-12-08,active
2422,ACC002422,CUST01949,BR012,savings,2023-07-30,active
2423,ACC002423,CUST00984,BR014,savings,2025-05-07,active
2424,ACC002424,CUST00668,BR001,credit,2024-11-24,active
2425,ACC002425,CUST01491,BR009,savings,2023-02-10,active
2426,ACC002426,CUST00788,BR008,credit,2024-08-22,active
2427,ACC002427,CUST01817,BR012,credit,2024-01-06,active
2428,ACC002428,CUST01422,BR004,savings,2025-06-09,active
2429,ACC002429,CUST00672,BR001,savings,2024-10-25,active
2430,ACC002430,CUST00035,BR011,savings,2025-04-17,active
2431,ACC002431,CUST01449,BR010,chequing,2025-09-19,active
2432,ACC002432,CUST00094,BR003,credit,2024-06-25,closed
2433,ACC002433,CUST01629,BR009,savings,2023-05-28,active
2434,ACC002434,CUST01440,BR009,credit,2023-12-10,closed
2435,ACC002435,CUST01642,BR008,chequing,2024-09-07,dormant
2436,ACC002436,CUST01730,BR003,savings,2023-04-25,dormant
2437,ACC002437,CUST01398,BR014,chequing,2024-10-24,closed
2438,ACC002438,CUST01005,BR007,credit,2023-12-20,active
2439,ACC002439,CUST01792,BR014,savings,2025-11-19,dormant
2440,ACC002440,CUST00147,BR011,savings,2024-05-25,active
2441,ACC002441,CUST00589,BR010,chequing,2025-04-13,closed
2442,ACC002442,CUST01779,BR001,credit,2025-02-28,active
2443,ACC002443,CUST01049,BR006,chequing,2023-02-08,active
2444,ACC002444,CUST00174,BR001,chequing,2023-10-17,active
2445,ACC002445,CUST01184,BR007,credit,2024-11-13,active
2446,ACC002446,CUST01652,BR010,credit,2024-03-02,active
2447,ACC002447,CUST00603,BR011,credit,2025-01-25,active
2448,ACC002448,CUST01779,BR015,credit,2025-09-29,active
2449,ACC002449,CUST01074,BR007,savings,2023-04-10,closed
2450,ACC002450,CUST00794,BR006,savings,2023-10-28,active
2451,ACC002451,CUST00398,BR012,savings,2024-03-17,active
2452,ACC002452,CUST01393,BR005,chequing,2024-06-12,active
2453,ACC002453,CUST01600,BR010,savings,2024-05-15,active
2454,ACC002454,CUST01101,BR002,credit,2023-11-05,active
2455,ACC002455,CUST00760,BR008,credit,2025-05-13,active
2456,ACC002456,CUST01463,BR014,credit,2023-04-08,active
2457,ACC002457,CUST00451,BR014,chequing,2025-07-03,active
2458,ACC002458,CUST01775,BR006,savings,2025-08-03,closed
2459,ACC002459,CUST00355,BR011,savings,2023-10-06,active
2460,ACC002460,CUST01932,BR007,savings,2024-10-03,active
2461,ACC002461,CUST01044,BR010,credit,2025-09-27,active
2462,ACC002462,CUST00543,BR013,savings,2025-02-05,active
2463,ACC002463,CUST01402,BR005,credit,2024-05-05,closed
2464,ACC002464,CUST01719,BR009,credit,2024-11-15,active
2465,ACC002465,CUST00726,BR014,chequing,2025-07-02,active
2466,ACC002466,CUST01613,BR005,chequing,2024-05-06,active
2467,ACC002467,CUST00954,BR007,credit,2025-08-31,active
2468,ACC002468,CUST00544,BR014,chequing,2023-02-16,dormant
2469,ACC002469,CUST00984,BR007,savings,2024-12-27,active
2470,ACC002470,CUST01223,BR008,savings,2024-02-14,active
2471,ACC002471,CUST00156,BR006,savings,2024-03-01,active
2472,ACC002472,CUST00426,BR001,credit,2023-04-30,active
2473,ACC002473,CUST01318,BR012,chequing,2024-07-22,active
2474,ACC002474,CUST01631,BR007,savings,2025-03-26,active
2475,ACC002475,CUST01037,BR003,chequing,2024-08-17,active
2476,ACC002476,CUST00704,BR004,credit,2024-11-14,active
2477,ACC002477,CUST00866,BR006,chequing,2024-12-01,dormant
2478,ACC002478,CUST01872,BR004,credit,2023-09-24,closed
2479,ACC002479,CUST00881,BR001,credit,2023-01-28,closed
2480,ACC002480,CUST00076,BR005,savings,2023-03-01,closed
2481,ACC002481,CUST01169,BR012,chequing,2023-05-24,active
2482,ACC002482,CUST00503,BR014,savings,2025-01-10,active
2483,ACC002483,CUST00160,BR002,credit,2025-10-24,active
2484,ACC002484,CUST01507,BR007,savings,2023-06-14,active
2485,ACC002485,CUST00209,BR011,savings,2025-10-25,active
2486,ACC002486,CUST01970,BR008,savings,2025-04-02,active
2487,ACC002487,CUST00639,BR012,savings,2025-08-21,active
2488,ACC002488,CUST01891,BR002,credit,2025-04-16,active
2489,ACC002489,CUST01370,BR001,savings,2025-08-03,active
2490,ACC002490,CUST00843,BR007,credit,2025-02-24,active
2491,ACC002491,CUST00302,BR012,credit,2023-02-02,active
2492,ACC002492,CUST01459,BR003,savings,2025-04-07,active
2493,ACC002493,CUST01230,BR010,savings,2023-02-04,active
2494,ACC002494,CUST01268,BR002,savings,2023-12-03,active
2495,ACC002495,CUST01417,BR004,chequing,2024-01-05,active
2496,ACC002496,CUST00381,BR008,savings,2024-08-08,closed
2497,ACC002497,CUST00647,BR005,savings,2024-05-10,active
2498,ACC002498,CUST00865,BR003,chequing,2023-05-18,active
2499,ACC002499,CUST00727,BR002,chequing,2023-06-30,active
2500,ACC002500,CUST00771,BR001,savings,2025-09-19,active
2501,ACC002501,CUST01777,BR004,chequing,2023-07-04,active
2502,ACC002502,CUST01502,BR012,credit,2024-11-26,active
2503,ACC002503,CUST00933,BR005,savings,2023-09-20,active
2504,ACC002504,CUST00671,BR010,savings,2024-07-31,active
2505,ACC002505,CUST01905,BR015,credit,2023-12-07,closed
2506,ACC002506,CUST00463,BR013,credit,2025-09-11,active
2507,ACC002507,CUST01717,BR006,chequing,2025-04-12,active
2508,ACC002508,CUST01896,BR014,savings,2025-09-08,active
2509,ACC002509,CUST00418,BR002,chequing,2025-01-20,active
2510,ACC002510,CUST01381,BR004,chequing,2023-10-17,active
2511,ACC002511,CUST00766,BR004,savings,2025-05-06,active
2512,ACC002512,CUST01095,BR014,chequing,2024-12-16,active
2513,ACC002513,CUST01274,BR015,credit,2025-01-16,active
2514,ACC002514,CUST01421,BR002,savings,2024-11-02,active
2515,ACC002515,CUST01276,BR013,credit,2023-04-29,active
2516,ACC002516,CUST01071,BR005,credit,2023-06-05,closed
2517,ACC002517,CUST01989,BR009,savings,2024-11-07,active
2518,ACC002518,CUST01063,BR014,chequing,2025-02-10,active
2519,ACC002519,CUST01553,BR010,chequing,2024-03-16,active
2520,ACC002520,CUST01931,BR014,chequing,2024-03-27,active
2521,ACC002521,CUST01561,BR010,chequing,2023-03-26,active
2522,ACC002522,CUST00402,BR009,chequing,2024-06-12,closed
2523,ACC002523,CUST00388,BR005,chequing,2023-12-21,active
2524,ACC002524,CUST00322,BR002,credit,2025-01-27,active
2525,ACC002525,CUST01525,BR014,chequing,2023-04-17,active
2526,ACC002526,CUST01507,BR015,chequing,2023-12-22,active
2527,ACC002527,CUST00644,BR003,savings,2024-01-31,active
2528,ACC002528,CUST00179,BR005,credit,2025-04-02,active
2529,ACC002529,CUST00511,BR002,savings,2024-12-30,active
2530,ACC002530,CUST01739,BR001,chequing,2024-10-18,active
2531,ACC002531,CUST00389,BR001,savings,2024-08-30,active
2532,ACC002532,CUST00904,BR009,chequing,2023-07-24,closed
2533,ACC002533,CUST01263,BR015,credit,2025-04-14,active
2534,ACC002534,CUST01125,BR005,credit,2024-10-02,active
2535,ACC002535,CUST00834,BR012,credit,2025-06-04,active
2536,ACC002536,CUST01639,BR005,savings,2024-09-13,active
2537,ACC002537,CUST01144,BR012,chequing,2023-07-21,active
2538,ACC002538,CUST01923,BR010,credit,2024-06-30,active
2539,ACC002539,CUST00113,BR007,savings,2023-06-18,closed
2540,ACC002540,CUST01879,BR012,chequing,2023-02-16,active
2541,ACC002541,CUST00215,BR015,credit,2025-02-22,dormant
2542,ACC002542,CUST00780,BR012,credit,2023-07-11,active
2543,ACC002543,CUST01834,BR013,credit,2025-12-14,active
2544,ACC002544,CUST00328,BR011,savings,2023-10-02,active
2545,ACC002545,CUST00253,BR007,credit,2023-10-17,active
2546,ACC002546,CUST01032,BR015,chequing,2023-11-08,active
2547,ACC002547,CUST01297,BR013,savings,2024-12-29,closed
2548,ACC002548,CUST00824,BR003,credit,2025-02-19,active
2549,ACC002549,CUST01165,BR013,savings,2023-10-27,active
2550,ACC002550,CUST00397,BR011,savings,2025-10-13,active
2551,ACC002551,CUST01910,BR012,chequing,2023-01-08,active
2552,ACC002552,CUST01165,BR004,chequing,2024-12-21,active
2553,ACC002553,CUST01557,BR003,credit,2025-07-22,active
2554,ACC002554,CUST00413,BR003,chequing,2023-03-04,active
2555,ACC002555,CUST01322,BR011,savings,2024-07-01,active
2556,ACC002556,CUST01261,BR008,credit,2023-09-21,active
2557,ACC002557,CUST00392,BR009,savings,2023-09-08,active
2558,ACC002558,CUST00717,BR002,savings,2024-11-16,active
2559,ACC002559,CUST01469,BR013,chequing,2024-11-09,active
2560,ACC002560,CUST01049,BR015,credit,2023-02-17,active
2561,ACC002561,CUST00302,BR015,credit,2025-11-22,active
2562,ACC002562,CUST01651,BR007,chequing,2024-08-12,active
2563,ACC002563,CUST00356,BR013,chequing,2024-06-20,active
2564,ACC002564,CUST01604,BR006,savings,2025-09-04,active
2565,ACC002565,CUST01956,BR013,savings,2024-11-29,active
2566,ACC002566,CUST01187,BR001,savings,2023-06-20,active
2567,ACC002567,CUST01991,BR012,credit,2025-10-31,active
2568,ACC002568,CUST00804,BR012,savings,2024-02-23,active
2569,ACC002569,CUST01845,BR007,savings,2024-12-26,active
2570,ACC002570,CUST00276,BR004,credit,2025-10-04,active
2571,ACC002571,CUST01898,BR009,savings,2025-02-19,active
2572,ACC002572,CUST01428,BR015,credit,2024-05-01,active
2573,ACC002573,CUST00798,BR011,chequing,2025-05-03,active
2574,ACC002574,CUST01813,BR015,chequing,2023-02-17,closed
2575,ACC002575,CUST00201,BR013,credit,2024-02-01,active
2576,ACC002576,CUST00019,BR015,savings,2025-09-14,active
2577,ACC002577,CUST00568,BR011,savings,2023-06-13,active
2578,ACC002578,CUST01261,BR001,chequing,2025-11-08,active
2579,ACC002579,CUST00675,BR002,credit,2024-06-09,closed
2580,ACC002580,CUST01068,BR010,savings,2024-05-18,active
2581,ACC002581,CUST01948,BR012,credit,2024-08-16,active
2582,ACC002582,CUST01207,BR012,chequing,2024-06-15,active
2583,ACC002583,CUST01154,BR012,chequing,2025-01-10,active
2584,ACC002584,CUST00903,BR003,credit,2024-05-05,active
2585,ACC002585,CUST01808,BR002,credit,2025-04-17,active
2586,ACC002586,CUST01310,BR001,credit,2024-11-09,active
2587,ACC002587,CUST00259,BR011,credit,2025-03-17,active
2588,ACC002588,CUST01655,BR009,savings,2025-11-11,active
2589,ACC002589,CUST00828,BR014,credit,2025-12-18,active
2590,ACC002590,CUST00848,BR014,savings,2025-02-17,active
2591,ACC002591,CUST00306,BR010,chequing,2025-01-22,active
2592,ACC002592,CUST01924,BR011,credit,2024-01-16,closed
2593,ACC002593,CUST00326,BR009,chequing,2023-01-04,active
2594,ACC002594,CUST00227,BR009,chequing,2023-11-12,active
2595,ACC002595,CUST00430,BR001,savings,2025-11-10,active
2596,ACC002596,CUST00875,BR009,credit,2024-09-02,active
2597,ACC002597,CUST01704,BR007,savings,2025-04-18,active
2598,ACC002598,CUST01029,BR001,credit,2025-03-28,active
2599,ACC002599,CUST01642,BR009,chequing,2025-09-09,dormant
2600,ACC002600,CUST01504,BR005,credit,2024-10-28,active
2601,ACC002601,CUST00973,BR006,chequing,2023-06-12,active
2602,ACC002602,CUST01303,BR004,chequing,2025-09-05,active
2603,ACC002603,CUST00706,BR011,credit,2024-11-06,active
2604,ACC002604,CUST00325,BR015,credit,2025-09-27,active
2605,ACC002605,CUST01452,BR008,savings,2023-06-28,dormant
2606,ACC002606,CUST00132,BR012,credit,2024-08-19,dormant
2607,ACC002607,CUST00791,BR011,chequing,2025-05-27,active
2608,ACC002608,CUST01558,BR002,credit,2023-08-30,active
2609,ACC002609,CUST01268,BR008,savings,2024-06-10,active
2610,ACC002610,CUST00550,BR010,savings,2024-12-29,active
2611,ACC002611,CUST00148,BR013,savings,2025-06-11,active
2612,ACC002612,CUST00229,BR010,savings,2025-06-21,active
2613,ACC002613,CUST00875,BR004,credit,2023-01-17,closed
2614,ACC002614,CUST00103,BR010,chequing,2024-12-19,active
2615,ACC002615,CUST01676,BR003,chequing,2023-08-14,active
2616,ACC002616,CUST00393,BR014,chequing,2023-06-25,active
2617,ACC002617,CUST00671,BR010,savings,2023-11-14,active
2618,ACC002618,CUST00576,BR003,chequing,2025-12-09,active
2619,ACC002619,CUST01109,BR013,credit,2024-03-16,active
2620,ACC002620,CUST01358,BR010,chequing,2025-09-09,active
2621,ACC002621,CUST01134,BR001,credit,2025-11-30,active
2622,ACC002622,CUST00893,BR011,credit,2023-04-11,dormant
2623,ACC002623,CUST01648,BR011,credit,2023-03-10,active
2624,ACC002624,CUST01626,BR004,chequing,2024-09-06,active
2625,ACC002625,CUST00148,BR014,savings,2024-03-24,active
2626,ACC002626,CUST00496,BR006,credit,2025-03-28,active
2627,ACC002627,CUST01530,BR008,chequing,2024-12-09,active
2628,ACC002628,CUST00559,BR007,chequing,2024-12-07,active
2629,ACC002629,CUST00316,BR015,savings,2023-03-25,active
2630,ACC002630,CUST00896,BR008,savings,2025-04-05,active
2631,ACC002631,CUST00283,BR008,chequing,2023-04-09,active
2632,ACC002632,CUST01535,BR004,savings,2024-09-04,active
2633,ACC002633,CUST00129,BR002,credit,2023-11-10,active
2634,ACC002634,CUST01682,BR006,savings,2025-06-29,active
2635,ACC002635,CUST01896,BR011,chequing,2025-10-23,active
2636,ACC002636,CUST00088,BR003,chequing,2025-01-01,dormant
2637,ACC002637,CUST01480,BR015,credit,2024-03-21,active
2638,ACC002638,CUST01764,BR001,credit,2025-10-15,active
2639,ACC002639,CUST01792,BR006,credit,2023-10-12,active
2640,ACC002640,CUST00326,BR007,chequing,2025-05-03,active
2641,ACC002641,CUST01931,BR010,savings,2025-03-25,active
2642,ACC002642,CUST01049,BR005,savings,2025-03-20,active
2643,ACC002643,CUST01150,BR010,chequing,2025-09-11,active
2644,ACC002644,CUST00169,BR011,credit,2023-07-24,active
2645,ACC002645,CUST00133,BR008,savings,2025-02-06,active
2646,ACC002646,CUST00314,BR010,credit,2024-07-21,active
2647,ACC002647,CUST01626,BR005,credit,2023-12-05,active
2648,ACC002648,CUST01377,BR002,savings,2024-07-18,active
2649,ACC002649,CUST00365,BR009,credit,2024-05-15,active
2650,ACC002650,CUST01320,BR006,credit,2025-09-01,active
2651,ACC002651,CUST00912,BR007,savings,2025-02-15,active
2652,ACC002652,CUST01193,BR015,chequing,2025-09-12,active
2653,ACC002653,CUST00668,BR005,credit,2024-06-23,active
2654,ACC002654,CUST01451,BR004,credit,2024-09-18,active
2655,ACC002655,CUST01569,BR007,credit,2025-08-22,active
2656,ACC002656,CUST00209,BR006,savings,2023-12-24,dormant
2657,ACC002657,CUST01487,BR001,credit,2024-06-28,active
2658,ACC002658,CUST01759,BR015,chequing,2025-09-24,active
2659,ACC002659,CUST01945,BR012,chequing,2024-09-03,closed
2660,ACC002660,CUST00709,BR004,savings,2025-08-07,active
2661,ACC002661,CUST00105,BR011,chequing,2023-08-13,active
2662,ACC002662,CUST00683,BR011,savings,2025-08-04,active
2663,ACC002663,CUST00469,BR013,savings,2024-06-22,active
2664,ACC002664,CUST00147,BR014,credit,2024-06-21,active
2665,ACC002665,CUST00991,BR003,chequing,2024-12-22,closed
2666,ACC002666,CUST00960,BR009,savings,2025-04-01,active
2667,ACC002667,CUST00458,BR006,savings,2025-09-26,active
2668,ACC002668,CUST00806,BR009,savings,2025-02-05,active
2669,ACC002669,CUST01269,BR011,savings,2023-11-07,active
2670,ACC002670,CUST00297,BR009,savings,2025-02-02,active
2671,ACC002671,CUST00037,BR014,credit,2024-12-05,active
2672,ACC002672,CUST01225,BR005,savings,2025-01-11,closed
2673,ACC002673,CUST00201,BR011,savings,2025-04-04,active
2674,ACC002674,CUST01613,BR015,credit,2024-06-21,active
2675,ACC002675,CUST00241,BR013,chequing,2025-04-20,active
2676,ACC002676,CUST00438,BR012,credit,2024-09-10,active
2677,ACC002677,CUST00616,BR001,savings,2023-07-28,active
2678,ACC002678,CUST01653,BR010,savings,2023-07-16,active
2679,ACC002679,CUST01010,BR011,credit,2025-09-28,active
2680,ACC002680,CUST01652,BR014,credit,2024-05-17,dormant
2681,ACC002681,CUST00255,BR009,savings,2024-10-16,active
2682,ACC002682,CUST00086,BR009,credit,2024-03-19,active
2683,ACC002683,CUST00581,BR006,credit,2025-04-04,active
2684,ACC002684,CUST00946,BR001,chequing,2025-03-06,active
2685,ACC002685,CUST00160,BR008,savings,2023-03-05,active
2686,ACC002686,CUST00081,BR013,chequing,2025-06-16,active
2687,ACC002687,CUST01926,BR007,savings,2024-07-06,active
2688,ACC002688,CUST01002,BR009,savings,2023-12-31,closed
2689,ACC002689,CUST00641,BR006,credit,2023-07-20,active
2690,ACC002690,CUST01442,BR003,chequing,2025-01-17,active
2691,ACC002691,CUST01599,BR004,credit,2025-05-18,active
2692,ACC002692,CUST01387,BR004,savings,2024-02-10,active
2693,ACC002693,CUST00997,BR004,savings,2024-12-30,active
2694,ACC002694,CUST01218,BR007,chequing,2025-09-28,active
2695,ACC002695,CUST00263,BR003,credit,2024-03-15,active
2696,ACC002696,CUST00175,BR004,chequing,2024-12-08,active
2697,ACC002697,CUST01543,BR004,credit,2023-01-15,active
2698,ACC002698,CUST00389,BR001,credit,2025-08-16,closed
2699,ACC002699,CUST00635,BR003,savings,2024-09-26,dormant
2700,ACC002700,CUST00465,BR007,savings,2024-04-05,active
2701,ACC002701,CUST01459,BR013,credit,2025-04-27,active
2702,ACC002702,CUST01680,BR015,chequing,2024-07-02,active
2703,ACC002703,CUST00046,BR004,credit,2023-01-23,active
2704,ACC002704,CUST01873,BR008,credit,2024-04-12,active
2705,ACC002705,CUST01586,BR011,savings,2025-01-17,active
2706,ACC002706,CUST00315,BR007,chequing,2025-11-17,active
2707,ACC002707,CUST01741,BR006,chequing,2025-04-30,active
2708,ACC002708,CUST01494,BR008,credit,2024-06-25,active
2709,ACC002709,CUST01639,BR002,chequing,2025-11-03,closed
2710,ACC002710,CUST01072,BR007,savings,2023-08-01,active
2711,ACC002711,CUST00259,BR011,chequing,2024-02-06,active
2712,ACC002712,CUST00341,BR002,savings,2023-12-07,active
2713,ACC002713,CUST00326,BR013,savings,2023-06-19,closed
2714,ACC002714,CUST01200,BR008,credit,2023-10-28,active
2715,ACC002715,CUST01659,BR010,savings,2025-03-18,dormant
2716,ACC002716,CUST01554,BR006,savings,2024-06-24,active
2717,ACC002717,CUST00559,BR007,savings,2024-03-15,active
2718,ACC002718,CUST01406,BR014,savings,2024-07-27,active
2719,ACC002719,CUST00157,BR002,credit,2023-07-19,active
2720,ACC002720,CUST01409,BR009,credit,2024-12-02,active
2721,ACC002721,CUST00783,BR015,savings,2024-01-20,active
2722,ACC002722,CUST00038,BR011,savings,2023-10-23,active
2723,ACC002723,CUST01132,BR014,credit,2023-07-25,active
2724,ACC002724,CUST00444,BR008,credit,2025-05-28,active
2725,ACC002725,CUST01599,BR002,credit,2024-07-26,closed
2726,ACC002726,CUST01924,BR002,savings,2025-02-21,active
2727,ACC002727,CUST00340,BR001,chequing,2024-06-18,active
2728,ACC002728,CUST00500,BR004,chequing,2024-10-24,active
2729,ACC002729,CUST00123,BR015,chequing,2023-08-16,active
2730,ACC002730,CUST00347,BR009,chequing,2025-03-08,active
2731,ACC002731,CUST00004,BR009,savings,2025-03-19,closed
2732,ACC002732,CUST00960,BR015,savings,2023-04-05,active
2733,ACC002733,CUST00022,BR007,credit,2025-09-16,active
2734,ACC002734,CUST01990,BR009,chequing,2025-08-10,active
2735,ACC002735,CUST01517,BR010,savings,2023-01-06,active
2736,ACC002736,CUST01340,BR008,credit,2023-05-15,active
2737,ACC002737,CUST00380,BR002,savings,2023-10-29,active
2738,ACC002738,CUST01118,BR009,credit,2025-03-19,active
2739,ACC002739,CUST01346,BR005,chequing,2025-10-23,active
2740,ACC002740,CUST01177,BR004,chequing,2024-04-08,closed
2741,ACC002741,CUST01375,BR003,savings,2024-09-01,active
2742,ACC002742,CUST01630,BR007,savings,2025-05-29,active
2743,ACC002743,CUST00224,BR010,credit,2023-06-20,active
2744,ACC002744,CUST00662,BR012,credit,2024-04-17,active
2745,ACC002745,CUST00042,BR007,savings,2023-03-09,dormant
2746,ACC002746,CUST01474,BR012,savings,2023-02-01,active
2747,ACC002747,CUST00268,BR006,credit,2023-08-23,active
2748,ACC002748,CUST01221,BR008,credit,2023-04-19,active
2749,ACC002749,CUST00142,BR012,savings,2023-07-24,active
2750,ACC002750,CUST01116,BR003,credit,2025-03-12,active
2751,ACC002751,CUST00023,BR008,savings,2023-12-25,active
2752,ACC002752,CUST00681,BR015,chequing,2023-05-18,active
2753,ACC002753,CUST01306,BR015,savings,2023-10-11,active
2754,ACC002754,CUST00699,BR003,savings,2023-01-08,active
2755,ACC002755,CUST00232,BR007,credit,2023-02-21,active
2756,ACC002756,CUST01045,BR008,savings,2024-07-19,active
2757,ACC002757,CUST00290,BR014,credit,2024-04-19,active
2758,ACC002758,CUST00754,BR009,chequing,2025-10-28,active
2759,ACC002759,CUST00394,BR011,credit,2023-06-19,active
2760,ACC002760,CUST00742,BR008,chequing,2024-10-30,closed
2761,ACC002761,CUST00984,BR005,savings,2024-06-03,active
2762,ACC002762,CUST00446,BR013,credit,2024-12-07,active
2763,ACC002763,CUST01795,BR003,credit,2023-06-16,active
2764,ACC002764,CUST01859,BR013,chequing,2023-11-05,closed
2765,ACC002765,CUST00501,BR004,chequing,2024-11-07,active
2766,ACC002766,CUST01949,BR011,credit,2025-09-14,active
2767,ACC002767,CUST00025,BR015,chequing,2024-11-25,active
2768,ACC002768,CUST01767,BR010,savings,2023-07-24,active
2769,ACC002769,CUST01010,BR002,savings,2023-02-24,active
2770,ACC002770,CUST00708,BR007,credit,2025-07-14,closed
2771,ACC002771,CUST01830,BR010,savings,2023-05-31,active
2772,ACC002772,CUST01864,BR015,credit,2025-02-21,active
2773,ACC002773,CUST00191,BR007,savings,2024-04-19,active
2774,ACC002774,CUST01293,BR009,credit,2024-10-18,active
2775,ACC002775,CUST00918,BR007,credit,2024-06-14,active
2776,ACC002776,CUST01142,BR008,savings,2025-07-25,active
2777,ACC002777,CUST01367,BR007,chequing,2023-01-20,active
2778,ACC002778,CUST00460,BR005,savings,2025-07-20,active
2779,ACC002779,CUST01369,BR014,chequing,2023-06-13,active
2780,ACC002780,CUST00968,BR013,chequing,2023-04-02,active
2781,ACC002781,CUST00363,BR005,credit,2025-05-10,active
2782,ACC002782,CUST01480,BR012,savings,2024-11-13,closed
2783,ACC002783,CUST01024,BR015,savings,2024-11-27,active
2784,ACC002784,CUST00001,BR005,credit,2024-07-29,closed
2785,ACC002785,CUST01759,BR001,credit,2024-09-13,active
2786,ACC002786,CUST00899,BR012,chequing,2023-08-28,active
2787,ACC002787,CUST00706,BR007,chequing,2024-11-29,active
2788,ACC002788,CUST00333,BR008,chequing,2025-07-20,active
2789,ACC002789,CUST01739,BR010,savings,2024-09-04,active
2790,ACC002790,CUST00847,BR014,chequing,2023-08-04,active
2791,ACC002791,CUST00992,BR010,savings,2025-03-14,active
2792,ACC002792,CUST00921,BR006,savings,2024-12-20,active
2793,ACC002793,CUST00945,BR003,credit,2025-07-22,active
2794,ACC002794,CUST00794,BR011,credit,2024-03-06,active
2795,ACC002795,CUST00692,BR005,credit,2023-02-20,active
2796,ACC002796,CUST01188,BR001,credit,2025-11-05,active
2797,ACC002797,CUST01404,BR007,credit,2024-12-15,active
2798,ACC002798,CUST00024,BR014,savings,2025-02-15,active
2799,ACC002799,CUST01493,BR010,chequing,2025-04-15,active
2800,ACC002800,CUST01064,BR003,savings,2025-09-02,active
2801,ACC002801,CUST01572,BR014,savings,2025-06-21,closed
2802,ACC002802,CUST00900,BR010,savings,2025-08-17,active
2803,ACC002803,CUST01340,BR004,credit,2025-04-12,active
2804,ACC002804,CUST00457,BR008,savings,2024-01-12,closed
2805,ACC002805,CUST01655,BR013,savings,2023-05-23,active
2806,ACC002806,CUST00175,BR001,savings,2024-05-03,dormant
2807,ACC002807,CUST00253,BR003,credit,2025-05-09,active
2808,ACC002808,CUST01354,BR013,chequing,2025-04-13,active
2809,ACC002809,CUST01846,BR011,chequing,2024-08-11,active
2810,ACC002810,CUST00475,BR004,credit,2024-05-10,active
2811,ACC002811,CUST00294,BR004,credit,2024-04-15,active
2812,ACC002812,CUST00777,BR001,savings,2023-02-26,active
2813,ACC002813,CUST01950,BR007,credit,2024-06-13,active
2814,ACC002814,CUST01393,BR015,chequing,2025-03-27,active
2815,ACC002815,CUST01341,BR003,chequing,2024-11-29,active
2816,ACC002816,CUST01803,BR007,savings,2023-10-15,active
2817,ACC002817,CUST00186,BR003,credit,2024-12-04,active
2818,ACC002818,CUST01466,BR014,chequing,2023-03-09,active
2819,ACC002819,CUST01765,BR005,savings,2025-12-23,closed
2820,ACC002820,CUST01139,BR006,savings,2025-12-24,active
2821,ACC002821,CUST01940,BR006,chequing,2023-08-07,active
2822,ACC002822,CUST01186,BR011,credit,2023-01-21,active
2823,ACC002823,CUST00742,BR006,savings,2023-10-21,active
2824,ACC002824,CUST00014,BR006,chequing,2025-06-28,active
2825,ACC002825,CUST00620,BR003,savings,2024-11-13,active
2826,ACC002826,CUST00983,BR009,savings,2025-12-21,active
2827,ACC002827,CUST00915,BR009,savings,2023-02-26,active
2828,ACC002828,CUST00087,BR004,credit,2023-09-24,active
2829,ACC002829,CUST00511,BR015,chequing,2025-09-11,active
2830,ACC002830,CUST01842,BR002,credit,2024-10-29,active
2831,ACC002831,CUST01976,BR007,chequing,2023-09-27,active
2832,ACC002832,CUST00967,BR010,credit,2025-09-18,active
2833,ACC002833,CUST01814,BR009,savings,2024-02-20,active
2834,ACC002834,CUST01433,BR002,savings,2023-11-19,active
2835,ACC002835,CUST01163,BR006,savings,2023-12-22,active
2836,ACC002836,CUST00232,BR008,credit,2025-03-14,active
2837,ACC002837,CUST00236,BR007,chequing,2024-04-25,active
2838,ACC002838,CUST00375,BR009,credit,2025-11-03,active
2839,ACC002839,CUST00010,BR001,savings,2023-06-10,active
2840,ACC002840,CUST00367,BR009,savings,2024-10-01,active
2841,ACC002841,CUST00163,BR003,chequing,2023-10-29,active
2842,ACC002842,CUST01497,BR012,credit,2023-01-08,active
2843,ACC002843,CUST01818,BR008,savings,2024-09-01,active
2844,ACC002844,CUST00557,BR002,savings,2024-07-18,active
2845,ACC002845,CUST01269,BR003,credit,2023-05-20,active
2846,ACC002846,CUST01819,BR005,savings,2025-04-30,active
2847,ACC002847,CUST00956,BR006,credit,2023-02-06,active
2848,ACC002848,CUST00729,BR003,savings,2025-07-05,active
2849,ACC002849,CUST00350,BR014,chequing,2024-04-15,closed
2850,ACC002850,CUST00816,BR001,savings,2025-12-30,closed
2851,ACC002851,CUST00700,BR005,credit,2024-01-22,active
2852,ACC002852,CUST01174,BR006,credit,2025-10-07,active
2853,ACC002853,CUST00488,BR012,credit,2024-03-18,active
2854,ACC002854,CUST01449,BR011,chequing,2025-05-22,active
2855,ACC002855,CUST00181,BR014,savings,2024-11-18,active
2856,ACC002856,CUST01218,BR003,chequing,2023-10-03,active
2857,ACC002857,CUST00155,BR005,credit,2025-12-24,active
2858,ACC002858,CUST01442,BR002,credit,2025-07-31,active
2859,ACC002859,CUST00748,BR001,credit,2023-08-07,active
2860,ACC002860,CUST01017,BR010,savings,2023-09-28,active
2861,ACC002861,CUST00265,BR006,chequing,2023-09-25,active
2862,ACC002862,CUST01738,BR009,chequing,2024-12-23,active
2863,ACC002863,CUST00465,BR012,chequing,2025-07-10,active
2864,ACC002864,CUST01703,BR005,credit,2024-02-09,active
2865,ACC002865,CUST01200,BR006,credit,2023-11-27,active
2866,ACC002866,CUST00212,BR006,credit,2025-01-31,closed
2867,ACC002867,CUST01661,BR002,chequing,2025-05-29,active
2868,ACC002868,CUST01643,BR010,credit,2025-06-27,active
2869,ACC002869,CUST01232,BR003,chequing,2025-08-13,active
2870,ACC002870,CUST01918,BR008,savings,2023-08-15,dormant
2871,ACC002871,CUST01973,BR005,chequing,2024-09-04,active
2872,ACC002872,CUST00958,BR014,chequing,2025-04-23,active
2873,ACC002873,CUST00267,BR006,credit,2023-06-13,active
2874,ACC002874,CUST01118,BR004,credit,2023-05-24,active
2875,ACC002875,CUST01338,BR010,savings,2025-07-09,active
2876,ACC002876,CUST01893,BR011,savings,2025-08-02,active
2877,ACC002877,CUST01807,BR013,savings,2024-08-31,active
2878,ACC002878,CUST00627,BR004,credit,2024-12-02,closed
2879,ACC002879,CUST01276,BR015,savings,2025-11-28,active
2880,ACC002880,CUST01237,BR014,savings,2025-01-11,active
2881,ACC002881,CUST00692,BR015,savings,2024-09-21,active
2882,ACC002882,CUST01062,BR014,credit,2023-03-30,active
2883,ACC002883,CUST01257,BR015,credit,2023-04-07,active
2884,ACC002884,CUST00464,BR005,credit,2023-02-08,active
2885,ACC002885,CUST00257,BR005,savings,2025-05-07,dormant
2886,ACC002886,CUST01284,BR001,credit,2023-04-13,active
2887,ACC002887,CUST00020,BR010,chequing,2025-05-08,active
2888,ACC002888,CUST00990,BR004,savings,2025-04-30,active
2889,ACC002889,CUST01801,BR003,savings,2025-02-21,active
2890,ACC002890,CUST01985,BR012,chequing,2023-09-15,active
2891,ACC002891,CUST01217,BR003,chequing,2024-03-28,active
2892,ACC002892,CUST01228,BR004,chequing,2023-06-23,active
2893,ACC002893,CUST00550,BR015,credit,2023-05-01,closed
2894,ACC002894,CUST01391,BR006,chequing,2025-08-13,active
2895,ACC002895,CUST01934,BR012,chequing,2025-07-31,active
2896,ACC002896,CUST00374,BR007,savings,2023-05-15,active
2897,ACC002897,CUST01967,BR014,savings,2025-05-12,active
2898,ACC002898,CUST01614,BR001,chequing,2023-05-15,active
2899,ACC002899,CUST00258,BR015,credit,2024-04-01,active
2900,ACC002900,CUST00676,BR010,credit,2024-07-12,active
2901,ACC002901,CUST00628,BR003,chequing,2024-05-11,active
2902,ACC002902,CUST01972,BR013,credit,2024-10-23,active
2903,ACC002903,CUST01402,BR007,credit,2025-09-12,active
2904,ACC002904,CUST01633,BR015,chequing,2024-12-23,active
2905,ACC002905,CUST01219,BR001,chequing,2023-12-07,active
2906,ACC002906,CUST01870,BR003,credit,2024-09-08,active
2907,ACC002907,CUST01597,BR004,savings,2024-10-26,active
2908,ACC002908,CUST01474,BR004,chequing,2023-02-02,active
2909,ACC002909,CUST01441,BR011,chequing,2025-06-04,active
2910,ACC002910,CUST00929,BR007,chequing,2024-09-30,active
2911,ACC002911,CUST00925,BR009,savings,2024-05-25,active
2912,ACC002912,CUST01446,BR006,savings,2024-06-16,active
2913,ACC002913,CUST00108,BR012,savings,2023-12-27,active
2914,ACC002914,CUST00256,BR007,credit,2025-10-06,active
2915,ACC002915,CUST01483,BR012,credit,2023-05-06,active
2916,ACC002916,CUST00908,BR006,savings,2024-04-05,active
2917,ACC002917,CUST00627,BR004,credit,2025-03-30,active
2918,ACC002918,CUST00568,BR006,chequing,2024-01-11,active
2919,ACC002919,CUST01411,BR006,chequing,2025-11-17,active
2920,ACC002920,CUST01422,BR004,savings,2025-07-24,active
2921,ACC002921,CUST01695,BR013,credit,2023-07-21,closed
2922,ACC002922,CUST00505,BR001,savings,2024-04-21,active
2923,ACC002923,CUST00510,BR011,credit,2024-03-02,active
2924,ACC002924,CUST00472,BR007,savings,2023-07-27,active
2925,ACC002925,CUST00313,BR005,savings,2024-06-03,active
2926,ACC002926,CUST01168,BR009,savings,2024-01-26,active
2927,ACC002927,CUST00940,BR003,chequing,2024-05-10,active
2928,ACC002928,CUST00092,BR006,chequing,2025-03-29,active
2929,ACC002929,CUST00510,BR014,chequing,2024-10-30,active
2930,ACC002930,CUST00059,BR008,credit,2023-07-03,active
2931,ACC002931,CUST00731,BR006,credit,2025-10-18,active
2932,ACC002932,CUST01204,BR005,credit,2023-04-18,active
2933,ACC002933,CUST00312,BR015,credit,2024-09-04,closed
2934,ACC002934,CUST00806,BR005,chequing,2023-06-11,active
2935,ACC002935,CUST00321,BR006,savings,2023-06-29,active
2936,ACC002936,CUST00477,BR009,chequing,2025-09-22,active
2937,ACC002937,CUST00155,BR010,chequing,2024-05-25,active
2938,ACC002938,CUST01501,BR015,savings,2023-02-13,active
2939,ACC002939,CUST01522,BR004,credit,2024-09-27,active
2940,ACC002940,CUST00521,BR015,chequing,2025-08-21,active
2941,ACC002941,CUST01418,BR008,savings,2025-01-03,active
2942,ACC002942,CUST00249,BR015,savings,2025-06-04,active
2943,ACC002943,CUST00356,BR009,credit,2023-09-27,dormant
2944,ACC002944,CUST00839,BR004,chequing,2025-05-31,active
2945,ACC002945,CUST00841,BR003,chequing,2025-01-16,closed
2946,ACC002946,CUST01467,BR007,chequing,2024-10-09,active
2947,ACC002947,CUST01790,BR013,chequing,2025-07-27,active
2948,ACC002948,CUST00150,BR006,chequing,2024-08-15,active
2949,ACC002949,CUST00644,BR010,credit,2025-02-28,active
2950,ACC002950,CUST00735,BR011,credit,2025-05-10,active
2951,ACC002951,CUST00944,BR015,chequing,2024-09-18,active
2952,ACC002952,CUST00442,BR012,savings,2023-02-19,closed
2953,ACC002953,CUST01035,BR001,credit,2023-03-19,active
2954,ACC002954,CUST00162,BR015,savings,2025-05-05,active
2955,ACC002955,CUST01740,BR001,credit,2024-03-19,active
2956,ACC002956,CUST00995,BR014,credit,2025-12-10,active
2957,ACC002957,CUST00202,BR009,credit,2024-02-29,active
2958,ACC002958,CUST01637,BR015,savings,2023-08-23,active
2959,ACC002959,CUST00498,BR009,credit,2023-08-22,active
2960,ACC002960,CUST01041,BR008,credit,2024-12-22,active
2961,ACC002961,CUST01674,BR011,savings,2025-05-11,closed
2962,ACC002962,CUST00094,BR006,credit,2023-03-14,active
2963,ACC002963,CUST00782,BR006,savings,2023-11-25,active
2964,ACC002964,CUST00361,BR009,chequing,2023-01-25,active
2965,ACC002965,CUST00320,BR012,savings,2023-11-17,active
2966,ACC002966,CUST01483,BR011,credit,2023-08-18,active
2967,ACC002967,CUST01933,BR014,savings,2025-07-05,active
2968,ACC002968,CUST00396,BR008,chequing,2024-12-21,active
2969,ACC002969,CUST00037,BR008,credit,2024-04-02,active
2970,ACC002970,CUST01459,BR013,chequing,2025-12-28,active
2971,ACC002971,CUST01575,BR007,credit,2025-06-27,dormant
2972,ACC002972,CUST01066,BR013,credit,2025-01-30,active
2973,ACC002973,CUST00523,BR006,savings,2024-02-23,active
2974,ACC002974,CUST01827,BR002,savings,2025-03-04,active
2975,ACC002975,CUST01156,BR001,savings,2025-02-15,active
2976,ACC002976,CUST01482,BR007,savings,2025-02-02,active
2977,ACC002977,CUST01150,BR006,savings,2023-07-26,active
2978,ACC002978,CUST00624,BR006,savings,2023-04-04,active
2979,ACC002979,CUST01245,BR013,savings,2025-04-03,active
2980,ACC002980,CUST00622,BR004,chequing,2025-10-28,active
2981,ACC002981,CUST01282,BR011,savings,2024-03-05,active
2982,ACC002982,CUST00301,BR001,credit,2023-03-08,active
2983,ACC002983,CUST01084,BR014,savings,2025-05-27,active
2984,ACC002984,CUST01620,BR004,chequing,2025-08-19,active
2985,ACC002985,CUST00988,BR013,chequing,2023-02-07,active
2986,ACC002986,CUST00204,BR007,savings,2025-09-12,active
2987,ACC002987,CUST01604,BR003,savings,2023-08-09,active
2988,ACC002988,CUST01122,BR008,credit,2023-11-11,active
2989,ACC002989,CUST00212,BR003,savings,2023-04-28,active
2990,ACC002990,CUST00768,BR014,savings,2024-11-21,active
2991,ACC002991,CUST01348,BR001,savings,2024-08-28,active
2992,ACC002992,CUST00065,BR009,credit,2023-03-16,active
2993,ACC002993,CUST01201,BR015,credit,2024-03-03,active
2994,ACC002994,CUST01016,BR007,credit,2025-07-27,active
2995,ACC002995,CUST01045,BR008,chequing,2024-09-26,active
2996,ACC002996,CUST00803,BR004,chequing,2024-02-19,active
2997,ACC002997,CUST01581,BR005,chequing,2025-12-13,active
2998,ACC002998,CUST01375,BR001,chequing,2023-03-03,active
2999,ACC002999,CUST00597,BR004,savings,2023-11-19,active
3000,ACC003000,CUST01267,BR015,chequing,2023-02-06,active
3001,ACC003001,CUST01995,BR012,savings,2023-08-06,active
3002,ACC003002,CUST01164,BR010,credit,2025-04-25,active
3003,ACC003003,CUST00556,BR007,savings,2023-11-09,active
3004,ACC003004,CUST01017,BR012,chequing,2025-01-05,active
3005,ACC003005,CUST01241,BR013,savings,2023-11-18,active
3006,ACC003006,CUST00318,BR008,savings,2025-04-07,active
3007,ACC003007,CUST00340,BR003,chequing,2023-03-18,active
3008,ACC003008,CUST01837,BR005,chequing,2025-02-01,active
3009,ACC003009,CUST00959,BR008,chequing,2024-01-13,active
3010,ACC003010,CUST01351,BR006,credit,2023-03-31,active
3011,ACC003011,CUST00210,BR015,credit,2023-12-06,active
3012,ACC003012,CUST01039,BR015,chequing,2024-11-20,active
3013,ACC003013,CUST00825,BR007,chequing,2023-08-24,active
3014,ACC003014,CUST00446,BR010,chequing,2025-09-26,active
3015,ACC003015,CUST00602,BR013,savings,2025-09-22,active
3016,ACC003016,CUST00069,BR010,credit,2025-02-20,active
3017,ACC003017,CUST00853,BR002,savings,2023-10-15,active
3018,ACC003018,CUST01253,BR006,credit,2024-07-31,active
3019,ACC003019,CUST00319,BR001,chequing,2023-11-24,active
3020,ACC003020,CUST00532,BR012,credit,2023-11-02,active
3021,ACC003021,CUST01115,BR014,savings,2024-01-27,active
3022,ACC003022,CUST00501,BR014,savings,2024-04-25,active
3023,ACC003023,CUST00615,BR006,chequing,2024-04-08,closed
3024,ACC003024,CUST01716,BR014,chequing,2025-12-27,active
3025,ACC003025,CUST00313,BR007,credit,2025-02-18,active
3026,ACC003026,CUST01664,BR002,savings,2023-09-06,active
3027,ACC003027,CUST00510,BR011,credit,2025-04-17,active
3028,ACC003028,CUST00175,BR001,savings,2025-07-19,closed
3029,ACC003029,CUST01614,BR002,credit,2023-09-12,active
3030,ACC003030,CUST01669,BR010,credit,2023-09-14,active
3031,ACC003031,CUST01735,BR007,credit,2023-10-20,closed
3032,ACC003032,CUST01488,BR008,savings,2024-03-08,active
3033,ACC003033,CUST01985,BR001,chequing,2024-06-20,active
3034,ACC003034,CUST00191,BR004,chequing,2025-11-22,active
3035,ACC003035,CUST01934,BR014,credit,2023-08-01,active
3036,ACC003036,CUST01944,BR006,chequing,2024-04-19,active
3037,ACC003037,CUST01303,BR002,savings,2023-01-05,active
3038,ACC003038,CUST00923,BR001,credit,2025-01-09,active
3039,ACC003039,CUST01173,BR012,savings,2023-04-08,active
3040,ACC003040,CUST01849,BR007,savings,2023-07-24,active
3041,ACC003041,CUST01675,BR009,savings,2025-12-14,active
3042,ACC003042,CUST00045,BR004,chequing,2024-06-21,active
3043,ACC003043,CUST00725,BR013,savings,2024-07-10,active
3044,ACC003044,CUST00257,BR013,chequing,2025-07-26,active
3045,ACC003045,CUST00968,BR010,savings,2023-04-22,active
3046,ACC003046,CUST00549,BR001,chequing,2024-03-15,closed
3047,ACC003047,CUST01920,BR008,savings,2024-06-12,active
3048,ACC003048,CUST01190,BR010,credit,2025-07-10,active
3049,ACC003049,CUST01931,BR004,chequing,2023-08-07,active
3050,ACC003050,CUST00806,BR012,credit,2024-08-14,active
3051,ACC003051,CUST01671,BR011,savings,2024-09-07,active
3052,ACC003052,CUST01707,BR007,chequing,2024-04-04,active
3053,ACC003053,CUST01555,BR013,savings,2024-12-19,active
3054,ACC003054,CUST00134,BR012,credit,2023-04-04,active
3055,ACC003055,CUST01896,BR007,chequing,2023-06-29,active
3056,ACC003056,CUST00075,BR002,chequing,2025-12-29,active
3057,ACC003057,CUST01319,BR006,savings,2025-04-13,active
3058,ACC003058,CUST00340,BR006,chequing,2025-03-22,active
3059,ACC003059,CUST01907,BR005,chequing,2023-05-06,active
3060,ACC003060,CUST00596,BR009,savings,2025-08-08,active
3061,ACC003061,CUST01796,BR009,savings,2025-11-28,active
3062,ACC003062,CUST01042,BR005,credit,2023-05-23,active
3063,ACC003063,CUST01840,BR011,chequing,2025-04-10,active
3064,ACC003064,CUST00052,BR001,savings,2025-08-17,active
3065,ACC003065,CUST00148,BR008,savings,2024-03-30,active
3066,ACC003066,CUST00642,BR010,savings,2024-02-09,active
3067,ACC003067,CUST01671,BR015,chequing,2025-06-28,active
3068,ACC003068,CUST00227,BR015,chequing,2025-06-24,active
3069,ACC003069,CUST01441,BR013,savings,2023-04-17,dormant
3070,ACC003070,CUST00570,BR010,chequing,2023-12-15,closed
3071,ACC003071,CUST00549,BR005,savings,2023-06-26,closed
3072,ACC003072,CUST01660,BR006,savings,2025-05-16,active
3073,ACC003073,CUST00466,BR004,chequing,2025-11-28,active
3074,ACC003074,CUST01157,BR012,savings,2024-12-02,active
3075,ACC003075,CUST00332,BR004,credit,2023-08-12,active
3076,ACC003076,CUST01393,BR001,chequing,2024-04-24,active
3077,ACC003077,CUST01858,BR001,chequing,2024-09-29,active
3078,ACC003078,CUST01633,BR010,credit,2024-01-04,active
3079,ACC003079,CUST00828,BR006,chequing,2025-03-01,active
3080,ACC003080,CUST01961,BR012,credit,2025-09-05,active
3081,ACC003081,CUST00935,BR004,chequing,2025-07-19,active
3082,ACC003082,CUST01164,BR014,savings,2025-05-25,active
3083,ACC003083,CUST00317,BR005,credit,2025-10-11,active
3084,ACC003084,CUST00312,BR015,chequing,2024-12-15,active
3085,ACC003085,CUST00771,BR014,savings,2024-05-13,active
3086,ACC003086,CUST00315,BR014,savings,2025-03-05,active
3087,ACC003087,CUST01360,BR002,savings,2023-06-10,dormant
3088,ACC003088,CUST01964,BR004,savings,2024-02-16,active
3089,ACC003089,CUST01833,BR013,savings,2025-03-10,active
3090,ACC003090,CUST00069,BR007,chequing,2025-01-18,active
3091,ACC003091,CUST01313,BR002,savings,2024-04-13,active
3092,ACC003092,CUST00948,BR010,chequing,2023-08-31,closed
3093,ACC003093,CUST00249,BR007,chequing,2024-11-25,active
3094,ACC003094,CUST01429,BR013,credit,2024-01-20,closed
3095,ACC003095,CUST00760,BR013,savings,2025-03-16,active
3096,ACC003096,CUST00428,BR014,credit,2025-12-31,active
3097,ACC003097,CUST00918,BR001,chequing,2024-08-29,active
3098,ACC003098,CUST01287,BR011,savings,2025-01-08,active
3099,ACC003099,CUST01735,BR014,chequing,2024-05-01,active
3100,ACC003100,CUST00271,BR008,credit,2023-07-22,active
3101,ACC003101,CUST00810,BR007,credit,2023-11-06,active
3102,ACC003102,CUST00259,BR010,credit,2023-04-23,active
3103,ACC003103,CUST01273,BR015,chequing,2025-03-08,dormant
3104,ACC003104,CUST00015,BR001,credit,2023-06-14,active
3105,ACC003105,CUST01631,BR014,chequing,2023-04-24,active
3106,ACC003106,CUST00670,BR007,chequing,2025-04-30,active
3107,ACC003107,CUST01199,BR008,chequing,2024-06-12,active
3108,ACC003108,CUST01983,BR013,credit,2025-11-19,active
3109,ACC003109,CUST01941,BR002,chequing,2023-01-03,active
3110,ACC003110,CUST01516,BR009,credit,2023-10-14,active
3111,ACC003111,CUST00396,BR009,savings,2025-02-07,active
3112,ACC003112,CUST01279,BR001,credit,2025-04-09,active
3113,ACC003113,CUST00403,BR011,chequing,2023-05-31,active
3114,ACC003114,CUST01363,BR005,credit,2023-09-13,active
3115,ACC003115,CUST01821,BR008,credit,2024-05-16,active
3116,ACC003116,CUST00846,BR014,savings,2024-10-11,active
3117,ACC003117,CUST00144,BR010,chequing,2023-09-16,dormant
3118,ACC003118,CUST01582,BR009,credit,2023-10-06,closed
3119,ACC003119,CUST00043,BR007,chequing,2023-06-17,active
3120,ACC003120,CUST00815,BR014,savings,2023-09-06,active
3121,ACC003121,CUST00130,BR011,credit,2024-04-02,active
3122,ACC003122,CUST00319,BR004,savings,2024-06-20,active
3123,ACC003123,CUST01414,BR011,savings,2024-05-03,active
3124,ACC003124,CUST00388,BR006,credit,2023-05-16,active
3125,ACC003125,CUST00948,BR007,savings,2023-01-31,active
3126,ACC003126,CUST00302,BR004,credit,2023-05-19,active
3127,ACC003127,CUST01504,BR004,credit,2024-01-03,dormant
3128,ACC003128,CUST00287,BR013,credit,2023-11-02,closed
3129,ACC003129,CUST01301,BR013,savings,2025-07-19,closed
3130,ACC003130,CUST00359,BR007,credit,2024-05-07,active
3131,ACC003131,CUST00533,BR010,credit,2024-10-19,active
3132,ACC003132,CUST00339,BR015,chequing,2024-10-03,active
3133,ACC003133,CUST01260,BR007,savings,2024-06-12,active
3134,ACC003134,CUST01066,BR005,chequing,2025-05-29,active
3135,ACC003135,CUST01495,BR009,savings,2025-11-04,active
3136,ACC003136,CUST01991,BR015,chequing,2023-06-02,active
3137,ACC003137,CUST01989,BR004,chequing,2023-04-05,active
3138,ACC003138,CUST00050,BR010,credit,2025-11-30,active
3139,ACC003139,CUST01151,BR008,savings,2023-06-24,active
3140,ACC003140,CUST00650,BR012,savings,2023-04-25,active
3141,ACC003141,CUST01864,BR007,credit,2023-12-08,active
3142,ACC003142,CUST01087,BR008,credit,2023-04-17,active
3143,ACC003143,CUST00730,BR010,chequing,2023-11-08,active
3144,ACC003144,CUST01495,BR005,savings,2024-04-27,active
3145,ACC003145,CUST00239,BR007,chequing,2025-03-23,active
3146,ACC003146,CUST00047,BR004,chequing,2024-01-25,active
3147,ACC003147,CUST00609,BR002,credit,2023-01-14,active
3148,ACC003148,CUST00655,BR006,credit,2025-09-29,active
3149,ACC003149,CUST00466,BR012,savings,2024-02-05,active
3150,ACC003150,CUST00736,BR008,credit,2024-10-08,active
3151,ACC003151,CUST00139,BR010,credit,2023-10-27,active
3152,ACC003152,CUST00925,BR005,credit,2023-06-24,active
3153,ACC003153,CUST00982,BR011,chequing,2025-03-12,dormant
3154,ACC003154,CUST00934,BR001,chequing,2025-12-16,active
3155,ACC003155,CUST01969,BR006,savings,2025-08-06,closed
3156,ACC003156,CUST00214,BR002,chequing,2025-01-17,closed
3157,ACC003157,CUST00598,BR012,chequing,2024-02-25,active
3158,ACC003158,CUST01632,BR001,credit,2023-03-29,active
3159,ACC003159,CUST01959,BR004,chequing,2025-11-06,active
3160,ACC003160,CUST01184,BR003,credit,2024-06-01,dormant
3161,ACC003161,CUST01145,BR003,credit,2025-08-13,active
3162,ACC003162,CUST01862,BR014,chequing,2023-08-15,active
3163,ACC003163,CUST00967,BR011,credit,2025-12-04,active
3164,ACC003164,CUST00171,BR003,credit,2025-06-22,active
3165,ACC003165,CUST00875,BR006,savings,2024-12-15,active
3166,ACC003166,CUST00006,BR008,chequing,2023-01-14,active
3167,ACC003167,CUST00920,BR014,chequing,2024-08-27,active
3168,ACC003168,CUST00963,BR005,credit,2023-05-23,active
3169,ACC003169,CUST01468,BR003,savings,2025-05-30,active
3170,ACC003170,CUST00429,BR011,savings,2024-10-30,active
3171,ACC003171,CUST01280,BR012,credit,2024-11-01,active
3172,ACC003172,CUST00188,BR011,credit,2023-02-09,active
3173,ACC003173,CUST00745,BR015,chequing,2023-03-08,active
3174,ACC003174,CUST01267,BR005,credit,2024-06-08,active
3175,ACC003175,CUST00264,BR007,chequing,2024-03-01,active
3176,ACC003176,CUST00027,BR004,savings,2023-01-22,dormant
3177,ACC003177,CUST00276,BR003,chequing,2024-10-21,active
3178,ACC003178,CUST01528,BR011,credit,2024-04-17,active
3179,ACC003179,CUST01853,BR004,credit,2024-07-10,active
3180,ACC003180,CUST01797,BR014,credit,2024-07-16,active
3181,ACC003181,CUST00936,BR006,chequing,2023-08-23,dormant
3182,ACC003182,CUST01572,BR010,chequing,2023-03-03,closed
3183,ACC003183,CUST00230,BR014,savings,2025-03-22,active
3184,ACC003184,CUST00865,BR014,savings,2025-02-28,active
3185,ACC003185,CUST00966,BR012,credit,2024-09-17,active
3186,ACC003186,CUST00423,BR014,chequing,2024-06-04,active
3187,ACC003187,CUST01864,BR005,chequing,2023-02-08,active
3188,ACC003188,CUST00893,BR007,savings,2025-08-08,active
3189,ACC003189,CUST01405,BR009,savings,2024-08-17,active
3190,ACC003190,CUST00679,BR009,chequing,2023-07-24,active
3191,ACC003191,CUST01344,BR002,savings,2025-04-13,active
3192,ACC003192,CUST01189,BR007,credit,2023-12-15,active
3193,ACC003193,CUST01201,BR003,savings,2023-07-16,active
3194,ACC003194,CUST00013,BR006,chequing,2025-04-15,active
3195,ACC003195,CUST01445,BR007,chequing,2024-02-04,active
3196,ACC003196,CUST01714,BR003,credit,2024-11-09,active
3197,ACC003197,CUST01430,BR004,credit,2023-11-30,active
3198,ACC003198,CUST01625,BR009,chequing,2024-10-26,active
3199,ACC003199,CUST01123,BR004,savings,2025-06-30,active
3200,ACC003200,CUST00482,BR006,savings,2023-04-28,dormant
