customer_sk,customer_id,name,dob,segment,city,province,effective_date,expiry_date,is_current
1,CUST00001,Matthew Johnson,1970-11-15,retail,Toronto,ON,2025-10-31,,True
2,CUST00002,Sofia Khan,2002-11-13,retail,Unknown,AB,2024-07-23,,True
3,CUST00003,Sofia Kim,1969-04-26,retail,Surrey,BC,2024-11-20,,True
4,CUST00004,Daniel Roy,1991-03-21,premium,Vancouver,BC,2023-09-13,,True
5,CUST00005,Emma Gagnon,1982-06-12,premium,Quebec City,QC,2024-01-29,,True
6,CUST00006,Elizabeth Williams,1984-02-07,premium,Hamilton,ON,2024-07-23,,True
7,CUST00007,Daniel Miller,1956-05-28,retail,Winnipeg,MB,2023-12-17,,True
8,CUST00008,David Gagnon,1979-02-04,retail,Halifax,NS,2023-04-25,,True
9,CUST00009,David Williams,2000-11-19,business,Hamilton,ON,2024-10-06,,True
10,CUST00010,Chen Nguyen,1972-02-16,retail,Ottawa,ON,2024-06-22,,True
11,CUST00011,Daniel Davis,1958-02-26,retail,Ottawa,ON,2023-04-07,,True
12,CUST00012,Amir Kim,1984-03-27,retail,Quebec City,QC,2025-08-16,,True
13,CUST00013,James Cote,1998-03-05,retail,Halifax,NS,2024-06-30,,True
14,CUST00014,Jennifer Nguyen,1973-08-18,business,Toronto,ON,2025-10-22,,True
15,CUST00015,Elizabeth Gagnon,1963-09-18,retail,Montreal,QC,2025-02-04,,True
16,CUST00016,Lisa Smith,1951-10-01,retail,Quebec City,QC,2023-08-18,,True
17,CUST00017,Elizabeth Davis,2000-11-25,retail,Toronto,ON,2023-06-11,2024-09-02,False
18,CUST00017,Elizabeth Davis,2000-11-25,premium,Montreal,QC,2024-09-02,,True
19,CUST00018,Robert Cote,1964-10-24,business,Edmonton,AB,2024-06-26,,True
20,CUST00019,Priya Miller,1983-07-03,retail,Halifax,NS,2025-06-16,,True
21,CUST00020,John Wilson,1970-08-24,retail,Toronto,ON,2024-03-27,2024-06-29,False
22,CUST00020,John Wilson,1970-08-24,business,Toronto,ON,2024-06-29,,True
23,CUST00021,John Chan,1993-07-20,retail,Hamilton,ON,2024-03-14,,True
24,CUST00022,Wei Singh,1986-07-09,premium,Hamilton,ON,2024-01-25,,True
25,CUST00023,Matthew Nguyen,1958-10-30,retail,Halifax,NS,2023-05-05,,True
26,CUST00024,Linda Miller,1962-07-30,retail,Hamilton,ON,2025-05-14,,True
27,CUST00025,John Nguyen,1998-07-01,retail,Montreal,QC,2023-01-31,,True
28,CUST00026,Jennifer Kim,1985-12-24,retail,Unknown,AB,2023-05-01,,True
29,CUST00027,Olivia Nguyen,1999-11-11,retail,Vancouver,BC,2025-09-23,,True
30,CUST00028,Wei Khan,1955-02-17,premium,Toronto,ON,2023-04-13,,True
31,CUST00029,Jennifer Johnson,1966-09-03,retail,Montreal,QC,2023-05-21,,True
32,CUST00030,Patricia Tremblay,1953-07-26,retail,Hamilton,ON,2023-06-17,,True
33,CUST00031,David Miller,1971-06-01,premium,Winnipeg,MB,2024-06-27,,True
34,CUST00032,Sarah Williams,2000-07-05,retail,Toronto,ON,2023-07-24,,True
35,CUST00033,Daniel Williams,1964-02-26,retail,Hamilton,ON,2025-06-16,,True
36,CUST00034,Olivia Gagnon,1999-10-04,retail,Montreal,QC,2024-09-05,,True
37,CUST00035,David Brown,1963-12-12,premium,Mississauga,ON,2024-07-11,,True
38,CUST00036,Amir Gagnon,1972-07-12,retail,Vancouver,BC,2023-04-15,,True
39,CUST00037,James Wilson,1973-07-02,retail,Ottawa,ON,2023-11-27,,True
40,CUST00038,James Brown,1963-05-17,business,Mississauga,ON,2023-03-15,2023-07-18,False
41,CUST00038,James Brown,1963-05-17,retail,Toronto,ON,2023-07-18,,True
42,CUST00039,Olivia Johnson,1972-05-21,retail,Surrey,BC,2023-07-30,,True
43,CUST00040,Fatima Jones,1965-11-19,premium,Hamilton,ON,2025-04-24,,True
44,CUST00041,Matthew Cote,1973-12-08,premium,Halifax,NS,2023-11-23,,True
45,CUST00042,Ava Singh,1991-04-19,retail,Hamilton,ON,2024-12-17,,True
46,CUST00043,James Cote,1974-12-30,retail,Hamilton,ON,2023-05-23,,True
47,CUST00044,Karen Cote,1952-06-23,retail,Montreal,QC,2023-08-25,,True
48,CUST00045,David Johnson,1981-01-05,retail,Mississauga,ON,2024-10-04,2025-09-24,False
49,CUST00045,David Johnson,1981-01-05,retail,Hamilton,ON,2025-09-24,,True
50,CUST00046,Sofia Kim,1998-04-22,retail,Toronto,ON,2024-02-08,,True
51,CUST00047,Sarah Roy,1961-03-07,retail,Surrey,BC,2024-09-07,,True
52,CUST00048,Sofia Martinez,1987-09-21,retail,Montreal,QC,2025-02-15,,True
53,CUST00049,Elizabeth Patel,1977-04-06,premium,Montreal,QC,2024-08-10,,True
54,CUST00050,Sarah Nguyen,1969-03-04,retail,Edmonton,AB,2025-11-12,,True
55,CUST00051,Jennifer Cote,1980-01-27,retail,Mississauga,ON,2023-07-11,,True
56,CUST00052,Linda Miller,1971-12-20,retail,Ottawa,ON,2025-08-31,,True
57,CUST00053,Chen Tremblay,1984-06-13,premium,Hamilton,ON,2025-10-09,,True
58,CUST00054,Noah Brown,1996-06-20,retail,Calgary,AB,2025-08-09,,True
59,CUST00055,Nancy Jones,2000-02-22,retail,Edmonton,AB,2024-10-11,,True
60,CUST00056,Liam Chan,1999-02-25,premium,Calgary,AB,2025-07-02,,True
61,CUST00057,David Davis,1996-10-07,retail,Winnipeg,MB,2025-09-19,,True
62,CUST00058,Linda Rodriguez,1998-06-17,retail,Surrey,BC,2023-06-15,,True
63,CUST00059,Sofia Miller,1979-09-08,retail,Mississauga,ON,2025-08-12,,True
64,CUST00060,Noah Tremblay,2001-08-25,retail,Halifax,NS,2025-02-18,,True
65,CUST00061,Karen Kim,1998-12-30,premium,Montreal,QC,2024-03-27,,True
66,CUST00062,Karen Wilson,1986-04-10,retail,Winnipeg,MB,2023-12-05,,True
67,CUST00063,Priya Smith,1952-06-07,retail,Calgary,AB,2023-06-21,,True
68,CUST00064,Mary Rodriguez,1990-10-17,retail,Calgary,AB,2024-10-31,,True
69,CUST00065,Emma Kim,1992-03-12,premium,Vancouver,BC,2023-02-09,,True
70,CUST00066,Linda Gagnon,1953-08-12,premium,Mississauga,ON,2023-03-05,2023-07-21,False
71,CUST00066,Linda Gagnon,1953-08-12,retail,Hamilton,ON,2023-07-21,,True
72,CUST00067,Amir Brown,1991-09-21,business,Quebec City,QC,2024-06-08,,True
73,CUST00068,Liam Brown,1959-09-13,business,Ottawa,ON,2023-02-22,,True
74,CUST00069,Karen Patel,2003-02-13,retail,Halifax,NS,2024-05-12,,True
75,CUST00070,Fatima Brown,1981-02-24,premium,Quebec City,QC,2025-12-27,,True
76,CUST00071,Sarah Smith,1959-06-21,premium,Calgary,AB,2025-06-06,,True
77,CUST00072,Sofia Jones,1996-10-22,retail,Calgary,AB,2024-07-07,,True
78,CUST00073,Nancy Kim,1978-12-01,retail,Halifax,NS,2024-05-17,,True
79,CUST00074,Linda Nguyen,1984-01-01,retail,Quebec City,QC,2024-11-19,,True
80,CUST00075,Michael Lee,2003-06-26,retail,Vancouver,BC,2024-07-19,,True
81,CUST00076,Linda Kim,1971-07-24,retail,Edmonton,AB,2025-09-02,,True
82,CUST00077,John Martinez,1971-10-30,retail,Hamilton,ON,2024-09-19,,True
83,CUST00078,Daniel Kim,1981-07-25,retail,Halifax,NS,2025-07-18,2025-12-23,False
84,CUST00078,Daniel Kim,1981-07-25,retail,Surrey,BC,2025-12-23,,True
85,CUST00079,Priya Garcia,1993-06-10,retail,Hamilton,ON,2024-07-20,,True
86,CUST00080,Elizabeth Brown,1982-05-18,retail,Hamilton,ON,2024-01-03,2024-03-26,False
87,CUST00080,Elizabeth Brown,1982-05-18,premium,Toronto,ON,2024-03-26,,True
88,CUST00081,Sofia Jones,1994-01-15,premium,Winnipeg,MB,2023-07-30,,True
89,CUST00082,Nancy Wilson,1972-08-26,business,Ottawa,ON,2025-09-05,,True
90,CUST00083,Wei Gagnon,1963-05-21,retail,Winnipeg,MB,2024-09-14,,True
91,CUST00084,Matthew Roy,1970-04-01,premium,Quebec City,QC,2025-12-06,,True
92,CUST00085,Wei Kim,1955-05-28,retail,Vancouver,BC,2023-07-23,,True
93,CUST00086,Amir Williams,1999-07-10,retail,Ottawa,ON,2023-06-03,,True
94,CUST00087,Anthony Martinez,1975-05-14,retail,Toronto,ON,2025-07-18,,True
95,CUST00088,Olivia Gagnon,1967-10-01,retail,Quebec City,QC,2025-05-20,2025-12-02,False
96,CUST00088,Olivia Gagnon,1967-10-01,retail,Ottawa,ON,2025-12-02,,True
97,CUST00089,Jennifer Martinez,2001-01-24,premium,Quebec City,QC,2024-08-14,,True
98,CUST00090,Karen Rodriguez,1989-04-10,retail,Montreal,QC,2023-06-14,,True
99,CUST00091,Fatima Rodriguez,2001-08-09,retail,Toronto,ON,2023-02-12,,True
100,CUST00092,Mary Garcia,1989-09-03,retail,Edmonton,AB,2024-07-23,,True
101,CUST00093,Anthony Williams,1979-11-26,retail,Edmonton,AB,2024-10-19,,True
102,CUST00094,Sofia Singh,1985-12-05,retail,Vancouver,BC,2023-03-17,,True
103,CUST00095,Noah Patel,1950-02-07,premium,Montreal,QC,2025-08-04,,True
104,CUST00096,Noah Singh,1954-08-19,retail,Winnipeg,MB,2024-02-21,,True
105,CUST00097,Sofia Singh,1971-06-21,retail,Unknown,ON,2023-11-21,,True
106,CUST00098,Linda Brown,1963-10-25,business,Edmonton,AB,2025-10-17,,True
107,CUST00099,Matthew Singh,1999-06-16,retail,Edmonton,AB,2023-10-24,,True
108,CUST00100,Robert Williams,1987-03-24,premium,Vancouver,BC,2024-11-27,,True
109,CUST00101,Elizabeth Martinez,1993-12-05,retail,Quebec City,QC,2023-11-01,,True
110,CUST00102,Noah Khan,1978-11-14,retail,Calgary,AB,2024-01-22,,True
111,CUST00103,Ava Kim,1992-06-07,retail,Toronto,ON,2025-02-19,,True
112,CUST00104,Robert Singh,2002-12-13,retail,Toronto,ON,2024-11-10,,True
113,CUST00105,Lisa Nguyen,1986-10-13,premium,Toronto,ON,2023-11-13,,True
114,CUST00106,Fatima Patel,1979-06-24,retail,Winnipeg,MB,2025-12-28,,True
115,CUST00107,Noah Singh,1956-02-21,retail,Montreal,QC,2024-04-25,,True
116,CUST00108,Liam Williams,1959-01-07,business,Calgary,AB,2025-06-27,,True
117,CUST00109,Olivia Johnson,1988-08-21,retail,Vancouver,BC,2023-10-26,,True
118,CUST00110,Jennifer Garcia,1984-04-27,retail,Ottawa,ON,2024-05-08,,True
119,CUST00111,Chen Rodriguez,1950-11-04,retail,Edmonton,AB,2025-08-10,,True
120,CUST00112,Nancy Lee,1988-01-25,retail,Quebec City,QC,2024-05-27,,True
121,CUST00113,Ava Singh,2001-04-23,retail,Mississauga,ON,2025-01-05,,True
122,CUST00114,Emma Cote,2000-10-09,retail,Calgary,AB,2023-04-11,,True
123,CUST00115,Elizabeth Davis,1969-08-25,premium,Quebec City,QC,2024-01-25,,True
124,CUST00116,Amir Cote,1953-07-15,retail,Ottawa,ON,2024-09-24,,True
125,CUST00117,Robert Williams,1987-04-12,retail,Vancouver,BC,2023-12-26,,True
126,CUST00118,Daniel Chan,1964-10-05,business,Montreal,QC,2024-06-10,,True
127,CUST00119,Elizabeth Wilson,1956-10-03,retail,Mississauga,ON,2023-10-16,,True
128,CUST00120,Amir Patel,1985-05-26,retail,Montreal,QC,2023-01-29,,True
129,CUST00121,Liam Cote,1983-04-30,retail,Vancouver,BC,2023-08-10,,True
130,CUST00122,Priya Wilson,1955-09-03,retail,Quebec City,QC,2025-08-08,,True
131,CUST00123,Robert Johnson,1994-03-13,retail,Toronto,ON,2023-08-26,2024-06-13,False
132,CUST00123,Robert Johnson,1994-03-13,premium,Surrey,BC,2024-06-13,,True
133,CUST00124,Liam Khan,1963-11-12,retail,Calgary,AB,2025-04-29,,True
134,CUST00125,David Johnson,1989-10-11,retail,Halifax,NS,2025-06-29,,True
135,CUST00126,Daniel Khan,1985-09-20,retail,Winnipeg,MB,2024-07-19,,True
136,CUST00127,Nancy Williams,2003-07-29,retail,Winnipeg,MB,2023-02-13,,True
137,CUST00128,Olivia Tremblay,1999-09-21,retail,Hamilton,ON,2024-02-29,,True
138,CUST00129,Noah Jones,1962-12-25,retail,Quebec City,QC,2023-09-24,2023-12-06,False
139,CUST00129,Noah Jones,1962-12-25,retail,Ottawa,ON,2023-12-06,,True
140,CUST00130,Olivia Davis,1965-08-19,retail,Quebec City,QC,2024-06-27,,True
141,CUST00131,Liam Williams,1982-06-25,retail,Edmonton,AB,2025-11-17,,True
142,CUST00132,Fatima Johnson,1996-10-12,premium,Halifax,NS,2024-09-09,2025-07-11,False
143,CUST00132,Fatima Johnson,1996-10-12,retail,Calgary,AB,2025-07-11,,True
144,CUST00133,Patricia Singh,1956-08-05,business,Halifax,NS,2023-06-15,2024-06-28,False
145,CUST00133,Patricia Singh,1956-08-05,premium,Winnipeg,MB,2024-06-28,,True
146,CUST00134,Sofia Wilson,1997-08-07,business,Calgary,AB,2024-08-26,2025-10-19,False
147,CUST00134,Sofia Wilson,1997-08-07,business,Mississauga,ON,2025-10-19,,True
148,CUST00135,Chen Khan,1988-08-01,premium,Halifax,NS,2025-07-13,,True
149,CUST00136,Karen Kim,1988-04-15,retail,Halifax,NS,2024-10-02,,True
150,CUST00137,Anthony Williams,1958-05-13,premium,Mississauga,ON,2025-06-03,,True
151,CUST00138,Priya Johnson,2000-05-23,business,Quebec City,QC,2024-11-06,,True
152,CUST00139,Noah Kim,1975-10-22,retail,Halifax,NS,2024-10-01,,True
153,CUST00140,Amir Singh,1981-05-30,premium,Hamilton,ON,2025-01-22,,True
154,CUST00141,Matthew Khan,1999-12-13,retail,Quebec City,QC,2023-02-23,,True
155,CUST00142,James Garcia,1977-09-20,premium,Vancouver,BC,2024-11-26,2025-12-27,False
156,CUST00142,James Garcia,1977-09-20,retail,Calgary,AB,2025-12-27,,True
157,CUST00143,Liam Gagnon,1997-08-04,retail,Toronto,ON,2024-03-16,,True
158,CUST00144,Elizabeth Wilson,1954-09-20,retail,Quebec City,QC,2023-11-15,,True
159,CUST00145,David Nguyen,1989-08-28,retail,Winnipeg,MB,2025-04-28,,True
160,CUST00146,Patricia Martinez,1993-08-28,retail,Winnipeg,MB,2025-12-15,,True
161,CUST00147,Fatima Johnson,1968-12-13,retail,Toronto,ON,2023-10-09,2024-08-18,False
162,CUST00147,Fatima Johnson,1968-12-13,retail,Halifax,NS,2024-08-18,,True
163,CUST00148,Robert Patel,1994-11-18,premium,Montreal,QC,2024-12-26,2025-03-05,False
164,CUST00148,Robert Patel,1994-11-18,business,Edmonton,AB,2025-03-05,,True
165,CUST00149,Ava Wilson,1986-04-14,retail,Quebec City,QC,2025-05-05,,True
166,CUST00150,Jennifer Roy,1982-06-19,premium,Edmonton,AB,2023-06-30,,True
167,CUST00151,Karen Chan,1977-11-02,retail,Mississauga,ON,2024-11-26,2025-12-15,False
168,CUST00151,Karen Chan,1977-11-02,premium,Mississauga,ON,2025-12-15,,True
169,CUST00152,Michael Lee,1963-04-02,premium,Surrey,BC,2024-04-28,,True
170,CUST00153,Robert Gagnon,1994-05-01,retail,Mississauga,ON,2025-08-08,,True
171,CUST00154,Wei Gagnon,1978-12-30,business,Winnipeg,MB,2024-10-09,,True
172,CUST00155,Elizabeth Rodriguez,1995-07-08,retail,Quebec City,QC,2023-06-01,2024-09-28,False
173,CUST00155,Elizabeth Rodriguez,1995-07-08,retail,Vancouver,BC,2024-09-28,,True
174,CUST00156,Ava Williams,1984-06-29,retail,Quebec City,QC,2025-08-05,,True
175,CUST00157,Mary Nguyen,1978-11-05,retail,Quebec City,QC,2025-09-01,,True
176,CUST00158,Olivia Wilson,1965-06-25,retail,Halifax,NS,2023-03-22,,True
177,CUST00159,Lisa Roy,1975-05-19,retail,Ottawa,ON,2025-03-04,,True
178,CUST00160,Olivia Gagnon,1979-07-31,retail,Winnipeg,MB,2023-07-13,,True
179,CUST00161,Ava Cote,1979-11-28,premium,Quebec City,QC,2023-06-16,,True
180,CUST00162,Chen Cote,1957-08-08,retail,Calgary,AB,2024-09-26,,True
181,CUST00163,Robert Cote,1997-03-23,premium,Halifax,NS,2023-07-11,,True
182,CUST00164,Daniel Martinez,1980-08-28,business,Ottawa,ON,2025-09-22,,True
183,CUST00165,Elizabeth Brown,1997-03-28,premium,Montreal,QC,2023-03-19,,True
184,CUST00166,Fatima Patel,1964-11-07,retail,Ottawa,ON,2025-06-15,,True
185,CUST00167,Nancy Roy,1990-04-11,premium,Vancouver,BC,2024-04-24,,True
186,CUST00168,Anthony Miller,2001-03-05,retail,Surrey,BC,2025-06-21,,True
187,CUST00169,Lisa Kim,1962-06-02,premium,Ottawa,ON,2024-05-27,,True
188,CUST00170,Patricia Chan,1964-05-20,retail,Mississauga,ON,2024-07-12,,True
189,CUST00171,John Davis,1952-05-23,premium,Edmonton,AB,2025-04-29,,True
190,CUST00172,John Lee,1958-11-21,retail,Hamilton,ON,2024-11-17,,True
191,CUST00173,Emma Singh,1992-02-01,premium,Halifax,NS,2025-07-07,2025-12-24,False
192,CUST00173,Emma Singh,1992-02-01,premium,Ottawa,ON,2025-12-24,,True
193,CUST00174,Liam Roy,1975-11-06,retail,Montreal,QC,2024-05-01,,True
194,CUST00175,Olivia Roy,1994-11-04,retail,Edmonton,AB,2023-02-03,,True
195,CUST00176,Elizabeth Kim,1971-08-01,retail,Toronto,ON,2025-05-03,,True
196,CUST00177,Daniel Williams,1995-07-17,retail,Montreal,QC,2023-02-11,,True
197,CUST00178,Daniel Rodriguez,1956-01-23,retail,Halifax,NS,2024-12-07,2025-11-29,False
198,CUST00178,Daniel Rodriguez,1956-01-23,premium,Halifax,NS,2025-11-29,,True
199,CUST00179,Robert Johnson,1965-09-16,retail,Surrey,BC,2025-08-09,,True
200,CUST00180,Robert Williams,1991-01-23,premium,Halifax,NS,2023-03-17,,True
201,CUST00181,Mary Wilson,1998-09-20,retail,Vancouver,BC,2025-08-27,,True
202,CUST00182,Daniel Johnson,1961-03-02,retail,Winnipeg,MB,2025-01-23,,True
203,CUST00183,Karen Wilson,1994-08-20,retail,Ottawa,ON,2025-01-22,,True
204,CUST00184,Liam Kim,1966-03-11,retail,Mississauga,ON,2024-08-24,,True
205,CUST00185,Elizabeth Nguyen,1964-12-13,premium,Quebec City,QC,2025-06-28,,True
206,CUST00186,Daniel Roy,1955-02-23,retail,Calgary,AB,2023-06-03,,True
207,CUST00187,Liam Cote,1962-10-23,business,Ottawa,ON,2025-06-16,,True
208,CUST00188,Daniel Lee,1952-11-27,business,Calgary,AB,2023-11-11,,True
209,CUST00189,Noah Williams,1982-12-03,retail,Quebec City,QC,2025-03-26,,True
210,CUST00190,James Garcia,2000-05-22,retail,Edmonton,AB,2023-08-30,,True
211,CUST00191,Fatima Martinez,1994-01-25,business,Halifax,NS,2024-02-14,,True
212,CUST00192,Sofia Nguyen,1978-09-03,premium,Mississauga,ON,2024-12-12,,True
213,CUST00193,Elizabeth Garcia,1965-08-14,premium,Halifax,NS,2025-01-10,,True
214,CUST00194,Robert Davis,1999-09-15,retail,Edmonton,AB,2025-01-25,2025-05-09,False
215,CUST00194,Robert Davis,1999-09-15,retail,Mississauga,ON,2025-05-09,,True
216,CUST00195,Sofia Singh,1986-09-25,retail,Montreal,QC,2023-06-01,2024-03-25,False
217,CUST00195,Sofia Singh,1986-09-25,premium,Winnipeg,MB,2024-03-25,,True
218,CUST00196,Robert Khan,1961-07-30,retail,Winnipeg,MB,2025-06-05,,True
219,CUST00197,Lisa Jones,1978-12-12,retail,Vancouver,BC,2024-04-06,,True
220,CUST00198,Ava Williams,1999-06-02,retail,Vancouver,BC,2024-07-16,,True
221,CUST00199,Lisa Gagnon,2002-02-03,retail,Ottawa,ON,2023-11-12,,True
222,CUST00200,Sarah Tremblay,1952-07-18,premium,Toronto,ON,2023-06-16,,True
223,CUST00201,Chen Miller,1952-09-19,retail,Quebec City,QC,2025-10-16,,True
224,CUST00202,Elizabeth Singh,1986-06-07,premium,Hamilton,ON,2024-09-01,,True
225,CUST00203,Matthew Singh,1962-11-21,retail,Edmonton,AB,2024-10-02,,True
226,CUST00204,Daniel Patel,1996-03-14,premium,Ottawa,ON,2023-08-06,,True
227,CUST00205,Linda Jones,1984-06-18,retail,Mississauga,ON,2025-05-06,,True
228,CUST00206,Sarah Tremblay,1964-04-18,retail,Halifax,NS,2025-10-17,,True
229,CUST00207,Anthony Smith,1995-05-07,business,Mississauga,ON,2025-07-25,,True
230,CUST00208,Mary Martinez,1992-03-21,retail,Edmonton,AB,2024-08-08,,True
231,CUST00209,David Lee,1985-12-09,retail,Calgary,AB,2023-04-15,,True
232,CUST00210,John Patel,1999-05-01,retail,Montreal,QC,2024-07-26,,True
233,CUST00211,Robert Brown,1980-06-03,retail,Calgary,AB,2025-01-18,,True
234,CUST00212,Lisa Johnson,1979-11-18,retail,Toronto,ON,2025-08-28,,True
235,CUST00213,Robert Wilson,1985-04-03,retail,Quebec City,QC,2024-09-04,,True
236,CUST00214,Anthony Tremblay,1951-06-30,retail,Vancouver,BC,2025-01-24,,True
237,CUST00215,Elizabeth Gagnon,1973-10-27,retail,Toronto,ON,2024-04-11,,True
238,CUST00216,Chen Roy,1971-09-24,retail,Calgary,AB,2023-03-06,,True
239,CUST00217,Nancy Wilson,1968-04-17,retail,Calgary,AB,2025-04-20,,True
240,CUST00218,Ava Johnson,1968-08-08,retail,Halifax,NS,2024-10-27,,True
241,CUST00219,Jennifer Nguyen,1981-10-14,retail,Montreal,QC,2024-06-25,,True
242,CUST00220,Priya Martinez,1976-09-13,business,Hamilton,ON,2024-08-14,,True
243,CUST00221,Anthony Lee,1974-07-14,business,Montreal,QC,2024-08-12,,True
244,CUST00222,Karen Lee,1975-10-22,retail,Ottawa,ON,2023-06-11,,True
245,CUST00223,Anthony Miller,1974-04-29,premium,Hamilton,ON,2024-07-10,,True
246,CUST00224,Linda Johnson,1970-03-31,business,Winnipeg,MB,2024-04-21,,True
247,CUST00225,Patricia Cote,1999-05-17,retail,Ottawa,ON,2023-11-20,,True
248,CUST00226,Anthony Gagnon,1975-10-09,premium,Hamilton,ON,2024-10-19,,True
249,CUST00227,Chen Tremblay,1953-05-07,retail,Hamilton,ON,2023-12-25,,True
250,CUST00228,Mary Patel,1975-12-21,retail,Edmonton,AB,2023-03-18,2023-11-04,False
251,CUST00228,Mary Patel,1975-12-21,retail,Vancouver,BC,2023-11-04,,True
252,CUST00229,Chen Khan,1962-01-15,retail,Montreal,QC,2025-10-29,,True
253,CUST00230,Liam Nguyen,1966-09-15,retail,Winnipeg,MB,2023-01-29,,True
254,CUST00231,Noah Miller,1986-05-19,retail,Ottawa,ON,2025-05-25,,True
255,CUST00232,Jennifer Jones,1972-04-03,retail,Edmonton,AB,2023-01-14,,True
256,CUST00233,Sarah Martinez,1951-01-10,premium,Quebec City,QC,2024-06-19,2024-10-17,False
257,CUST00233,Sarah Martinez,1951-01-10,retail,Edmonton,AB,2024-10-17,,True
258,CUST00234,Karen Cote,1977-11-25,business,Montreal,QC,2023-08-29,,True
259,CUST00235,Linda Davis,1990-10-26,retail,Ottawa,ON,2025-02-04,,True
260,CUST00236,Priya Cote,2003-06-15,premium,Hamilton,ON,2023-06-17,,True
261,CUST00237,Wei Brown,1995-05-08,premium,Toronto,ON,2024-02-19,,True
262,CUST00238,Lisa Nguyen,2002-04-26,retail,Mississauga,ON,2025-09-28,,True
263,CUST00239,Nancy Jones,2000-08-04,retail,Montreal,QC,2023-04-29,,True
264,CUST00240,James Patel,1969-07-20,premium,Vancouver,BC,2023-05-30,2023-08-28,False
265,CUST00240,James Patel,1969-07-20,business,Mississauga,ON,2023-08-28,,True
266,CUST00241,Anthony Johnson,1962-02-24,retail,Vancouver,BC,2025-05-10,,True
267,CUST00242,Karen Patel,1998-05-20,retail,Mississauga,ON,2023-09-30,,True
268,CUST00243,Priya Patel,1969-12-24,retail,Montreal,QC,2023-01-08,,True
269,CUST00244,Liam Khan,1970-08-09,retail,Calgary,AB,2024-05-21,,True
270,CUST00245,Liam Brown,1987-08-12,premium,Toronto,ON,2023-02-02,,True
271,CUST00246,Nancy Roy,1954-05-15,premium,Winnipeg,MB,2024-05-16,,True
272,CUST00247,Michael Johnson,1975-12-14,retail,Ottawa,ON,2024-04-24,,True
273,CUST00248,Fatima Cote,1962-11-08,retail,Surrey,BC,2025-12-03,,True
274,CUST00249,Liam Garcia,1999-11-14,retail,Winnipeg,MB,2025-10-12,,True
275,CUST00250,Karen Chan,1986-08-17,retail,Surrey,BC,2023-11-02,,True
276,CUST00251,Linda Davis,1962-12-14,premium,Vancouver,BC,2025-08-06,,True
277,CUST00252,Priya Chan,1972-11-16,retail,Ottawa,ON,2024-02-21,,True
278,CUST00253,Daniel Williams,1967-02-02,premium,Montreal,QC,2023-04-16,,True
279,CUST00254,Ava Williams,2002-09-18,premium,Hamilton,ON,2024-03-20,,True
280,CUST00255,James Miller,1960-07-11,business,Hamilton,ON,2025-09-07,,True
281,CUST00256,Karen Davis,1975-05-25,retail,Montreal,QC,2025-02-18,,True
282,CUST00257,Daniel Chan,1992-02-14,retail,Edmonton,AB,2024-10-17,,True
283,CUST00258,Wei Davis,1973-05-25,retail,Halifax,NS,2025-05-05,,True
284,CUST00259,Wei Davis,1980-04-14,retail,Edmonton,AB,2024-06-11,,True
285,CUST00260,Liam Singh,1981-08-06,retail,Edmonton,AB,2023-12-13,,True
286,CUST00261,Priya Gagnon,1956-09-01,retail,Toronto,ON,2023-04-10,,True
287,CUST00262,Linda Williams,1969-08-16,retail,Halifax,NS,2025-11-01,,True
288,CUST00263,Fatima Singh,1950-08-05,retail,Unknown,MB,2025-12-25,,True
289,CUST00264,David Khan,1988-08-18,retail,Vancouver,BC,2024-01-03,2024-06-09,False
290,CUST00264,David Khan,1988-08-18,premium,Quebec City,QC,2024-06-09,,True
291,CUST00265,Emma Lee,1957-02-02,premium,Vancouver,BC,2025-02-03,,True
292,CUST00266,Sofia Davis,1957-03-26,retail,Vancouver,BC,2023-03-06,,True
293,CUST00267,Mary Gagnon,1957-06-02,premium,Toronto,ON,2025-10-20,,True
294,CUST00268,Ava Brown,1970-08-12,business,Montreal,QC,2024-03-08,,True
295,CUST00269,David Johnson,1975-02-26,retail,Mississauga,ON,2023-03-09,2023-08-22,False
296,CUST00269,David Johnson,1975-02-26,retail,Quebec City,QC,2023-08-22,,True
297,CUST00270,Emma Patel,2000-08-05,retail,Mississauga,ON,2024-05-07,,True
298,CUST00271,Priya Wilson,1962-07-22,premium,Calgary,AB,2023-06-10,2024-03-19,False
299,CUST00271,Priya Wilson,1962-07-22,premium,Hamilton,ON,2024-03-19,,True
300,CUST00272,Sarah Roy,1985-08-04,business,Quebec City,QC,2024-10-30,,True
301,CUST00273,Anthony Davis,1983-09-06,retail,Surrey,BC,2025-06-03,,True
302,CUST00274,Noah Roy,1956-08-05,premium,Vancouver,BC,2023-06-18,,True
303,CUST00275,Robert Patel,1958-03-18,retail,Surrey,BC,2023-01-11,,True
304,CUST00276,Patricia Jones,1990-04-08,retail,Unknown,ON,2025-11-15,,True
305,CUST00277,John Roy,1984-07-24,premium,Quebec City,QC,2023-01-26,2024-01-07,False
306,CUST00277,John Roy,1984-07-24,premium,Hamilton,ON,2024-01-07,,True
307,CUST00278,Jennifer Cote,1974-02-15,retail,Calgary,AB,2024-09-08,,True
308,CUST00279,David Kim,1956-11-25,retail,Vancouver,BC,2025-01-09,,True
309,CUST00280,Fatima Roy,1962-02-26,retail,Hamilton,ON,2024-09-15,,True
310,CUST00281,Karen Wilson,2003-04-30,retail,Edmonton,AB,2023-10-06,,True
311,CUST00282,Anthony Wilson,1978-08-19,business,Ottawa,ON,2024-08-19,,True
312,CUST00283,Olivia Davis,1985-04-02,retail,Surrey,BC,2025-01-17,,True
313,CUST00284,Priya Garcia,1952-05-31,premium,Winnipeg,MB,2025-08-03,,True
314,CUST00285,Emma Williams,1962-06-27,retail,Calgary,AB,2024-09-12,,True
315,CUST00286,Olivia Patel,2003-08-24,retail,Mississauga,ON,2025-09-08,,True
316,CUST00287,Ava Kim,1982-04-04,retail,Montreal,QC,2023-06-24,,True
317,CUST00288,Jennifer Gagnon,1985-11-07,retail,Quebec City,QC,2024-11-10,2025-05-21,False
318,CUST00288,Jennifer Gagnon,1985-11-07,premium,Hamilton,ON,2025-05-21,,True
319,CUST00289,Lisa Khan,1969-10-30,retail,Quebec City,QC,2025-07-01,,True
320,CUST00290,Sofia Chan,1952-03-15,retail,Ottawa,ON,2025-09-15,,True
321,CUST00291,Patricia Jones,1990-11-07,retail,Surrey,BC,2024-02-28,2025-05-02,False
322,CUST00291,Patricia Jones,1990-11-07,retail,Halifax,NS,2025-05-02,,True
323,CUST00292,John Martinez,1960-04-29,premium,Toronto,ON,2023-02-16,,True
324,CUST00293,Jennifer Davis,1964-05-14,retail,Montreal,QC,2024-11-08,,True
325,CUST00294,Karen Gagnon,1988-10-08,retail,Ottawa,ON,2025-03-21,,True
326,CUST00295,Wei Kim,1969-04-09,retail,Calgary,AB,2024-02-26,,True
327,CUST00296,Wei Brown,1979-03-31,retail,Montreal,QC,2024-02-08,,True
328,CUST00297,Lisa Gagnon,1985-03-20,retail,Surrey,BC,2023-08-22,,True
329,CUST00298,Emma Cote,2002-12-12,premium,Halifax,NS,2023-06-23,,True
330,CUST00299,Patricia Garcia,1995-10-30,retail,Surrey,BC,2025-03-06,,True
331,CUST00300,Jennifer Singh,1965-07-17,retail,Winnipeg,MB,2023-12-08,,True
332,CUST00301,Nancy Roy,1950-11-11,premium,Toronto,ON,2025-09-19,,True
333,CUST00302,Lisa Gagnon,1994-02-11,retail,Edmonton,AB,2025-05-01,,True
334,CUST00303,Wei Smith,1974-08-29,retail,Hamilton,ON,2024-04-05,,True
335,CUST00304,Liam Singh,2001-05-19,retail,Montreal,QC,2023-08-22,,True
336,CUST00305,Priya Johnson,1969-08-10,retail,Halifax,NS,2025-05-20,,True
337,CUST00306,Elizabeth Johnson,1957-10-21,retail,Edmonton,AB,2025-06-18,,True
338,CUST00307,Michael Tremblay,1988-05-31,retail,Halifax,NS,2023-12-06,,True
339,CUST00308,Olivia Johnson,1975-03-21,retail,Quebec City,QC,2023-12-11,,True
340,CUST00309,David Chan,1962-03-01,premium,Winnipeg,MB,2025-04-22,,True
341,CUST00310,Robert Jones,1978-11-24,retail,Hamilton,ON,2024-05-21,,True
342,CUST00311,Wei Gagnon,1983-08-29,retail,Vancouver,BC,2025-07-14,,True
343,CUST00312,Karen Chan,1983-02-10,retail,Halifax,NS,2025-07-20,,True
344,CUST00313,Ava Williams,1982-02-20,business,Halifax,NS,2023-05-10,,True
345,CUST00314,Emma Miller,1975-06-11,retail,Edmonton,AB,2024-11-22,,True
346,CUST00315,Olivia Wilson,1954-02-14,premium,Winnipeg,MB,2023-07-23,2024-12-03,False
347,CUST00315,Olivia Wilson,1954-02-14,retail,Ottawa,ON,2024-12-03,,True
348,CUST00316,James Kim,1961-11-01,business,Hamilton,ON,2024-09-10,,True
349,CUST00317,Chen Lee,1964-11-06,retail,Vancouver,BC,2023-04-17,,True
350,CUST00318,Linda Kim,1958-07-16,retail,Winnipeg,MB,2023-01-03,,True
351,CUST00319,Lisa Cote,1980-10-28,retail,Edmonton,AB,2023-09-04,2023-12-09,False
352,CUST00319,Lisa Cote,1980-10-28,retail,Hamilton,ON,2023-12-09,,True
353,CUST00320,Liam Brown,1976-11-05,retail,Mississauga,ON,2023-10-08,,True
354,CUST00321,Chen Cote,2000-07-14,retail,Ottawa,ON,2023-01-18,,True
355,CUST00322,Michael Gagnon,1986-12-08,retail,Halifax,NS,2025-06-25,,True
356,CUST00323,Patricia Tremblay,1988-07-10,retail,Halifax,NS,2024-10-06,,True
357,CUST00324,Linda Khan,1975-07-25,retail,Quebec City,QC,2023-02-24,,True
358,CUST00325,Lisa Roy,1985-02-22,retail,Montreal,QC,2024-08-28,,True
359,CUST00326,Linda Singh,1994-10-27,retail,Calgary,AB,2023-05-26,,True
360,CUST00327,Sarah Jones,2000-12-28,premium,Calgary,AB,2025-05-11,,True
361,CUST00328,Noah Williams,1951-03-28,retail,Toronto,ON,2024-06-20,,True
362,CUST00329,Karen Chan,1994-12-14,retail,Vancouver,BC,2025-04-30,,True
363,CUST00330,Priya Roy,1977-10-21,retail,Ottawa,ON,2023-06-11,,True
364,CUST00331,Priya Wilson,1955-12-07,retail,Calgary,AB,2024-09-27,,True
365,CUST00332,Mary Davis,1960-05-28,business,Mississauga,ON,2025-07-17,,True
366,CUST00333,Amir Garcia,1962-04-24,retail,Mississauga,ON,2023-01-24,,True
367,CUST00334,Olivia Rodriguez,1974-02-10,retail,Unknown,ON,2023-08-30,,True
368,CUST00335,David Chan,2001-09-25,retail,Mississauga,ON,2023-06-07,2024-10-18,False
369,CUST00335,David Chan,2001-09-25,retail,Quebec City,QC,2024-10-18,,True
370,CUST00336,Jennifer Rodriguez,1960-05-07,premium,Unknown,ON,2024-04-12,,True
371,CUST00337,James Davis,1984-05-11,retail,Toronto,ON,2023-11-04,2025-02-17,False
372,CUST00337,James Davis,1984-05-11,premium,Halifax,NS,2025-02-17,,True
373,CUST00338,Matthew Davis,1978-09-14,retail,Surrey,BC,2024-07-09,2025-08-17,False
374,CUST00338,Matthew Davis,1978-09-14,retail,Toronto,ON,2025-08-17,,True
375,CUST00339,Olivia Chan,1956-03-08,business,Toronto,ON,2025-08-10,,True
376,CUST00340,John Khan,1968-01-02,retail,Edmonton,AB,2024-08-20,,True
377,CUST00341,Nancy Lee,1967-07-14,business,Quebec City,QC,2024-05-17,2025-04-19,False
378,CUST00341,Nancy Lee,1967-07-14,premium,Surrey,BC,2025-04-19,,True
379,CUST00342,Sofia Smith,1983-10-04,retail,Surrey,BC,2024-09-21,,True
380,CUST00343,Anthony Johnson,1958-05-07,premium,Ottawa,ON,2023-03-31,,True
381,CUST00344,Sofia Lee,1957-08-14,business,Edmonton,AB,2023-07-15,,True
382,CUST00345,Wei Tremblay,1961-09-23,retail,Toronto,ON,2024-04-29,,True
383,CUST00346,Karen Wilson,1970-12-16,retail,Surrey,BC,2023-06-02,,True
384,CUST00347,Patricia Jones,1991-10-24,retail,Mississauga,ON,2024-10-05,,True
385,CUST00348,Michael Nguyen,1960-10-04,retail,Vancouver,BC,2023-07-05,,True
386,CUST00349,Sofia Roy,1979-05-30,retail,Toronto,ON,2023-10-31,,True
387,CUST00350,Lisa Johnson,1965-08-07,retail,Winnipeg,MB,2023-03-05,,True
388,CUST00351,Priya Davis,1962-07-17,retail,Mississauga,ON,2023-09-06,,True
389,CUST00352,Robert Miller,1957-07-16,retail,Calgary,AB,2024-06-14,,True
390,CUST00353,Michael Gagnon,1958-04-02,premium,Edmonton,AB,2024-11-10,2025-10-29,False
391,CUST00353,Michael Gagnon,1958-04-02,premium,Calgary,AB,2025-10-29,,True
392,CUST00354,Karen Singh,1988-04-11,retail,Toronto,ON,2023-12-20,,True
393,CUST00355,Nancy Jones,1972-01-19,retail,Toronto,ON,2024-08-27,,True
394,CUST00356,John Rodriguez,1967-11-23,retail,Calgary,AB,2025-12-12,,True
395,CUST00357,James Patel,1998-11-07,retail,Halifax,NS,2025-09-19,,True
396,CUST00358,David Garcia,1969-08-25,retail,Toronto,ON,2023-03-02,2023-12-28,False
397,CUST00358,David Garcia,1969-08-25,retail,Montreal,QC,2023-12-28,,True
398,CUST00359,Wei Davis,1971-08-21,retail,Ottawa,ON,2024-06-29,,True
399,CUST00360,Noah Davis,1984-11-05,premium,Quebec City,QC,2024-12-27,,True
400,CUST00361,Linda Tremblay,1982-03-10,premium,Surrey,BC,2023-02-27,,True
401,CUST00362,Robert Tremblay,1994-02-28,premium,Hamilton,ON,2024-09-24,2025-09-27,False
402,CUST00362,Robert Tremblay,1994-02-28,retail,Hamilton,ON,2025-09-27,,True
403,CUST00363,Anthony Smith,1968-01-28,business,Surrey,BC,2023-09-25,,True
404,CUST00364,Ava Wilson,2002-08-18,retail,Toronto,ON,2023-10-18,,True
405,CUST00365,John Lee,1985-06-28,business,Halifax,NS,2023-07-26,,True
406,CUST00366,Liam Kim,1978-06-19,business,Winnipeg,MB,2023-12-23,,True
407,CUST00367,Fatima Lee,1965-09-24,retail,Hamilton,ON,2025-02-13,,True
408,CUST00368,James Tremblay,2000-11-29,premium,Calgary,AB,2023-03-08,,True
409,CUST00369,Fatima Davis,1994-07-07,retail,Winnipeg,MB,2023-10-16,,True
410,CUST00370,Sarah Garcia,1957-12-17,premium,Winnipeg,MB,2024-11-18,,True
411,CUST00371,John Lee,1950-02-11,premium,Vancouver,BC,2023-04-09,,True
412,CUST00372,Matthew Singh,1983-09-04,retail,Calgary,AB,2023-07-27,,True
413,CUST00373,Noah Cote,1956-08-12,retail,Hamilton,ON,2023-03-10,,True
414,CUST00374,John Wilson,1964-06-08,premium,Ottawa,ON,2023-06-03,2024-06-01,False
415,CUST00374,John Wilson,1964-06-08,business,Quebec City,QC,2024-06-01,,True
416,CUST00375,Sofia Smith,1964-10-20,business,Calgary,AB,2025-06-08,,True
417,CUST00376,Michael Kim,1998-06-16,retail,Halifax,NS,2024-06-27,2025-03-15,False
418,CUST00376,Michael Kim,1998-06-16,premium,Quebec City,QC,2025-03-15,,True
419,CUST00377,Anthony Jones,1988-05-12,retail,Toronto,ON,2023-06-29,,True
420,CUST00378,Michael Brown,1976-03-07,retail,Toronto,ON,2023-06-17,,True
421,CUST00379,Anthony Singh,1998-10-25,retail,Winnipeg,MB,2025-03-04,,True
422,CUST00380,Nancy Johnson,1973-08-19,retail,Vancouver,BC,2024-04-08,,True
423,CUST00381,Sofia Cote,1980-11-04,retail,Mississauga,ON,2025-04-27,,True
424,CUST00382,Emma Patel,1998-01-16,retail,Montreal,QC,2025-08-30,,True
425,CUST00383,Karen Johnson,1996-05-14,retail,Montreal,QC,2023-10-29,,True
426,CUST00384,Jennifer Miller,1987-12-26,retail,Hamilton,ON,2023-06-10,,True
427,CUST00385,Chen Jones,1956-01-05,retail,Quebec City,QC,2023-06-28,,True
428,CUST00386,David Chan,1951-02-10,business,Edmonton,AB,2025-12-06,,True
429,CUST00387,Wei Tremblay,2000-06-25,business,Mississauga,ON,2023-07-26,,True
430,CUST00388,Matthew Rodriguez,2001-04-27,retail,Calgary,AB,2025-08-26,,True
431,CUST00389,Amir Patel,1979-09-28,retail,Toronto,ON,2024-05-01,,True
432,CUST00390,Daniel Smith,1977-03-10,premium,Surrey,BC,2024-09-28,,True
433,CUST00391,Patricia Davis,1989-10-02,retail,Ottawa,ON,2024-10-19,,True
434,CUST00392,Michael Nguyen,1986-07-13,business,Hamilton,ON,2025-09-19,,True
435,CUST00393,Lisa Garcia,1995-06-20,retail,Mississauga,ON,2025-04-06,,True
436,CUST00394,James Garcia,1968-01-04,premium,Hamilton,ON,2023-04-29,,True
437,CUST00395,Sofia Miller,1991-08-25,retail,Vancouver,BC,2025-10-31,,True
438,CUST00396,Linda Lee,1965-12-07,retail,Edmonton,AB,2025-08-29,,True
439,CUST00397,David Williams,1954-06-15,retail,Vancouver,BC,2023-11-30,,True
440,CUST00398,Linda Gagnon,1974-02-21,retail,Hamilton,ON,2025-04-18,,True
441,CUST00399,Amir Smith,1965-07-16,business,Edmonton,AB,2023-01-18,,True
442,CUST00400,Sofia Gagnon,1983-10-11,retail,Vancouver,BC,2024-12-15,,True
443,CUST00401,Lisa Roy,1950-08-29,retail,Calgary,AB,2025-11-13,,True
444,CUST00402,Priya Gagnon,1976-10-11,retail,Quebec City,QC,2023-08-10,,True
445,CUST00403,Sarah Rodriguez,1976-10-21,retail,Vancouver,BC,2024-01-21,,True
446,CUST00404,Olivia Roy,1962-07-22,retail,Calgary,AB,2023-02-22,,True
447,CUST00405,Matthew Patel,2002-04-22,premium,Calgary,AB,2024-01-24,,True
448,CUST00406,Chen Singh,1976-12-06,retail,Winnipeg,MB,2023-12-15,,True
449,CUST00407,Patricia Singh,2000-02-26,premium,Ottawa,ON,2024-01-10,,True
450,CUST00408,Linda Lee,1977-07-20,premium,Hamilton,ON,2025-05-11,,True
451,CUST00409,Elizabeth Nguyen,2002-05-10,retail,Mississauga,ON,2023-05-26,2024-07-07,False
452,CUST00409,Elizabeth Nguyen,2002-05-10,premium,Calgary,AB,2024-07-07,,True
453,CUST00410,Matthew Johnson,1967-12-21,retail,Ottawa,ON,2024-12-02,,True
454,CUST00411,Nancy Jones,1966-03-07,premium,Surrey,BC,2023-06-15,,True
455,CUST00412,Chen Johnson,1968-10-14,retail,Toronto,ON,2023-12-12,,True
456,CUST00413,Noah Williams,1988-07-10,retail,Ottawa,ON,2025-04-06,,True
457,CUST00414,Michael Lee,1997-08-22,premium,Unknown,ON,2024-01-26,,True
458,CUST00415,Linda Lee,1984-05-30,retail,Vancouver,BC,2025-10-27,,True
459,CUST00416,Elizabeth Martinez,2003-07-03,premium,Edmonton,AB,2025-12-09,,True
460,CUST00417,Sarah Singh,1964-10-16,premium,Surrey,BC,2025-04-06,,True
461,CUST00418,Michael Smith,1961-01-18,retail,Quebec City,QC,2025-01-20,,True
462,CUST00419,Chen Rodriguez,2003-04-14,retail,Montreal,QC,2023-04-09,2024-05-26,False
463,CUST00419,Chen Rodriguez,2003-04-14,retail,Mississauga,ON,2024-05-26,,True
464,CUST00420,Karen Brown,1963-09-27,retail,Montreal,QC,2024-02-25,,True
465,CUST00421,Amir Brown,1962-04-22,retail,Winnipeg,MB,2025-05-07,,True
466,CUST00422,Patricia Martinez,1994-08-27,premium,Mississauga,ON,2024-02-11,,True
467,CUST00423,Michael Lee,1964-05-22,retail,Halifax,NS,2023-03-22,,True
468,CUST00424,Anthony Wilson,1957-12-26,retail,Hamilton,ON,2023-08-15,2023-11-29,False
469,CUST00424,Anthony Wilson,1957-12-26,retail,Montreal,QC,2023-11-29,,True
470,CUST00425,Liam Brown,1990-12-23,retail,Vancouver,BC,2024-08-29,,True
471,CUST00426,Ava Johnson,1978-01-20,retail,Vancouver,BC,2025-05-22,,True
472,CUST00427,Mary Smith,1965-04-19,retail,Ottawa,ON,2024-11-04,,True
473,CUST00428,Liam Williams,1966-05-29,premium,Surrey,BC,2023-08-22,,True
474,CUST00429,Karen Singh,1964-12-18,retail,Calgary,AB,2023-08-20,,True
475,CUST00430,Ava Garcia,2002-12-31,retail,Mississauga,ON,2025-09-15,,True
476,CUST00431,Karen Lee,1961-09-21,retail,Quebec City,QC,2025-09-16,,True
477,CUST00432,Mary Williams,1951-02-10,retail,Vancouver,BC,2025-12-10,,True
478,CUST00433,Amir Wilson,1958-07-18,retail,Montreal,QC,2025-06-05,,True
479,CUST00434,Amir Gagnon,2000-02-03,retail,Calgary,AB,2023-04-22,,True
480,CUST00435,Anthony Singh,1994-02-09,retail,Ottawa,ON,2024-10-18,2025-04-10,False
481,CUST00435,Anthony Singh,1994-02-09,premium,Montreal,QC,2025-04-10,,True
482,CUST00436,Karen Davis,2001-05-30,retail,Mississauga,ON,2025-07-06,,True
483,CUST00437,Anthony Gagnon,1986-12-29,retail,Unknown,ON,2023-03-15,2024-03-18,False
484,CUST00437,Anthony Gagnon,1986-12-29,premium,Quebec City,QC,2024-03-18,,True
485,CUST00438,Lisa Khan,1990-12-06,retail,Hamilton,ON,2024-11-29,,True
486,CUST00439,Nancy Wilson,2003-10-29,premium,Montreal,QC,2025-08-26,,True
487,CUST00440,Patricia Cote,1981-11-11,retail,Hamilton,ON,2024-08-20,2025-01-11,False
488,CUST00440,Patricia Cote,1981-11-11,retail,Edmonton,AB,2025-01-11,,True
489,CUST00441,Sofia Kim,1967-07-30,retail,Mississauga,ON,2024-01-20,,True
490,CUST00442,Emma Miller,1987-03-09,retail,Halifax,NS,2023-04-06,,True
491,CUST00443,Noah Nguyen,1995-03-27,retail,Unknown,AB,2023-10-03,,True
492,CUST00444,Priya Kim,1995-08-10,retail,Quebec City,QC,2023-12-29,,True
493,CUST00445,Patricia Patel,1978-11-16,retail,Winnipeg,MB,2025-10-29,,True
494,CUST00446,Sofia Davis,1980-10-04,retail,Vancouver,BC,2024-08-25,,True
495,CUST00447,Sofia Chan,1999-02-23,premium,Vancouver,BC,2024-10-04,,True
496,CUST00448,Michael Miller,1980-12-23,premium,Quebec City,QC,2023-09-29,,True
497,CUST00449,Lisa Khan,1960-05-09,retail,Halifax,NS,2024-12-22,,True
498,CUST00450,Sofia Kim,1997-11-24,premium,Winnipeg,MB,2024-08-08,2024-11-30,False
499,CUST00450,Sofia Kim,1997-11-24,retail,Toronto,ON,2024-11-30,,True
500,CUST00451,Mary Cote,1964-06-09,retail,Toronto,ON,2024-08-09,2025-11-13,False
501,CUST00451,Mary Cote,1964-06-09,retail,Vancouver,BC,2025-11-13,,True
502,CUST00452,Priya Johnson,1959-03-13,premium,Surrey,BC,2024-04-04,,True
503,CUST00453,Olivia Martinez,1984-03-26,retail,Halifax,NS,2025-03-04,,True
504,CUST00454,Priya Johnson,1968-03-21,premium,Toronto,ON,2025-06-26,,True
505,CUST00455,Chen Lee,1967-08-17,retail,Quebec City,QC,2024-02-01,,True
506,CUST00456,Jennifer Garcia,1983-11-04,retail,Halifax,NS,2023-03-25,2024-03-18,False
507,CUST00456,Jennifer Garcia,1983-11-04,retail,Vancouver,BC,2024-03-18,,True
508,CUST00457,Nancy Jones,1978-12-11,retail,Toronto,ON,2023-04-15,,True
509,CUST00458,Elizabeth Singh,1956-07-16,retail,Quebec City,QC,2024-10-12,,True
510,CUST00459,Olivia Chan,1998-03-07,retail,Ottawa,ON,2025-04-06,,True
511,CUST00460,Sarah Wilson,1997-08-05,retail,Surrey,BC,2025-08-30,,True
512,CUST00461,James Brown,1971-07-25,retail,Winnipeg,MB,2024-05-14,,True
513,CUST00462,Olivia Brown,1975-05-17,retail,Calgary,AB,2023-02-20,,True
514,CUST00463,Olivia Chan,1976-08-05,retail,Edmonton,AB,2024-01-30,2025-04-29,False
515,CUST00463,Olivia Chan,1976-08-05,premium,Montreal,QC,2025-04-29,,True
516,CUST00464,Chen Williams,1969-02-15,retail,Hamilton,ON,2025-05-18,,True
517,CUST00465,Liam Kim,1956-06-21,premium,Winnipeg,MB,2023-11-11,2024-02-16,False
518,CUST00465,Liam Kim,1956-06-21,retail,Toronto,ON,2024-02-16,,True
519,CUST00466,David Khan,1970-06-04,retail,Mississauga,ON,2024-06-13,,True
520,CUST00467,Sarah Smith,1997-12-25,retail,Calgary,AB,2023-01-13,,True
521,CUST00468,Wei Johnson,1982-02-03,premium,Halifax,NS,2025-10-26,,True
522,CUST00469,John Martinez,1952-10-06,retail,Edmonton,AB,2025-08-28,,True
523,CUST00470,Olivia Khan,1962-12-05,business,Vancouver,BC,2024-09-02,,True
524,CUST00471,Liam Gagnon,1951-01-01,business,Unknown,BC,2023-10-17,,True
525,CUST00472,Priya Khan,1980-11-06,retail,Mississauga,ON,2024-03-09,,True
526,CUST00473,Jennifer Garcia,1972-09-03,retail,Hamilton,ON,2024-02-02,,True
527,CUST00474,Mary Khan,1956-07-24,retail,Edmonton,AB,2024-08-18,,True
528,CUST00475,Wei Singh,1971-01-16,retail,Surrey,BC,2023-07-24,,True
529,CUST00476,Anthony Nguyen,1977-06-04,retail,Surrey,BC,2023-11-09,,True
530,CUST00477,Matthew Garcia,1969-11-15,retail,Toronto,ON,2025-06-12,,True
531,CUST00478,Sarah Singh,1977-05-28,retail,Edmonton,AB,2025-09-24,,True
532,CUST00479,Emma Rodriguez,1967-08-16,premium,Ottawa,ON,2024-06-23,,True
533,CUST00480,James Chan,2002-03-16,retail,Winnipeg,MB,2025-04-09,2025-10-19,False
534,CUST00480,James Chan,2002-03-16,business,Montreal,QC,2025-10-19,,True
535,CUST00481,Priya Singh,1982-10-27,premium,Winnipeg,MB,2025-03-14,,True
536,CUST00482,Elizabeth Jones,1958-02-15,retail,Unknown,AB,2025-03-23,,True
537,CUST00483,Olivia Roy,1996-02-16,retail,Winnipeg,MB,2023-10-15,,True
538,CUST00484,Amir Jones,1982-03-11,premium,Halifax,NS,2023-03-24,2023-11-28,False
539,CUST00484,Amir Jones,1982-03-11,retail,Hamilton,ON,2023-11-28,,True
540,CUST00485,Michael Chan,1990-10-15,retail,Surrey,BC,2023-04-06,2024-02-26,False
541,CUST00485,Michael Chan,1990-10-15,premium,Winnipeg,MB,2024-02-26,,True
542,CUST00486,Emma Rodriguez,1965-08-06,retail,Quebec City,QC,2025-02-10,,True
543,CUST00487,Emma Williams,1969-12-30,retail,Montreal,QC,2025-11-23,,True
544,CUST00488,Olivia Singh,1962-06-20,retail,Quebec City,QC,2025-06-19,,True
545,CUST00489,Michael Jones,1960-08-13,retail,Ottawa,ON,2024-04-16,2025-05-26,False
546,CUST00489,Michael Jones,1960-08-13,retail,Edmonton,AB,2025-05-26,,True
547,CUST00490,Wei Garcia,1952-01-06,premium,Winnipeg,MB,2024-05-14,,True
548,CUST00491,Chen Chan,1963-03-06,premium,Toronto,ON,2023-04-25,,True
549,CUST00492,Karen Roy,1975-06-07,retail,Quebec City,QC,2023-06-25,,True
550,CUST00493,Anthony Garcia,2003-11-27,premium,Hamilton,ON,2023-10-20,,True
551,CUST00494,Amir Chan,1980-09-28,retail,Vancouver,BC,2025-07-17,,True
552,CUST00495,Robert Brown,1995-04-01,retail,Toronto,ON,2025-05-09,,True
553,CUST00496,Fatima Roy,1997-09-04,premium,Toronto,ON,2025-10-27,,True
554,CUST00497,Fatima Khan,1988-09-17,premium,Toronto,ON,2025-12-05,,True
555,CUST00498,Matthew Davis,1984-03-15,premium,Edmonton,AB,2024-12-18,,True
556,CUST00499,Sofia Tremblay,1972-11-01,retail,Mississauga,ON,2025-09-04,,True
557,CUST00500,Priya Kim,1950-08-22,retail,Unknown,BC,2025-12-06,,True
558,CUST00501,Sofia Wilson,1963-11-20,retail,Calgary,AB,2025-05-22,,True
559,CUST00502,Matthew Tremblay,1985-08-28,retail,Surrey,BC,2024-02-22,,True
560,CUST00503,Daniel Khan,1977-07-06,retail,Montreal,QC,2024-12-06,,True
561,CUST00504,Patricia Davis,1964-07-07,premium,Edmonton,AB,2023-07-25,,True
562,CUST00505,Priya Roy,1954-09-02,retail,Halifax,NS,2023-11-26,,True
563,CUST00506,Emma Jones,1989-01-22,business,Edmonton,AB,2023-06-30,2023-09-17,False
564,CUST00506,Emma Jones,1989-01-22,retail,Halifax,NS,2023-09-17,,True
565,CUST00507,Karen Roy,2003-08-08,retail,Winnipeg,MB,2023-04-28,,True
566,CUST00508,Nancy Smith,1996-06-26,premium,Hamilton,ON,2024-08-08,,True
567,CUST00509,Sofia Davis,1953-03-27,retail,Unknown,QC,2025-01-06,,True
568,CUST00510,David Patel,1986-05-17,retail,Surrey,BC,2024-02-15,2024-05-31,False
569,CUST00510,David Patel,1986-05-17,retail,Montreal,QC,2024-05-31,,True
570,CUST00511,Emma Khan,1974-10-22,retail,Quebec City,QC,2024-04-08,,True
571,CUST00512,Wei Smith,1995-06-02,retail,Vancouver,BC,2023-08-07,,True
572,CUST00513,Patricia Chan,2001-07-30,premium,Vancouver,BC,2024-05-27,,True
573,CUST00514,Noah Davis,1991-03-02,business,Surrey,BC,2025-08-01,,True
574,CUST00515,David Williams,1969-10-09,retail,Calgary,AB,2024-04-15,,True
575,CUST00516,Priya Smith,1972-04-09,premium,Halifax,NS,2024-08-11,,True
576,CUST00517,John Khan,1981-09-19,retail,Ottawa,ON,2024-03-23,,True
577,CUST00518,Amir Miller,1971-01-26,premium,Edmonton,AB,2024-05-10,,True
578,CUST00519,Linda Roy,1959-07-28,retail,Surrey,BC,2023-09-03,,True
579,CUST00520,Fatima Smith,1993-04-08,business,Montreal,QC,2025-01-30,,True
580,CUST00521,Wei Rodriguez,1995-11-09,retail,Edmonton,AB,2024-07-27,2025-06-21,False
581,CUST00521,Wei Rodriguez,1995-11-09,retail,Calgary,AB,2025-06-21,,True
582,CUST00522,Priya Johnson,1965-09-06,retail,Montreal,QC,2025-07-25,,True
583,CUST00523,Sofia Smith,1984-01-16,retail,Toronto,ON,2023-07-26,,True
584,CUST00524,Priya Rodriguez,1980-10-12,retail,Hamilton,ON,2025-01-19,,True
585,CUST00525,Noah Lee,1975-02-01,premium,Surrey,BC,2025-07-12,,True
586,CUST00526,Linda Brown,1971-02-26,retail,Halifax,NS,2025-06-04,,True
587,CUST00527,Liam Jones,1965-11-05,premium,Edmonton,AB,2025-05-13,,True
588,CUST00528,Lisa Khan,1993-08-28,retail,Halifax,NS,2024-09-06,2024-12-25,False
589,CUST00528,Lisa Khan,1993-08-28,retail,Halifax,NS,2024-12-25,,True
590,CUST00529,Michael Rodriguez,1958-08-22,premium,Edmonton,AB,2025-07-10,,True
591,CUST00530,Priya Rodriguez,1960-11-16,retail,Surrey,BC,2024-12-20,,True
592,CUST00531,Wei Gagnon,1975-07-15,retail,Winnipeg,MB,2024-12-28,,True
593,CUST00532,Nancy Williams,1991-08-10,retail,Calgary,AB,2023-10-24,,True
594,CUST00533,Matthew Gagnon,1956-05-26,retail,Quebec City,QC,2023-06-12,,True
595,CUST00534,Elizabeth Rodriguez,1974-05-03,retail,Quebec City,QC,2025-06-30,,True
596,CUST00535,Lisa Nguyen,1952-01-27,retail,Calgary,AB,2023-09-14,,True
597,CUST00536,Sofia Williams,1959-03-30,retail,Hamilton,ON,2023-07-15,,True
598,CUST00537,James Patel,1957-06-20,premium,Montreal,QC,2023-08-01,,True
599,CUST00538,Karen Martinez,1975-06-30,retail,Hamilton,ON,2025-06-26,,True
600,CUST00539,James Johnson,1979-03-06,retail,Winnipeg,MB,2025-09-02,,True
601,CUST00540,Priya Nguyen,1998-05-20,business,Ottawa,ON,2023-12-29,,True
602,CUST00541,Wei Kim,1997-11-21,retail,Montreal,QC,2024-09-26,,True
603,CUST00542,John Nguyen,1973-04-23,retail,Unknown,BC,2023-11-15,,True
604,CUST00543,Ava Jones,1998-01-03,retail,Surrey,BC,2023-01-18,,True
605,CUST00544,Elizabeth Smith,2003-07-24,premium,Calgary,AB,2024-04-18,,True
606,CUST00545,Priya Kim,1984-12-18,retail,Calgary,AB,2025-02-13,,True
607,CUST00546,Lisa Roy,1975-07-17,retail,Halifax,NS,2025-12-25,,True
608,CUST00547,Jennifer Jones,1990-11-07,retail,Vancouver,BC,2025-07-16,,True
609,CUST00548,James Jones,1951-12-27,business,Toronto,ON,2024-01-16,2024-10-26,False
610,CUST00548,James Jones,1951-12-27,retail,Halifax,NS,2024-10-26,,True
611,CUST00549,John Jones,1980-09-03,retail,Toronto,ON,2025-05-10,,True
612,CUST00550,Nancy Johnson,1963-02-09,retail,Surrey,BC,2023-04-25,,True
613,CUST00551,Jennifer Miller,1951-02-18,premium,Vancouver,BC,2023-09-07,,True
614,CUST00552,Nancy Davis,1967-11-14,business,Halifax,NS,2025-08-01,,True
615,CUST00553,Michael Singh,1978-01-01,retail,Calgary,AB,2024-10-23,,True
616,CUST00554,Priya Chan,1976-10-22,retail,Mississauga,ON,2024-02-11,,True
617,CUST00555,Patricia Davis,1951-05-09,retail,Winnipeg,MB,2023-12-09,,True
618,CUST00556,Linda Smith,1992-08-21,retail,Toronto,ON,2023-11-14,,True
619,CUST00557,John Cote,1955-05-22,retail,Quebec City,QC,2023-05-03,,True
620,CUST00558,Patricia Jones,2000-02-04,retail,Edmonton,AB,2024-12-12,,True
621,CUST00559,Sofia Patel,1972-06-28,premium,Surrey,BC,2023-03-22,,True
622,CUST00560,Sofia Singh,1998-10-09,retail,Hamilton,ON,2024-12-13,,True
623,CUST00561,Fatima Khan,1963-11-28,retail,Ottawa,ON,2025-07-09,,True
624,CUST00562,James Gagnon,1966-08-24,retail,Montreal,QC,2023-02-08,,True
625,CUST00563,Sarah Williams,1984-10-06,business,Winnipeg,MB,2024-01-24,,True
626,CUST00564,Fatima Martinez,1978-11-22,retail,Surrey,BC,2023-08-15,2023-12-19,False
627,CUST00564,Fatima Martinez,1978-11-22,business,Ottawa,ON,2023-12-19,,True
628,CUST00565,Michael Brown,1952-11-08,retail,Edmonton,AB,2025-03-06,,True
629,CUST00566,David Johnson,1956-05-11,retail,Surrey,BC,2023-01-27,,True
630,CUST00567,Emma Williams,1955-06-13,premium,Edmonton,AB,2025-01-09,,True
631,CUST00568,Daniel Johnson,1953-08-25,retail,Quebec City,QC,2023-05-25,,True
632,CUST00569,Lisa Brown,1997-09-12,premium,Mississauga,ON,2025-02-28,,True
633,CUST00570,Chen Garcia,1987-04-01,premium,Montreal,QC,2023-08-05,,True
634,CUST00571,Sofia Cote,1964-12-19,premium,Calgary,AB,2024-01-05,,True
635,CUST00572,Priya Roy,1978-04-10,business,Edmonton,AB,2024-10-26,,True
636,CUST00573,Emma Wilson,1998-12-14,retail,Quebec City,QC,2024-03-14,,True
637,CUST00574,Daniel Nguyen,1950-01-07,business,Edmonton,AB,2023-03-12,,True
638,CUST00575,Elizabeth Smith,1969-04-10,business,Vancouver,BC,2024-10-06,,True
639,CUST00576,David Khan,2001-04-13,retail,Montreal,QC,2023-11-13,,True
640,CUST00577,David Lee,1972-12-27,retail,Quebec City,QC,2024-09-07,,True
641,CUST00578,Liam Williams,1993-04-16,retail,Halifax,NS,2023-12-21,,True
642,CUST00579,Emma Brown,1953-05-09,retail,Quebec City,QC,2025-02-20,,True
643,CUST00580,Daniel Kim,1960-10-24,business,Calgary,AB,2024-04-09,,True
644,CUST00581,Chen Gagnon,1997-01-16,retail,Calgary,AB,2023-03-26,,True
645,CUST00582,Sofia Davis,1985-03-31,retail,Ottawa,ON,2025-07-01,,True
646,CUST00583,Elizabeth Patel,1957-05-28,retail,Ottawa,ON,2025-09-01,,True
647,CUST00584,John Patel,1961-09-12,retail,Montreal,QC,2023-10-04,,True
648,CUST00585,Wei Miller,1997-01-12,retail,Montreal,QC,2024-05-19,,True
649,CUST00586,Amir Tremblay,1987-02-08,retail,Mississauga,ON,2025-05-17,,True
650,CUST00587,Chen Smith,1981-05-17,retail,Vancouver,BC,2025-06-24,,True
651,CUST00588,Linda Miller,1957-09-12,retail,Winnipeg,MB,2023-08-19,,True
652,CUST00589,Robert Martinez,1959-12-26,retail,Unknown,ON,2024-09-16,,True
653,CUST00590,Priya Miller,1973-03-16,retail,Hamilton,ON,2025-09-16,,True
654,CUST00591,Amir Smith,1997-04-06,retail,Calgary,AB,2023-03-31,,True
655,CUST00592,Sofia Roy,1950-10-01,retail,Vancouver,BC,2023-05-17,,True
656,CUST00593,Amir Lee,1984-09-04,retail,Mississauga,ON,2024-04-18,,True
657,CUST00594,Sarah Singh,1966-09-22,retail,Quebec City,QC,2024-02-12,,True
658,CUST00595,James Johnson,1977-05-10,business,Hamilton,ON,2024-11-14,2025-12-29,False
659,CUST00595,James Johnson,1977-05-10,retail,Surrey,BC,2025-12-29,,True
660,CUST00596,Elizabeth Davis,1955-07-25,retail,Montreal,QC,2024-06-11,,True
661,CUST00597,James Khan,1980-08-30,retail,Vancouver,BC,2025-03-15,,True
662,CUST00598,Amir Roy,1987-06-11,retail,Winnipeg,MB,2024-05-07,,True
663,CUST00599,Fatima Wilson,1968-07-20,retail,Edmonton,AB,2023-10-11,,True
664,CUST00600,Robert Martinez,1996-12-29,premium,Halifax,NS,2023-10-04,,True
665,CUST00601,Chen Tremblay,2000-01-01,retail,Ottawa,ON,2025-12-27,,True
666,CUST00602,Robert Smith,1987-02-23,premium,Surrey,BC,2025-04-22,,True
667,CUST00603,Chen Rodriguez,1959-07-31,premium,Ottawa,ON,2023-09-27,,True
668,CUST00604,David Roy,2003-07-03,retail,Unknown,QC,2024-04-20,2025-07-23,False
669,CUST00604,David Roy,2003-07-03,retail,Edmonton,AB,2025-07-23,,True
670,CUST00605,Ava Roy,1983-07-20,premium,Edmonton,AB,2024-01-12,2024-06-18,False
671,CUST00605,Ava Roy,1983-07-20,retail,Hamilton,ON,2024-06-18,,True
672,CUST00606,Noah Smith,1969-12-19,business,Vancouver,BC,2024-02-20,,True
673,CUST00607,Nancy Roy,1991-01-18,retail,Edmonton,AB,2024-05-20,,True
674,CUST00608,Emma Patel,2001-04-24,retail,Halifax,NS,2025-12-11,,True
675,CUST00609,Nancy Nguyen,1972-01-17,premium,Toronto,ON,2025-11-28,,True
676,CUST00610,Lisa Gagnon,1989-06-08,retail,Toronto,ON,2025-03-26,,True
677,CUST00611,Jennifer Kim,1954-11-23,retail,Vancouver,BC,2025-11-24,,True
678,CUST00612,John Chan,2002-07-10,retail,Mississauga,ON,2023-10-05,2024-07-23,False
679,CUST00612,John Chan,2002-07-10,business,Quebec City,QC,2024-07-23,,True
680,CUST00613,Michael Nguyen,1964-09-17,retail,Mississauga,ON,2023-09-11,,True
681,CUST00614,John Chan,1995-11-27,retail,Halifax,NS,2023-11-24,,True
682,CUST00615,Sarah Tremblay,1964-07-18,premium,Winnipeg,MB,2023-10-24,,True
683,CUST00616,Elizabeth Nguyen,1960-07-19,retail,Unknown,BC,2023-09-27,,True
684,CUST00617,James Nguyen,1998-10-05,premium,Edmonton,AB,2023-01-12,,True
685,CUST00618,Amir Singh,1957-02-14,retail,Edmonton,AB,2023-01-14,,True
686,CUST00619,Priya Miller,1954-12-10,retail,Toronto,ON,2024-12-15,,True
687,CUST00620,Emma Roy,1957-11-13,retail,Vancouver,BC,2023-04-11,,True
688,CUST00621,Elizabeth Roy,2003-05-18,retail,Winnipeg,MB,2023-12-30,,True
689,CUST00622,Mary Williams,1983-12-31,retail,Vancouver,BC,2023-05-19,2024-03-15,False
690,CUST00622,Mary Williams,1983-12-31,retail,Ottawa,ON,2024-03-15,,True
691,CUST00623,Ava Rodriguez,1997-01-25,retail,Surrey,BC,2024-03-05,2025-05-12,False
692,CUST00623,Ava Rodriguez,1997-01-25,premium,Winnipeg,MB,2025-05-12,,True
693,CUST00624,John Singh,1975-10-07,retail,Halifax,NS,2025-05-24,,True
694,CUST00625,Fatima Lee,1994-07-14,retail,Ottawa,ON,2025-11-30,,True
695,CUST00626,Fatima Davis,1967-05-14,retail,Halifax,NS,2023-01-04,,True
696,CUST00627,Liam Miller,1987-02-23,business,Quebec City,QC,2023-04-04,,True
697,CUST00628,James Gagnon,1972-10-28,retail,Hamilton,ON,2023-05-19,,True
698,CUST00629,James Brown,1985-07-13,retail,Winnipeg,MB,2023-03-01,,True
699,CUST00630,Amir Singh,1962-03-07,premium,Edmonton,AB,2025-09-13,,True
700,CUST00631,Sarah Nguyen,1955-01-10,business,Calgary,AB,2025-12-03,,True
701,CUST00632,Priya Smith,1979-10-05,retail,Hamilton,ON,2024-12-25,,True
702,CUST00633,Sarah Patel,1964-11-21,retail,Winnipeg,MB,2025-03-08,,True
703,CUST00634,Elizabeth Wilson,1987-02-17,retail,Halifax,NS,2023-06-27,,True
704,CUST00635,Elizabeth Miller,1960-01-26,retail,Montreal,QC,2025-02-05,,True
705,CUST00636,Nancy Chan,1994-11-11,premium,Toronto,ON,2023-11-12,,True
706,CUST00637,Lisa Martinez,1958-10-25,retail,Surrey,BC,2025-11-23,,True
707,CUST00638,Nancy Patel,1960-05-23,premium,Halifax,NS,2023-01-09,,True
708,CUST00639,Ava Williams,1954-02-20,retail,Surrey,BC,2023-07-31,,True
709,CUST00640,Wei Martinez,1978-10-15,premium,Winnipeg,MB,2024-02-15,,True
710,CUST00641,Nancy Cote,1964-02-17,retail,Mississauga,ON,2024-07-14,,True
711,CUST00642,Patricia Miller,1978-07-29,retail,Montreal,QC,2024-07-09,,True
712,CUST00643,Linda Garcia,1980-05-22,retail,Unknown,ON,2025-06-27,,True
713,CUST00644,Mary Brown,1988-04-05,retail,Calgary,AB,2025-03-13,,True
714,CUST00645,Emma Nguyen,1979-10-25,retail,Quebec City,QC,2024-02-10,,True
715,CUST00646,Noah Nguyen,1992-01-05,retail,Quebec City,QC,2023-07-19,,True
716,CUST00647,Nancy Singh,1962-11-23,business,Hamilton,ON,2024-06-12,,True
717,CUST00648,Amir Wilson,1952-09-18,retail,Surrey,BC,2023-05-14,,True
718,CUST00649,Jennifer Martinez,1961-06-06,retail,Surrey,BC,2025-11-06,,True
719,CUST00650,Sarah Khan,1977-02-07,retail,Winnipeg,MB,2025-12-27,,True
720,CUST00651,Linda Khan,1984-06-07,business,Ottawa,ON,2023-05-16,,True
721,CUST00652,Olivia Kim,1998-11-08,premium,Quebec City,QC,2024-04-28,,True
722,CUST00653,Sofia Tremblay,2003-06-24,retail,Edmonton,AB,2025-08-06,,True
723,CUST00654,Elizabeth Patel,2003-07-05,retail,Mississauga,ON,2025-02-15,2025-08-05,False
724,CUST00654,Elizabeth Patel,2003-07-05,business,Ottawa,ON,2025-08-05,,True
725,CUST00655,Noah Gagnon,1963-05-22,premium,Toronto,ON,2025-07-16,,True
726,CUST00656,Michael Miller,1976-11-21,premium,Winnipeg,MB,2024-09-15,,True
727,CUST00657,Daniel Williams,1995-10-17,retail,Quebec City,QC,2025-04-07,,True
728,CUST00658,Mary Smith,1982-03-25,retail,Halifax,NS,2023-08-13,,True
729,CUST00659,Sofia Tremblay,1984-05-05,retail,Calgary,AB,2025-04-11,,True
730,CUST00660,Anthony Jones,1982-04-28,retail,Hamilton,ON,2025-05-04,,True
731,CUST00661,Robert Smith,1962-12-02,retail,Mississauga,ON,2025-09-23,,True
732,CUST00662,Chen Kim,1988-03-11,premium,Edmonton,AB,2024-01-04,,True
733,CUST00663,Karen Lee,1950-09-01,retail,Hamilton,ON,2025-10-17,,True
734,CUST00664,Matthew Khan,1953-05-25,retail,Quebec City,QC,2025-09-16,,True
735,CUST00665,Sofia Williams,1997-03-24,premium,Ottawa,ON,2024-07-26,,True
736,CUST00666,John Davis,1957-01-02,retail,Edmonton,AB,2024-10-01,,True
737,CUST00667,James Singh,1992-02-05,retail,Edmonton,AB,2024-11-09,,True
738,CUST00668,Elizabeth Garcia,2003-08-14,retail,Toronto,ON,2024-09-14,2025-07-13,False
739,CUST00668,Elizabeth Garcia,2003-08-14,retail,Quebec City,QC,2025-07-13,,True
740,CUST00669,Mary Cote,1952-06-13,premium,Vancouver,BC,2024-08-10,2025-11-14,False
741,CUST00669,Mary Cote,1952-06-13,retail,Vancouver,BC,2025-11-14,,True
742,CUST00670,Fatima Rodriguez,1951-04-11,premium,Vancouver,BC,2023-08-17,,True
743,CUST00671,Amir Nguyen,1973-06-09,premium,Surrey,BC,2024-04-28,,True
744,CUST00672,Sarah Williams,1963-10-31,retail,Ottawa,ON,2025-10-12,,True
745,CUST00673,Amir Nguyen,1968-12-01,retail,Halifax,NS,2024-12-07,,True
746,CUST00674,Mary Garcia,1977-01-14,retail,Edmonton,AB,2025-09-02,,True
747,CUST00675,Karen Cote,1973-07-24,retail,Halifax,NS,2023-10-25,,True
748,CUST00676,Olivia Nguyen,1997-07-28,retail,Calgary,AB,2023-03-26,,True
749,CUST00677,Ava Kim,1974-06-16,business,Quebec City,QC,2024-11-17,,True
750,CUST00678,Wei Patel,1971-09-11,premium,Edmonton,AB,2024-02-04,,True
751,CUST00679,Sarah Khan,1956-02-05,retail,Toronto,ON,2023-01-25,,True
752,CUST00680,Daniel Davis,1967-04-28,retail,Halifax,NS,2023-03-11,,True
753,CUST00681,Amir Miller,1960-10-06,retail,Quebec City,QC,2023-06-26,,True
754,CUST00682,Chen Tremblay,1966-07-13,premium,Ottawa,ON,2024-06-02,2025-03-21,False
755,CUST00682,Chen Tremblay,1966-07-13,premium,Vancouver,BC,2025-03-21,,True
756,CUST00683,Sofia Cote,1956-08-21,retail,Surrey,BC,2024-07-21,,True
757,CUST00684,Mary Rodriguez,1956-03-24,retail,Vancouver,BC,2025-10-04,,True
758,CUST00685,Chen Singh,1988-09-09,retail,Mississauga,ON,2024-03-23,,True
759,CUST00686,David Brown,2001-04-04,retail,Unknown,ON,2024-05-28,,True
760,CUST00687,Chen Gagnon,1985-01-12,business,Toronto,ON,2024-06-29,,True
761,CUST00688,James Chan,1994-01-08,business,Halifax,NS,2025-09-06,,True
762,CUST00689,Olivia Williams,1984-06-27,retail,Montreal,QC,2025-09-14,,True
763,CUST00690,Sarah Cote,1958-02-18,retail,Vancouver,BC,2025-01-18,2025-11-09,False
764,CUST00690,Sarah Cote,1958-02-18,premium,Vancouver,BC,2025-11-09,,True
765,CUST00691,Jennifer Khan,1967-02-19,business,Toronto,ON,2024-09-04,,True
766,CUST00692,Daniel Singh,1989-04-17,premium,Mississauga,ON,2024-01-24,,True
767,CUST00693,Wei Davis,1998-06-30,retail,Edmonton,AB,2024-09-22,,True
768,CUST00694,James Johnson,1953-11-03,retail,Surrey,BC,2025-04-10,,True
769,CUST00695,Nancy Cote,2001-12-23,retail,Montreal,QC,2024-04-22,2025-05-21,False
770,CUST00695,Nancy Cote,2001-12-23,retail,Toronto,ON,2025-05-21,,True
771,CUST00696,Fatima Johnson,1961-09-17,premium,Hamilton,ON,2023-01-30,,True
772,CUST00697,Olivia Brown,2003-01-10,retail,Edmonton,AB,2023-05-11,,True
773,CUST00698,Olivia Roy,1968-03-07,retail,Hamilton,ON,2025-05-22,,True
774,CUST00699,Karen Wilson,2001-09-03,business,Mississauga,ON,2023-10-09,,True
775,CUST00700,Mary Tremblay,1960-10-31,retail,Ottawa,ON,2024-07-14,,True
776,CUST00701,Priya Garcia,2002-03-19,retail,Edmonton,AB,2023-03-25,,True
777,CUST00702,Karen Garcia,1957-03-30,premium,Toronto,ON,2023-01-14,,True
778,CUST00703,Wei Martinez,1992-09-14,retail,Calgary,AB,2023-09-17,,True
779,CUST00704,Matthew Davis,1953-05-17,retail,Ottawa,ON,2024-01-04,2025-05-01,False
780,CUST00704,Matthew Davis,1953-05-17,retail,Vancouver,BC,2025-05-01,,True
781,CUST00705,James Khan,1997-07-26,retail,Hamilton,ON,2023-07-15,,True
782,CUST00706,Lisa Davis,1968-09-02,premium,Edmonton,AB,2024-07-20,2025-11-24,False
783,CUST00706,Lisa Davis,1968-09-02,retail,Edmonton,AB,2025-11-24,,True
784,CUST00707,Jennifer Cote,1982-09-03,retail,Toronto,ON,2024-08-06,,True
785,CUST00708,Noah Nguyen,1954-09-15,retail,Unknown,ON,2023-12-27,,True
786,CUST00709,John Davis,2002-01-05,retail,Halifax,NS,2024-10-29,,True
787,CUST00710,Linda Brown,1971-04-10,retail,Surrey,BC,2025-04-24,,True
788,CUST00711,Anthony Tremblay,1989-02-07,retail,Edmonton,AB,2023-10-24,,True
789,CUST00712,Daniel Jones,1982-03-04,premium,Edmonton,AB,2024-07-06,,True
790,CUST00713,Mary Rodriguez,1991-10-07,retail,Ottawa,ON,2025-07-28,,True
791,CUST00714,Elizabeth Roy,1965-03-31,premium,Ottawa,ON,2024-04-15,,True
792,CUST00715,Michael Tremblay,1975-01-17,premium,Edmonton,AB,2023-01-30,,True
793,CUST00716,Sarah Kim,2003-02-03,retail,Quebec City,QC,2023-11-02,,True
794,CUST00717,Mary Johnson,1995-03-28,premium,Edmonton,AB,2023-03-10,,True
795,CUST00718,Sofia Brown,1957-06-15,retail,Edmonton,AB,2023-01-26,,True
796,CUST00719,Daniel Martinez,1958-02-21,retail,Hamilton,ON,2023-02-02,,True
797,CUST00720,Ava Tremblay,1990-10-22,retail,Halifax,NS,2025-08-07,,True
798,CUST00721,Olivia Lee,1950-02-14,retail,Winnipeg,MB,2023-05-25,,True
799,CUST00722,Elizabeth Kim,1998-08-31,retail,Vancouver,BC,2024-02-29,,True
800,CUST00723,Liam Johnson,1982-08-28,business,Montreal,QC,2023-04-16,,True
801,CUST00724,Daniel Lee,1956-01-05,retail,Ottawa,ON,2024-02-24,,True
802,CUST00725,Chen Singh,2002-01-17,business,Halifax,NS,2024-03-05,,True
803,CUST00726,David Chan,1954-11-20,retail,Winnipeg,MB,2023-05-10,,True
804,CUST00727,Emma Brown,1997-10-21,premium,Edmonton,AB,2024-08-21,,True
805,CUST00728,Sofia Williams,1991-01-29,premium,Hamilton,ON,2023-06-28,,True
806,CUST00729,John Brown,1963-04-11,retail,Ottawa,ON,2025-10-13,,True
807,CUST00730,James Martinez,1998-07-29,business,Calgary,AB,2023-09-28,,True
808,CUST00731,James Martinez,1970-11-04,retail,Hamilton,ON,2025-11-30,,True
809,CUST00732,Chen Wilson,1997-07-25,retail,Edmonton,AB,2025-06-30,,True
810,CUST00733,Elizabeth Garcia,1983-05-14,retail,Vancouver,BC,2024-08-13,,True
811,CUST00734,Nancy Garcia,1998-01-10,business,Quebec City,QC,2024-08-07,,True
812,CUST00735,Amir Jones,1953-09-10,retail,Ottawa,ON,2024-10-10,,True
813,CUST00736,Michael Khan,1978-06-08,retail,Halifax,NS,2024-12-05,,True
814,CUST00737,Priya Martinez,1986-04-18,business,Mississauga,ON,2025-10-19,,True
815,CUST00738,Robert Smith,1995-07-10,retail,Halifax,NS,2024-11-09,,True
816,CUST00739,Noah Tremblay,2000-09-16,retail,Winnipeg,MB,2025-06-24,,True
817,CUST00740,Mary Jones,1977-08-22,retail,Winnipeg,MB,2023-02-20,,True
818,CUST00741,John Wilson,1967-07-05,retail,Toronto,ON,2025-12-14,,True
819,CUST00742,James Williams,1957-11-03,premium,Montreal,QC,2025-11-14,,True
820,CUST00743,Lisa Johnson,1963-04-10,retail,Winnipeg,MB,2025-05-25,,True
821,CUST00744,Daniel Martinez,1957-11-10,premium,Edmonton,AB,2024-03-17,,True
822,CUST00745,Olivia Nguyen,1988-01-10,retail,Vancouver,BC,2025-04-28,2025-10-11,False
823,CUST00745,Olivia Nguyen,1988-01-10,retail,Vancouver,BC,2025-10-11,,True
824,CUST00746,Ava Chan,2002-12-29,retail,Surrey,BC,2025-02-08,,True
825,CUST00747,Matthew Garcia,2000-12-13,retail,Montreal,QC,2023-10-08,,True
826,CUST00748,Anthony Johnson,1977-04-07,premium,Vancouver,BC,2025-10-08,2025-12-08,False
827,CUST00748,Anthony Johnson,1977-04-07,retail,Ottawa,ON,2025-12-08,,True
828,CUST00749,Chen Gagnon,1975-10-23,retail,Edmonton,AB,2025-05-04,,True
829,CUST00750,James Brown,1955-12-27,retail,Vancouver,BC,2025-01-10,,True
830,CUST00751,Chen Cote,1960-09-23,business,Edmonton,AB,2025-02-03,,True
831,CUST00752,Jennifer Tremblay,1991-05-13,retail,Toronto,ON,2023-10-05,,True
832,CUST00753,Chen Lee,1997-07-07,retail,Toronto,ON,2023-06-07,,True
833,CUST00754,Patricia Roy,1978-05-15,retail,Ottawa,ON,2024-09-08,,True
834,CUST00755,Priya Tremblay,1951-02-27,premium,Surrey,BC,2023-10-08,,True
835,CUST00756,Sarah Garcia,1995-02-28,retail,Mississauga,ON,2024-03-28,,True
836,CUST00757,Sofia Chan,1960-03-23,premium,Montreal,QC,2025-05-04,,True
837,CUST00758,James Singh,1982-07-12,retail,Surrey,BC,2023-10-12,,True
838,CUST00759,Noah Wilson,1952-07-31,premium,Ottawa,ON,2023-08-31,2024-02-23,False
839,CUST00759,Noah Wilson,1952-07-31,retail,Vancouver,BC,2024-02-23,,True
840,CUST00760,Robert Williams,1960-01-09,retail,Calgary,AB,2023-06-09,,True
841,CUST00761,Michael Brown,1996-01-25,premium,Toronto,ON,2023-05-02,2023-12-02,False
842,CUST00761,Michael Brown,1996-01-25,retail,Winnipeg,MB,2023-12-02,,True
843,CUST00762,Patricia Brown,1967-12-12,retail,Unknown,QC,2024-01-14,2025-03-31,False
844,CUST00762,Patricia Brown,1967-12-12,business,Vancouver,BC,2025-03-31,,True
845,CUST00763,Daniel Lee,1971-09-12,premium,Ottawa,ON,2025-10-31,,True
846,CUST00764,James Chan,1975-04-15,premium,Hamilton,ON,2023-12-18,,True
847,CUST00765,Patricia Miller,1992-08-03,premium,Montreal,QC,2025-01-20,,True
848,CUST00766,Patricia Garcia,1988-01-18,business,Surrey,BC,2024-03-14,,True
849,CUST00767,Sarah Brown,1962-03-12,retail,Edmonton,AB,2025-10-12,,True
850,CUST00768,Mary Williams,1984-07-09,retail,Surrey,BC,2024-08-03,,True
851,CUST00769,Emma Nguyen,1976-01-27,retail,Hamilton,ON,2025-05-26,,True
852,CUST00770,Anthony Cote,1994-02-09,retail,Surrey,BC,2023-08-04,,True
853,CUST00771,Patricia Jones,2002-12-25,retail,Calgary,AB,2023-07-28,,True
854,CUST00772,Daniel Miller,1986-04-09,retail,Surrey,BC,2023-09-09,,True
855,CUST00773,Noah Tremblay,1985-11-27,retail,Quebec City,QC,2024-12-30,,True
856,CUST00774,Anthony Chan,1990-10-15,retail,Vancouver,BC,2023-08-10,,True
857,CUST00775,Robert Smith,1956-02-14,premium,Mississauga,ON,2025-10-17,,True
858,CUST00776,Amir Wilson,1958-08-23,retail,Ottawa,ON,2023-06-06,,True
859,CUST00777,Nancy Miller,1993-12-25,retail,Vancouver,BC,2025-10-30,,True
860,CUST00778,Priya Smith,1960-09-08,business,Toronto,ON,2025-02-24,,True
861,CUST00779,Mary Johnson,1977-03-10,retail,Ottawa,ON,2023-12-03,,True
862,CUST00780,Anthony Brown,1999-09-07,retail,Quebec City,QC,2025-08-20,,True
863,CUST00781,Karen Rodriguez,1983-11-23,retail,Edmonton,AB,2024-12-23,2025-12-20,False
864,CUST00781,Karen Rodriguez,1983-11-23,retail,Toronto,ON,2025-12-20,,True
865,CUST00782,Daniel Lee,1980-08-13,retail,Halifax,NS,2025-02-18,,True
866,CUST00783,Daniel Johnson,1971-01-19,retail,Winnipeg,MB,2024-10-01,2025-05-05,False
867,CUST00783,Daniel Johnson,1971-01-19,retail,Mississauga,ON,2025-05-05,,True
868,CUST00784,James Khan,1987-11-26,retail,Surrey,BC,2025-11-20,,True
869,CUST00785,Wei Smith,1985-01-06,retail,Surrey,BC,2024-10-22,2025-12-01,False
870,CUST00785,Wei Smith,1985-01-06,retail,Hamilton,ON,2025-12-01,,True
871,CUST00786,Lisa Cote,1976-11-14,retail,Surrey,BC,2025-01-14,,True
872,CUST00787,Olivia Williams,1973-10-15,retail,Montreal,QC,2023-04-08,,True
873,CUST00788,Fatima Williams,1958-07-02,premium,Halifax,NS,2024-11-20,,True
874,CUST00789,Matthew Miller,1977-01-29,premium,Surrey,BC,2025-10-30,,True
875,CUST00790,Michael Kim,1996-03-27,retail,Calgary,AB,2025-07-17,,True
876,CUST00791,Chen Chan,1969-02-08,retail,Ottawa,ON,2025-08-15,,True
877,CUST00792,Ava Kim,1955-05-17,premium,Quebec City,QC,2025-12-05,,True
878,CUST00793,Liam Cote,1986-10-22,premium,Vancouver,BC,2024-10-14,,True
879,CUST00794,Ava Kim,1964-05-29,premium,Vancouver,BC,2024-06-09,,True
880,CUST00795,Robert Miller,1977-11-10,retail,Toronto,ON,2025-08-08,,True
881,CUST00796,Mary Miller,1952-08-12,retail,Ottawa,ON,2024-06-13,,True
882,CUST00797,Chen Johnson,1951-10-15,retail,Halifax,NS,2023-04-24,,True
883,CUST00798,Ava Williams,1958-02-07,premium,Calgary,AB,2025-03-23,2025-07-18,False
884,CUST00798,Ava Williams,1958-02-07,premium,Quebec City,QC,2025-07-18,,True
885,CUST00799,Patricia Chan,1997-02-14,premium,Winnipeg,MB,2024-05-30,,True
886,CUST00800,Noah Wilson,1984-12-25,premium,Surrey,BC,2024-04-28,2024-10-14,False
887,CUST00800,Noah Wilson,1984-12-25,retail,Vancouver,BC,2024-10-14,,True
888,CUST00801,David Tremblay,1983-08-14,retail,Toronto,ON,2023-08-20,,True
889,CUST00802,David Jones,1982-12-29,retail,Surrey,BC,2024-09-23,,True
890,CUST00803,Emma Cote,1971-07-03,retail,Toronto,ON,2024-06-02,,True
891,CUST00804,Daniel Cote,1971-03-17,retail,Mississauga,ON,2025-06-25,,True
892,CUST00805,David Martinez,1971-02-15,business,Mississauga,ON,2024-09-01,,True
893,CUST00806,Chen Wilson,1953-01-15,retail,Winnipeg,MB,2024-07-15,,True
894,CUST00807,Anthony Kim,1959-01-03,premium,Surrey,BC,2023-11-25,,True
895,CUST00808,Fatima Khan,1952-06-15,retail,Halifax,NS,2023-04-17,,True
896,CUST00809,Chen Jones,1977-05-31,retail,Toronto,ON,2024-10-04,,True
897,CUST00810,Sofia Gagnon,1986-10-24,premium,Ottawa,ON,2024-10-16,2025-03-13,False
898,CUST00810,Sofia Gagnon,1986-10-24,premium,Winnipeg,MB,2025-03-13,,True
899,CUST00811,Sarah Martinez,1982-12-24,retail,Hamilton,ON,2024-01-08,,True
900,CUST00812,Wei Davis,2000-02-09,business,Toronto,ON,2024-04-13,,True
901,CUST00813,Sofia Garcia,1988-06-24,retail,Toronto,ON,2024-06-16,,True
902,CUST00814,Wei Brown,1989-01-15,premium,Toronto,ON,2025-07-18,,True
903,CUST00815,Michael Miller,1994-05-02,retail,Vancouver,BC,2025-02-21,,True
904,CUST00816,Emma Martinez,1987-07-13,retail,Halifax,NS,2024-01-05,,True
905,CUST00817,David Davis,1972-04-11,retail,Quebec City,QC,2025-01-27,2025-11-23,False
906,CUST00817,David Davis,1972-04-11,business,Ottawa,ON,2025-11-23,,True
907,CUST00818,Sofia Patel,1984-05-28,retail,Winnipeg,MB,2025-05-16,2025-08-14,False
908,CUST00818,Sofia Patel,1984-05-28,retail,Toronto,ON,2025-08-14,,True
909,CUST00819,Linda Singh,2003-09-02,business,Surrey,BC,2023-04-04,,True
910,CUST00820,Karen Cote,2000-03-14,retail,Surrey,BC,2023-03-26,,True
911,CUST00821,Sarah Nguyen,1997-08-02,retail,Ottawa,ON,2025-06-05,2025-10-08,False
912,CUST00821,Sarah Nguyen,1997-08-02,business,Edmonton,AB,2025-10-08,,True
913,CUST00822,Emma Rodriguez,1988-08-02,retail,Halifax,NS,2024-08-02,,True
914,CUST00823,David Chan,1964-10-20,retail,Surrey,BC,2024-10-08,,True
915,CUST00824,Priya Cote,1954-10-10,premium,Winnipeg,MB,2024-01-22,2024-08-02,False
916,CUST00824,Priya Cote,1954-10-10,premium,Ottawa,ON,2024-08-02,,True
917,CUST00825,Matthew Brown,1981-12-26,retail,Edmonton,AB,2025-09-20,,True
918,CUST00826,Robert Brown,1975-06-28,retail,Surrey,BC,2024-01-05,,True
919,CUST00827,Wei Cote,1950-05-16,retail,Quebec City,QC,2025-12-13,,True
920,CUST00828,Linda Singh,1979-06-27,retail,Winnipeg,MB,2023-02-23,2023-11-01,False
921,CUST00828,Linda Singh,1979-06-27,business,Quebec City,QC,2023-11-01,,True
922,CUST00829,Patricia Wilson,1991-04-16,retail,Ottawa,ON,2025-09-09,,True
923,CUST00830,James Wilson,1990-08-26,retail,Toronto,ON,2024-10-27,,True
924,CUST00831,Olivia Tremblay,1954-05-15,retail,Ottawa,ON,2024-08-02,2025-08-05,False
925,CUST00831,Olivia Tremblay,1954-05-15,retail,Calgary,AB,2025-08-05,,True
926,CUST00832,David Garcia,1985-10-15,business,Hamilton,ON,2023-07-02,,True
927,CUST00833,Karen Martinez,1963-10-30,premium,Winnipeg,MB,2023-09-04,,True
928,CUST00834,Elizabeth Cote,1958-08-16,retail,Quebec City,QC,2025-01-22,,True
929,CUST00835,Anthony Rodriguez,1958-02-04,retail,Quebec City,QC,2025-05-15,,True
930,CUST00836,Matthew Williams,1991-08-02,retail,Toronto,ON,2024-04-04,,True
931,CUST00837,Lisa Gagnon,1976-01-30,retail,Winnipeg,MB,2025-08-16,,True
932,CUST00838,Robert Jones,1972-04-22,business,Winnipeg,MB,2025-12-07,,True
933,CUST00839,Mary Chan,1987-01-20,retail,Mississauga,ON,2023-07-13,,True
934,CUST00840,Daniel Rodriguez,1995-03-02,retail,Quebec City,QC,2023-02-03,,True
935,CUST00841,Jennifer Patel,1976-09-14,retail,Toronto,ON,2024-10-04,,True
936,CUST00842,Fatima Rodriguez,1966-10-17,business,Surrey,BC,2024-03-08,,True
937,CUST00843,Ava Cote,1951-08-11,retail,Unknown,ON,2023-01-12,,True
938,CUST00844,Nancy Patel,2003-12-31,business,Winnipeg,MB,2025-09-23,,True
939,CUST00845,Sofia Cote,1977-02-25,retail,Unknown,NS,2023-06-29,2023-09-05,False
940,CUST00845,Sofia Cote,1977-02-25,business,Halifax,NS,2023-09-05,,True
941,CUST00846,Ava Smith,1963-01-09,retail,Hamilton,ON,2024-05-10,,True
942,CUST00847,Michael Williams,1963-04-18,premium,Vancouver,BC,2025-08-28,,True
943,CUST00848,Liam Nguyen,1990-04-30,retail,Edmonton,AB,2024-05-11,,True
944,CUST00849,Mary Wilson,1988-09-26,retail,Toronto,ON,2025-05-01,,True
945,CUST00850,Priya Martinez,1993-08-11,retail,Toronto,ON,2025-11-17,,True
946,CUST00851,Emma Singh,1997-05-25,premium,Hamilton,ON,2023-02-08,2024-03-05,False
947,CUST00851,Emma Singh,1997-05-25,business,Calgary,AB,2024-03-05,,True
948,CUST00852,Patricia Singh,1981-02-09,business,Unknown,QC,2025-07-07,,True
949,CUST00853,Michael Singh,1995-07-18,retail,Surrey,BC,2024-03-25,,True
950,CUST00854,Ava Cote,1976-04-27,retail,Edmonton,AB,2025-03-10,,True
951,CUST00855,Liam Lee,1964-07-15,premium,Edmonton,AB,2024-02-29,,True
952,CUST00856,Robert Garcia,1994-02-26,retail,Hamilton,ON,2023-07-26,,True
953,CUST00857,Linda Miller,1951-08-18,retail,Montreal,QC,2025-01-04,,True
954,CUST00858,Emma Chan,1980-04-19,premium,Toronto,ON,2025-05-31,,True
955,CUST00859,Anthony Rodriguez,1954-03-10,premium,Surrey,BC,2024-07-01,,True
956,CUST00860,Fatima Cote,1989-04-12,premium,Mississauga,ON,2025-07-25,,True
957,CUST00861,Olivia Roy,1959-02-21,premium,Quebec City,QC,2023-03-27,2023-09-08,False
958,CUST00861,Olivia Roy,1959-02-21,retail,Surrey,BC,2023-09-08,,True
959,CUST00862,Elizabeth Nguyen,1958-11-28,retail,Montreal,QC,2023-11-12,2025-03-20,False
960,CUST00862,Elizabeth Nguyen,1958-11-28,retail,Hamilton,ON,2025-03-20,,True
961,CUST00863,Matthew Smith,1992-06-30,premium,Hamilton,ON,2024-11-30,,True
962,CUST00864,Sofia Kim,1972-01-08,retail,Surrey,BC,2023-11-07,,True
963,CUST00865,Robert Kim,1991-02-27,business,Calgary,AB,2025-11-23,,True
964,CUST00866,Noah Smith,1956-03-30,premium,Halifax,NS,2023-06-23,,True
965,CUST00867,Matthew Johnson,1963-07-18,premium,Calgary,AB,2023-04-29,,True
966,CUST00868,Lisa Martinez,1999-09-01,retail,Calgary,AB,2024-09-15,,True
967,CUST00869,Emma Rodriguez,1963-03-06,retail,Montreal,QC,2025-04-07,,True
968,CUST00870,Olivia Roy,1980-12-22,retail,Winnipeg,MB,2025-04-08,,True
969,CUST00871,Sarah Patel,1961-04-21,premium,Halifax,NS,2025-12-01,,True
970,CUST00872,Elizabeth Chan,1964-05-10,premium,Surrey,BC,2023-02-17,,True
971,CUST00873,Linda Martinez,1995-05-01,retail,Halifax,NS,2023-08-15,,True
972,CUST00874,Lisa Lee,1961-03-11,retail,Mississauga,ON,2025-07-08,,True
973,CUST00875,Linda Tremblay,1997-11-04,premium,Quebec City,QC,2024-04-23,,True
974,CUST00876,Sofia Tremblay,1983-11-19,retail,Winnipeg,MB,2025-11-30,,True
975,CUST00877,Michael Lee,1988-03-11,retail,Edmonton,AB,2025-04-23,,True
976,CUST00878,Anthony Miller,1997-03-19,retail,Edmonton,AB,2025-04-04,,True
977,CUST00879,David Tremblay,1989-06-25,retail,Edmonton,AB,2025-09-29,,True
978,CUST00880,Lisa Jones,1961-08-10,premium,Edmonton,AB,2025-11-17,,True
979,CUST00881,Anthony Johnson,2000-02-26,retail,Halifax,NS,2025-01-26,,True
980,CUST00882,Patricia Brown,1953-08-12,retail,Surrey,BC,2025-12-06,,True
981,CUST00883,Elizabeth Martinez,1962-10-26,retail,Edmonton,AB,2023-10-19,,True
982,CUST00884,Elizabeth Martinez,1993-11-07,retail,Hamilton,ON,2023-01-05,,True
983,CUST00885,Matthew Singh,1990-08-02,retail,Quebec City,QC,2024-11-22,,True
984,CUST00886,Fatima Jones,1991-05-09,retail,Ottawa,ON,2025-07-10,,True
985,CUST00887,John Roy,1984-09-27,retail,Winnipeg,MB,2024-04-21,2025-05-29,False
986,CUST00887,John Roy,1984-09-27,premium,Edmonton,AB,2025-05-29,,True
987,CUST00888,Chen Williams,2001-04-26,premium,Ottawa,ON,2024-09-24,,True
988,CUST00889,Michael Roy,1954-09-29,retail,Montreal,QC,2025-12-04,,True
989,CUST00890,Patricia Cote,1951-09-14,retail,Montreal,QC,2024-07-17,,True
990,CUST00891,Wei Nguyen,1978-09-30,premium,Mississauga,ON,2025-04-02,,True
991,CUST00892,Sarah Kim,1997-05-12,retail,Ottawa,ON,2024-10-11,,True
992,CUST00893,Priya Garcia,1972-12-05,retail,Vancouver,BC,2023-07-03,,True
993,CUST00894,Mary Roy,1955-04-01,retail,Surrey,BC,2024-09-02,,True
994,CUST00895,Sarah Rodriguez,1960-11-07,business,Calgary,AB,2023-04-17,,True
995,CUST00896,Anthony Chan,1960-04-28,retail,Montreal,QC,2024-07-05,,True
996,CUST00897,Anthony Smith,1951-09-03,retail,Calgary,AB,2024-07-05,2025-09-28,False
997,CUST00897,Anthony Smith,1951-09-03,premium,Montreal,QC,2025-09-28,,True
998,CUST00898,Robert Martinez,1957-07-12,retail,Quebec City,QC,2025-10-21,,True
999,CUST00899,Jennifer Davis,1999-10-22,business,Montreal,QC,2025-07-14,,True
1000,CUST00900,Fatima Martinez,1950-01-18,business,Winnipeg,MB,2023-05-04,,True
1001,CUST00901,Emma Cote,1969-02-01,business,Calgary,AB,2025-11-11,,True
1002,CUST00902,John Martinez,1961-01-12,retail,Mississauga,ON,2023-10-14,,True
1003,CUST00903,Michael Roy,1978-07-23,business,Montreal,QC,2024-12-02,,True
1004,CUST00904,David Davis,1980-08-25,business,Winnipeg,MB,2024-03-07,2025-04-25,False
1005,CUST00904,David Davis,1980-08-25,premium,Ottawa,ON,2025-04-25,,True
1006,CUST00905,James Roy,1950-11-10,retail,Edmonton,AB,2023-12-22,,True
1007,CUST00906,Noah Patel,1956-12-15,retail,Montreal,QC,2023-03-05,,True
1008,CUST00907,Patricia Lee,1982-02-11,premium,Calgary,AB,2025-03-03,,True
1009,CUST00908,James Brown,1967-04-25,retail,Edmonton,AB,2025-06-29,,True
1010,CUST00909,Amir Lee,1977-03-14,retail,Hamilton,ON,2024-03-28,,True
1011,CUST00910,David Singh,1968-10-04,premium,Halifax,NS,2023-01-15,,True
1012,CUST00911,Ava Rodriguez,1965-04-18,retail,Quebec City,QC,2024-02-01,,True
1013,CUST00912,Wei Garcia,1955-11-02,retail,Mississauga,ON,2023-09-18,,True
1014,CUST00913,Lisa Rodriguez,1952-01-28,premium,Hamilton,ON,2025-12-27,,True
1015,CUST00914,James Kim,1954-08-27,retail,Winnipeg,MB,2024-10-23,,True
1016,CUST00915,Amir Chan,1996-05-28,retail,Edmonton,AB,2023-03-31,,True
1017,CUST00916,Matthew Khan,1985-02-26,retail,Edmonton,AB,2024-02-03,,True
1018,CUST00917,Liam Davis,1956-09-05,retail,Halifax,NS,2024-05-26,2025-06-10,False
1019,CUST00917,Liam Davis,1956-09-05,retail,Mississauga,ON,2025-06-10,,True
1020,CUST00918,Matthew Smith,1979-12-29,premium,Quebec City,QC,2024-05-27,,True
1021,CUST00919,Emma Johnson,1971-03-29,retail,Surrey,BC,2023-05-30,,True
1022,CUST00920,Chen Nguyen,1955-06-12,retail,Quebec City,QC,2023-03-10,,True
1023,CUST00921,Olivia Jones,1989-08-24,business,Toronto,ON,2023-04-23,2024-06-02,False
1024,CUST00921,Olivia Jones,1989-08-24,premium,Toronto,ON,2024-06-02,,True
1025,CUST00922,Elizabeth Patel,1986-11-19,retail,Calgary,AB,2024-04-22,,True
1026,CUST00923,Nancy Patel,1959-02-01,premium,Edmonton,AB,2024-11-26,2025-10-16,False
1027,CUST00923,Nancy Patel,1959-02-01,premium,Surrey,BC,2025-10-16,,True
1028,CUST00924,Patricia Brown,1956-01-23,retail,Toronto,ON,2024-02-01,,True
1029,CUST00925,Daniel Kim,1989-11-21,premium,Edmonton,AB,2024-01-16,2024-08-22,False
1030,CUST00925,Daniel Kim,1989-11-21,retail,Quebec City,QC,2024-08-22,,True
1031,CUST00926,Chen Lee,1998-07-20,retail,Vancouver,BC,2023-10-26,,True
1032,CUST00927,Daniel Smith,1962-12-22,retail,Montreal,QC,2023-04-28,,True
1033,CUST00928,Mary Kim,1967-12-23,retail,Surrey,BC,2024-02-17,,True
1034,CUST00929,Sofia Nguyen,2001-11-22,retail,Quebec City,QC,2024-11-18,,True
1035,CUST00930,Nancy Johnson,1950-05-02,retail,Edmonton,AB,2024-04-01,,True
1036,CUST00931,Anthony Wilson,1985-11-30,retail,Unknown,NS,2024-01-13,2024-09-12,False
1037,CUST00931,Anthony Wilson,1985-11-30,premium,Toronto,ON,2024-09-12,,True
1038,CUST00932,Robert Martinez,2002-07-18,retail,Unknown,AB,2025-01-07,,True
1039,CUST00933,Jennifer Davis,1980-06-27,premium,Unknown,BC,2024-05-18,,True
1040,CUST00934,Patricia Smith,1959-12-16,retail,Winnipeg,MB,2024-11-24,,True
1041,CUST00935,Olivia Lee,1997-04-10,retail,Winnipeg,MB,2025-06-07,2025-10-11,False
1042,CUST00935,Olivia Lee,1997-04-10,retail,Hamilton,ON,2025-10-11,,True
1043,CUST00936,Karen Lee,1971-12-10,retail,Surrey,BC,2023-04-05,,True
1044,CUST00937,Elizabeth Jones,1975-02-16,retail,Surrey,BC,2023-09-16,,True
1045,CUST00938,Michael Williams,1955-10-27,premium,Edmonton,AB,2023-12-09,,True
1046,CUST00939,Lisa Lee,1966-01-22,retail,Edmonton,AB,2024-10-21,,True
1047,CUST00940,Anthony Singh,2002-05-23,retail,Vancouver,BC,2023-03-16,,True
1048,CUST00941,Linda Patel,1983-10-31,retail,Hamilton,ON,2023-11-18,,True
1049,CUST00942,Robert Williams,1981-07-17,retail,Vancouver,BC,2024-04-16,,True
1050,CUST00943,Matthew Nguyen,1982-12-21,retail,Edmonton,AB,2025-10-15,,True
1051,CUST00944,Linda Rodriguez,1957-05-24,retail,Winnipeg,MB,2024-08-26,,True
1052,CUST00945,Olivia Rodriguez,1956-05-26,retail,Hamilton,ON,2025-01-07,,True
1053,CUST00946,Sarah Rodriguez,1974-08-16,premium,Vancouver,BC,2024-01-26,,True
1054,CUST00947,Noah Khan,1976-11-13,retail,Vancouver,BC,2024-07-31,,True
1055,CUST00948,Karen Tremblay,1995-12-29,retail,Winnipeg,MB,2023-11-02,,True
1056,CUST00949,Michael Singh,1999-07-31,retail,Hamilton,ON,2025-08-17,,True
1057,CUST00950,Sarah Miller,1987-06-22,premium,Calgary,AB,2024-03-05,2024-07-14,False
1058,CUST00950,Sarah Miller,1987-06-22,business,Quebec City,QC,2024-07-14,,True
1059,CUST00951,Elizabeth Smith,1981-10-26,premium,Edmonton,AB,2024-11-26,,True
1060,CUST00952,Noah Khan,1952-02-01,retail,Vancouver,BC,2023-03-07,,True
1061,CUST00953,Sarah Tremblay,2001-06-26,premium,Winnipeg,MB,2025-03-11,,True
1062,CUST00954,Priya Patel,1979-07-03,retail,Hamilton,ON,2025-07-13,,True
1063,CUST00955,Amir Khan,1993-11-01,retail,Ottawa,ON,2023-02-24,,True
1064,CUST00956,Elizabeth Miller,1997-01-17,retail,Hamilton,ON,2023-05-24,2024-01-06,False
1065,CUST00956,Elizabeth Miller,1997-01-17,retail,Calgary,AB,2024-01-06,,True
1066,CUST00957,Patricia Jones,1956-03-03,retail,Montreal,QC,2025-03-07,2025-08-19,False
1067,CUST00957,Patricia Jones,1956-03-03,retail,Vancouver,BC,2025-08-19,,True
1068,CUST00958,Sofia Cote,2001-08-05,retail,Edmonton,AB,2024-09-27,,True
1069,CUST00959,David Miller,1989-12-27,business,Toronto,ON,2023-05-12,,True
1070,CUST00960,Sarah Tremblay,2001-09-08,retail,Edmonton,AB,2023-03-22,,True
1071,CUST00961,Nancy Lee,1976-09-07,premium,Halifax,NS,2025-03-11,,True
1072,CUST00962,Linda Garcia,1991-01-28,premium,Quebec City,QC,2025-02-26,,True
1073,CUST00963,Karen Johnson,1964-03-03,premium,Hamilton,ON,2024-07-14,,True
1074,CUST00964,John Miller,1999-08-06,retail,Edmonton,AB,2023-09-06,2024-12-01,False
1075,CUST00964,John Miller,1999-08-06,retail,Surrey,BC,2024-12-01,,True
1076,CUST00965,Jennifer Rodriguez,1991-06-19,retail,Hamilton,ON,2023-02-24,,True
1077,CUST00966,Karen Wilson,1967-06-11,retail,Halifax,NS,2025-03-23,,True
1078,CUST00967,Robert Wilson,1993-06-28,premium,Winnipeg,MB,2025-08-02,,True
1079,CUST00968,Nancy Jones,1964-06-23,premium,Edmonton,AB,2023-12-16,,True
1080,CUST00969,Patricia Khan,1956-12-17,retail,Halifax,NS,2023-01-23,,True
1081,CUST00970,Michael Johnson,1989-08-29,retail,Winnipeg,MB,2023-04-08,,True
1082,CUST00971,Sofia Cote,1977-08-30,retail,Unknown,ON,2025-06-28,,True
1083,CUST00972,Noah Miller,1971-05-27,retail,Hamilton,ON,2024-02-14,,True
1084,CUST00973,Sarah Miller,1969-10-15,retail,Winnipeg,MB,2023-07-17,,True
1085,CUST00974,Jennifer Johnson,1979-05-08,retail,Calgary,AB,2024-10-22,,True
1086,CUST00975,Priya Patel,1969-03-07,retail,Calgary,AB,2023-08-05,,True
1087,CUST00976,Sarah Smith,1969-09-30,retail,Calgary,AB,2023-05-16,,True
1088,CUST00977,Mary Williams,2003-09-23,retail,Hamilton,ON,2025-10-20,,True
1089,CUST00978,Ava Tremblay,1958-07-02,retail,Ottawa,ON,2024-10-26,,True
1090,CUST00979,Noah Jones,1978-07-12,retail,Unknown,BC,2025-09-14,,True
1091,CUST00980,Nancy Patel,1970-11-08,retail,Montreal,QC,2025-10-28,,True
1092,CUST00981,Fatima Brown,1988-06-11,retail,Vancouver,BC,2024-05-13,,True
1093,CUST00982,Elizabeth Miller,1953-05-27,retail,Ottawa,ON,2024-05-02,,True
1094,CUST00983,Liam Wilson,1953-07-21,retail,Ottawa,ON,2025-12-02,,True
1095,CUST00984,Noah Smith,1979-09-21,premium,Hamilton,ON,2024-12-02,,True
1096,CUST00985,Amir Davis,1969-12-16,retail,Winnipeg,MB,2025-02-20,,True
1097,CUST00986,John Singh,1954-09-04,business,Mississauga,ON,2023-10-17,,True
1098,CUST00987,Priya Miller,1988-03-29,retail,Hamilton,ON,2025-08-14,,True
1099,CUST00988,Jennifer Roy,2001-09-18,retail,Hamilton,ON,2025-07-07,,True
1100,CUST00989,Anthony Williams,1965-01-19,retail,Surrey,BC,2025-08-22,,True
1101,CUST00990,Noah Jones,1984-03-21,retail,Edmonton,AB,2025-05-25,,True
1102,CUST00991,Fatima Khan,1965-10-06,retail,Ottawa,ON,2024-06-10,,True
1103,CUST00992,Priya Roy,1962-04-05,retail,Edmonton,AB,2025-08-19,,True
1104,CUST00993,Liam Lee,1987-04-22,retail,Edmonton,AB,2025-03-19,,True
1105,CUST00994,Chen Tremblay,1953-06-26,retail,Mississauga,ON,2023-09-12,,True
1106,CUST00995,Matthew Rodriguez,1993-11-02,retail,Halifax,NS,2025-01-24,,True
1107,CUST00996,Liam Davis,1982-06-04,retail,Hamilton,ON,2023-02-27,,True
1108,CUST00997,Nancy Cote,2001-11-20,retail,Ottawa,ON,2023-11-27,,True
1109,CUST00998,Karen Patel,1957-03-17,retail,Halifax,NS,2025-11-27,,True
1110,CUST00999,Matthew Rodriguez,1997-11-01,retail,Halifax,NS,2025-02-22,,True
1111,CUST01000,Liam Williams,1980-11-24,retail,Mississauga,ON,2023-10-20,,True
1112,CUST01001,Sofia Martinez,1994-02-11,business,Toronto,ON,2023-01-04,,True
1113,CUST01002,Matthew Gagnon,1965-04-23,premium,Vancouver,BC,2023-12-28,,True
1114,CUST01003,Jennifer Chan,1969-01-26,retail,Mississauga,ON,2024-01-16,,True
1115,CUST01004,Michael Rodriguez,1959-10-19,retail,Calgary,AB,2023-12-07,2024-03-08,False
1116,CUST01004,Michael Rodriguez,1959-10-19,retail,Surrey,BC,2024-03-08,,True
1117,CUST01005,Linda Singh,1959-01-17,retail,Edmonton,AB,2023-01-20,2024-01-13,False
1118,CUST01005,Linda Singh,1959-01-17,retail,Toronto,ON,2024-01-13,,True
1119,CUST01006,Lisa Smith,1973-11-06,retail,Calgary,AB,2025-09-22,,True
1120,CUST01007,Daniel Cote,1971-07-01,business,Surrey,BC,2025-01-09,2025-09-08,False
1121,CUST01007,Daniel Cote,1971-07-01,premium,Surrey,BC,2025-09-08,,True
1122,CUST01008,James Nguyen,1962-06-17,retail,Halifax,NS,2023-02-22,,True
1123,CUST01009,Sofia Davis,1992-08-19,retail,Surrey,BC,2025-11-20,,True
1124,CUST01010,Emma Wilson,1954-02-08,retail,Toronto,ON,2024-10-28,,True
1125,CUST01011,Liam Roy,1992-09-18,retail,Mississauga,ON,2023-07-25,,True
1126,CUST01012,Robert Chan,1995-04-10,premium,Quebec City,QC,2023-03-07,,True
1127,CUST01013,Amir Khan,1990-01-14,retail,Edmonton,AB,2023-08-25,,True
1128,CUST01014,Jennifer Cote,1989-01-06,retail,Halifax,NS,2023-03-01,,True
1129,CUST01015,Noah Rodriguez,1992-09-24,premium,Hamilton,ON,2023-09-10,,True
1130,CUST01016,Anthony Williams,1970-01-29,retail,Halifax,NS,2023-05-13,,True
1131,CUST01017,Liam Patel,2000-05-30,retail,Winnipeg,MB,2025-06-13,2025-09-25,False
1132,CUST01017,Liam Patel,2000-05-30,retail,Mississauga,ON,2025-09-25,,True
1133,CUST01018,Liam Tremblay,1960-06-01,premium,Hamilton,ON,2025-01-23,,True
1134,CUST01019,Liam Smith,1998-01-19,retail,Vancouver,BC,2024-01-24,,True
1135,CUST01020,Daniel Cote,2003-12-22,retail,Unknown,ON,2024-03-30,,True
1136,CUST01021,Sarah Jones,1994-11-04,premium,Vancouver,BC,2025-07-22,,True
1137,CUST01022,Ava Johnson,1995-01-26,retail,Quebec City,QC,2023-09-10,,True
1138,CUST01023,Chen Miller,1983-10-18,retail,Edmonton,AB,2023-05-01,,True
1139,CUST01024,Michael Davis,1966-01-23,premium,Halifax,NS,2025-09-25,,True
1140,CUST01025,Ava Garcia,1980-04-09,retail,Toronto,ON,2025-05-15,,True
1141,CUST01026,Karen Williams,1975-05-02,premium,Montreal,QC,2024-02-04,2024-09-16,False
1142,CUST01026,Karen Williams,1975-05-02,business,Quebec City,QC,2024-09-16,,True
1143,CUST01027,Mary Martinez,2001-10-12,retail,Edmonton,AB,2023-10-09,,True
1144,CUST01028,Michael Miller,1950-10-27,retail,Halifax,NS,2025-01-11,,True
1145,CUST01029,Ava Jones,1988-04-26,business,Calgary,AB,2023-12-11,,True
1146,CUST01030,Jennifer Johnson,1980-05-14,business,Mississauga,ON,2025-06-07,,True
1147,CUST01031,Mary Brown,1977-02-26,retail,Hamilton,ON,2023-12-20,,True
1148,CUST01032,Olivia Cote,1991-08-07,retail,Winnipeg,MB,2025-02-21,,True
1149,CUST01033,Patricia Brown,1995-09-25,retail,Mississauga,ON,2024-04-05,,True
1150,CUST01034,David Brown,1993-06-09,retail,Quebec City,QC,2025-06-07,,True
1151,CUST01035,Sofia Khan,1951-10-10,retail,Ottawa,ON,2025-03-17,,True
1152,CUST01036,Anthony Williams,1998-05-10,premium,Montreal,QC,2023-09-12,,True
1153,CUST01037,Patricia Garcia,1950-06-24,retail,Quebec City,QC,2025-07-04,2025-12-16,False
1154,CUST01037,Patricia Garcia,1950-06-24,retail,Winnipeg,MB,2025-12-16,,True
1155,CUST01038,Priya Rodriguez,1961-03-10,retail,Toronto,ON,2025-11-02,,True
1156,CUST01039,Amir Smith,1996-08-08,retail,Hamilton,ON,2024-08-23,,True
1157,CUST01040,Sofia Wilson,1981-08-04,business,Montreal,QC,2025-11-11,,True
1158,CUST01041,Linda Johnson,1969-04-23,retail,Hamilton,ON,2023-10-02,,True
1159,CUST01042,Robert Roy,1972-11-15,retail,Calgary,AB,2024-06-17,,True
1160,CUST01043,John Rodriguez,1962-11-07,retail,Winnipeg,MB,2024-02-22,,True
1161,CUST01044,Sofia Gagnon,2000-07-26,premium,Hamilton,ON,2025-11-13,,True
1162,CUST01045,Olivia Kim,1972-03-16,retail,Calgary,AB,2023-06-08,,True
1163,CUST01046,Matthew Williams,1982-07-20,retail,Surrey,BC,2024-11-14,,True
1164,CUST01047,David Smith,1969-12-08,retail,Mississauga,ON,2025-02-14,,True
1165,CUST01048,Liam Martinez,1993-12-04,premium,Quebec City,QC,2023-07-15,,True
1166,CUST01049,Priya Rodriguez,1954-04-21,retail,Quebec City,QC,2023-12-16,,True
1167,CUST01050,Olivia Cote,1986-02-15,retail,Montreal,QC,2025-09-03,,True
1168,CUST01051,Sofia Jones,1983-12-26,retail,Winnipeg,MB,2024-07-01,,True
1169,CUST01052,Sofia Davis,1991-01-26,retail,Winnipeg,MB,2024-01-10,,True
1170,CUST01053,Elizabeth Rodriguez,1970-07-11,retail,Calgary,AB,2024-09-17,,True
1171,CUST01054,Noah Wilson,1956-11-18,retail,Mississauga,ON,2024-05-06,2025-07-20,False
1172,CUST01054,Noah Wilson,1956-11-18,premium,Vancouver,BC,2025-07-20,,True
1173,CUST01055,Anthony Smith,1962-03-29,retail,Calgary,AB,2025-09-09,,True
1174,CUST01056,Priya Brown,1967-01-23,retail,Calgary,AB,2023-01-15,,True
1175,CUST01057,Linda Cote,1953-10-19,retail,Montreal,QC,2025-07-07,,True
1176,CUST01058,Lisa Davis,1961-12-17,retail,Ottawa,ON,2025-11-18,,True
1177,CUST01059,Jennifer Lee,1972-05-29,retail,Mississauga,ON,2023-08-30,,True
1178,CUST01060,James Gagnon,1977-05-07,retail,Quebec City,QC,2025-11-21,,True
1179,CUST01061,Fatima Singh,1991-04-20,retail,Toronto,ON,2024-11-03,,True
1180,CUST01062,Liam Garcia,1959-02-03,retail,Calgary,AB,2025-06-01,,True
1181,CUST01063,Robert Kim,1950-08-15,business,Mississauga,ON,2023-11-15,,True
1182,CUST01064,Daniel Martinez,1966-05-06,retail,Surrey,BC,2024-07-05,,True
1183,CUST01065,Jennifer Jones,1950-07-10,premium,Surrey,BC,2025-01-05,2025-07-29,False
1184,CUST01065,Jennifer Jones,1950-07-10,retail,Toronto,ON,2025-07-29,,True
1185,CUST01066,Matthew Wilson,1967-11-08,retail,Toronto,ON,2025-09-08,,True
1186,CUST01067,Priya Singh,1979-02-23,premium,Winnipeg,MB,2025-03-29,,True
1187,CUST01068,Karen Jones,1951-11-25,business,Mississauga,ON,2023-09-16,,True
1188,CUST01069,Linda Johnson,1988-07-19,premium,Winnipeg,MB,2023-01-17,,True
1189,CUST01070,Noah Kim,1995-11-13,retail,Hamilton,ON,2024-01-18,,True
1190,CUST01071,Sofia Davis,1967-10-20,premium,Winnipeg,MB,2025-08-28,,True
1191,CUST01072,Lisa Roy,2003-01-15,retail,Ottawa,ON,2023-11-01,2024-04-07,False
1192,CUST01072,Lisa Roy,2003-01-15,retail,Ottawa,ON,2024-04-07,,True
1193,CUST01073,Fatima Miller,1984-02-15,premium,Mississauga,ON,2025-04-14,,True
1194,CUST01074,Linda Wilson,1995-09-29,retail,Calgary,AB,2025-05-24,,True
1195,CUST01075,David Lee,1978-09-11,retail,Unknown,NS,2023-04-08,,True
1196,CUST01076,Sarah Miller,1959-01-15,retail,Vancouver,BC,2025-06-01,,True
1197,CUST01077,Elizabeth Brown,1999-07-03,retail,Mississauga,ON,2023-09-24,,True
1198,CUST01078,Noah Tremblay,1971-05-18,retail,Montreal,QC,2024-07-19,,True
1199,CUST01079,Robert Gagnon,1953-09-06,retail,Halifax,NS,2024-01-26,2024-12-30,False
1200,CUST01079,Robert Gagnon,1953-09-06,retail,Quebec City,QC,2024-12-30,,True
1201,CUST01080,Liam Singh,1963-10-15,retail,Hamilton,ON,2023-03-31,,True
1202,CUST01081,Noah Khan,1990-03-27,premium,Surrey,BC,2023-08-29,,True
1203,CUST01082,Lisa Smith,1961-07-26,retail,Ottawa,ON,2024-08-16,,True
1204,CUST01083,Sofia Miller,1994-05-31,premium,Halifax,NS,2025-12-26,,True
1205,CUST01084,Noah Chan,1985-01-04,retail,Calgary,AB,2025-03-31,,True
1206,CUST01085,Michael Tremblay,1996-01-03,retail,Halifax,NS,2025-07-21,,True
1207,CUST01086,Ava Davis,1999-07-15,premium,Vancouver,BC,2023-09-01,,True
1208,CUST01087,Mary Gagnon,1974-12-02,business,Ottawa,ON,2023-09-30,,True
1209,CUST01088,Linda Miller,1981-03-04,retail,Montreal,QC,2025-01-25,,True
1210,CUST01089,David Jones,1976-06-16,premium,Calgary,AB,2024-10-26,2025-06-25,False
1211,CUST01089,David Jones,1976-06-16,premium,Hamilton,ON,2025-06-25,,True
1212,CUST01090,David Garcia,1998-03-19,business,Vancouver,BC,2023-08-06,,True
1213,CUST01091,David Gagnon,1968-06-30,retail,Winnipeg,MB,2025-06-24,,True
1214,CUST01092,Olivia Patel,1988-12-05,retail,Ottawa,ON,2025-01-24,,True
1215,CUST01093,Nancy Garcia,1994-01-03,retail,Unknown,ON,2024-01-05,,True
1216,CUST01094,Jennifer Patel,1956-03-25,retail,Winnipeg,MB,2023-10-21,,True
1217,CUST01095,Karen Brown,1951-01-22,retail,Unknown,NS,2023-07-24,,True
1218,CUST01096,Noah Gagnon,1957-07-02,retail,Toronto,ON,2024-07-02,2024-09-04,False
1219,CUST01096,Noah Gagnon,1957-07-02,premium,Mississauga,ON,2024-09-04,,True
1220,CUST01097,Emma Wilson,1962-06-29,retail,Halifax,NS,2025-09-10,,True
1221,CUST01098,Elizabeth Wilson,1955-01-05,retail,Edmonton,AB,2024-07-01,,True
1222,CUST01099,Patricia Khan,1987-04-05,retail,Vancouver,BC,2023-10-18,,True
1223,CUST01100,Karen Jones,1970-04-07,retail,Surrey,BC,2025-02-26,,True
1224,CUST01101,Anthony Garcia,1975-04-14,retail,Mississauga,ON,2025-01-01,,True
1225,CUST01102,John Johnson,1988-06-15,retail,Quebec City,QC,2025-12-22,,True
1226,CUST01103,Amir Cote,1975-10-01,retail,Vancouver,BC,2024-12-14,,True
1227,CUST01104,Daniel Rodriguez,1950-03-13,premium,Halifax,NS,2023-11-01,2024-08-15,False
1228,CUST01104,Daniel Rodriguez,1950-03-13,premium,Halifax,NS,2024-08-15,,True
1229,CUST01105,Anthony Williams,1974-12-26,retail,Mississauga,ON,2023-10-24,,True
1230,CUST01106,Karen Lee,1993-03-06,retail,Surrey,BC,2025-04-27,,True
1231,CUST01107,Linda Patel,1998-05-02,retail,Calgary,AB,2025-12-29,,True
1232,CUST01108,John Tremblay,2001-11-04,retail,Halifax,NS,2024-03-25,2025-08-02,False
1233,CUST01108,John Tremblay,2001-11-04,retail,Toronto,ON,2025-08-02,,True
1234,CUST01109,Anthony Jones,1981-05-05,retail,Mississauga,ON,2025-01-09,,True
1235,CUST01110,Elizabeth Nguyen,1999-06-24,premium,Ottawa,ON,2025-05-12,2025-09-19,False
1236,CUST01110,Elizabeth Nguyen,1999-06-24,business,Mississauga,ON,2025-09-19,,True
1237,CUST01111,Sofia Jones,1988-02-07,premium,Calgary,AB,2025-01-31,,True
1238,CUST01112,Anthony Roy,1982-10-08,retail,Ottawa,ON,2023-10-17,,True
1239,CUST01113,Emma Kim,1992-02-23,premium,Ottawa,ON,2023-10-14,,True
1240,CUST01114,Matthew Wilson,1951-03-09,premium,Edmonton,AB,2024-08-10,,True
1241,CUST01115,Fatima Garcia,1985-07-24,retail,Montreal,QC,2025-05-17,,True
1242,CUST01116,Emma Rodriguez,1970-05-24,retail,Quebec City,QC,2025-05-17,,True
1243,CUST01117,Robert Miller,1969-08-22,retail,Calgary,AB,2025-03-14,,True
1244,CUST01118,Emma Williams,1978-02-05,retail,Halifax,NS,2025-04-09,,True
1245,CUST01119,Chen Kim,1959-05-14,retail,Hamilton,ON,2023-06-09,,True
1246,CUST01120,Linda Martinez,1955-11-11,retail,Ottawa,ON,2024-03-09,,True
1247,CUST01121,Priya Miller,1971-07-25,business,Winnipeg,MB,2024-07-05,2025-10-12,False
1248,CUST01121,Priya Miller,1971-07-25,retail,Edmonton,AB,2025-10-12,,True
1249,CUST01122,Sarah Williams,1981-12-30,retail,Vancouver,BC,2024-08-01,,True
1250,CUST01123,Karen Lee,1958-09-26,premium,Ottawa,ON,2024-11-09,,True
1251,CUST01124,Noah Jones,1984-04-13,retail,Toronto,ON,2025-09-03,,True
1252,CUST01125,Robert Cote,1958-05-15,retail,Edmonton,AB,2024-04-19,,True
1253,CUST01126,Noah Garcia,1996-12-12,retail,Montreal,QC,2024-11-30,,True
1254,CUST01127,Fatima Kim,1984-10-10,premium,Toronto,ON,2024-05-04,2024-09-19,False
1255,CUST01127,Fatima Kim,1984-10-10,premium,Quebec City,QC,2024-09-19,,True
1256,CUST01128,Anthony Brown,1977-10-09,retail,Toronto,ON,2023-06-28,,True
1257,CUST01129,Elizabeth Garcia,1982-08-06,retail,Mississauga,ON,2024-12-24,,True
1258,CUST01130,David Singh,1989-08-28,premium,Vancouver,BC,2023-10-15,,True
1259,CUST01131,Daniel Martinez,1961-07-28,retail,Calgary,AB,2025-06-21,,True
1260,CUST01132,Daniel Williams,1990-05-19,retail,Winnipeg,MB,2024-06-22,2025-07-16,False
1261,CUST01132,Daniel Williams,1990-05-19,premium,Toronto,ON,2025-07-16,,True
1262,CUST01133,Linda Khan,1959-06-13,retail,Toronto,ON,2024-08-18,,True
1263,CUST01134,Linda Patel,1981-04-21,retail,Edmonton,AB,2025-08-12,,True
1264,CUST01135,Patricia Williams,1985-08-12,premium,Ottawa,ON,2025-06-06,,True
1265,CUST01136,Fatima Singh,1992-09-21,premium,Hamilton,ON,2023-08-23,,True
1266,CUST01137,Anthony Jones,2000-12-22,retail,Winnipeg,MB,2023-03-06,2024-06-21,False
1267,CUST01137,Anthony Jones,2000-12-22,premium,Surrey,BC,2024-06-21,,True
1268,CUST01138,Anthony Miller,1952-01-22,retail,Toronto,ON,2025-05-16,2025-08-19,False
1269,CUST01138,Anthony Miller,1952-01-22,retail,Vancouver,BC,2025-08-19,,True
1270,CUST01139,Elizabeth Nguyen,1973-04-11,retail,Calgary,AB,2024-01-12,,True
1271,CUST01140,Sarah Martinez,1987-08-08,retail,Ottawa,ON,2025-09-13,,True
1272,CUST01141,Sofia Kim,2001-03-02,business,Surrey,BC,2025-03-07,,True
1273,CUST01142,Michael Williams,1962-12-22,retail,Halifax,NS,2024-10-25,,True
1274,CUST01143,Emma Wilson,1991-02-24,retail,Toronto,ON,2023-10-30,,True
1275,CUST01144,Amir Kim,1950-05-01,retail,Vancouver,BC,2025-07-11,,True
1276,CUST01145,Chen Tremblay,1966-11-02,retail,Mississauga,ON,2025-05-10,,True
1277,CUST01146,Michael Lee,2001-10-01,business,Hamilton,ON,2023-01-30,,True
1278,CUST01147,Elizabeth Chan,1990-11-29,retail,Mississauga,ON,2025-04-27,,True
1279,CUST01148,Lisa Wilson,1991-03-01,business,Mississauga,ON,2025-05-27,,True
1280,CUST01149,Matthew Patel,1989-04-01,premium,Vancouver,BC,2024-08-03,,True
1281,CUST01150,Patricia Williams,1951-06-23,retail,Mississauga,ON,2025-04-22,,True
1282,CUST01151,Priya Brown,2002-02-22,retail,Winnipeg,MB,2023-03-08,,True
1283,CUST01152,Noah Nguyen,1967-07-19,retail,Montreal,QC,2025-08-19,,True
1284,CUST01153,Nancy Kim,1985-07-05,premium,Winnipeg,MB,2023-01-16,,True
1285,CUST01154,David Cote,1987-03-17,retail,Vancouver,BC,2024-05-09,2024-07-21,False
1286,CUST01154,David Cote,1987-03-17,premium,Ottawa,ON,2024-07-21,,True
1287,CUST01155,Emma Chan,1980-01-24,retail,Halifax,NS,2023-12-16,,True
1288,CUST01156,Karen Miller,1954-08-18,retail,Quebec City,QC,2025-05-28,,True
1289,CUST01157,Jennifer Patel,1989-03-29,retail,Surrey,BC,2024-04-18,,True
1290,CUST01158,Chen Tremblay,1973-05-07,premium,Calgary,AB,2023-11-22,2024-08-31,False
1291,CUST01158,Chen Tremblay,1973-05-07,premium,Toronto,ON,2024-08-31,,True
1292,CUST01159,Wei Jones,1998-10-11,retail,Unknown,ON,2023-06-11,,True
1293,CUST01160,Nancy Gagnon,1966-09-27,premium,Winnipeg,MB,2024-05-05,,True
1294,CUST01161,Emma Davis,1983-12-03,premium,Halifax,NS,2024-06-17,,True
1295,CUST01162,Chen Smith,1959-04-12,business,Winnipeg,MB,2023-08-16,2024-03-07,False
1296,CUST01162,Chen Smith,1959-04-12,business,Vancouver,BC,2024-03-07,,True
1297,CUST01163,John Williams,1968-08-28,premium,Edmonton,AB,2025-03-11,,True
1298,CUST01164,Anthony Gagnon,1987-09-03,retail,Mississauga,ON,2025-02-07,,True
1299,CUST01165,Jennifer Garcia,1966-01-11,retail,Vancouver,BC,2023-03-06,,True
1300,CUST01166,Fatima Roy,1996-10-22,retail,Montreal,QC,2024-06-05,2024-08-15,False
1301,CUST01166,Fatima Roy,1996-10-22,premium,Montreal,QC,2024-08-15,,True
1302,CUST01167,Robert Miller,1969-06-19,retail,Surrey,BC,2023-03-02,,True
1303,CUST01168,Robert Rodriguez,1958-04-02,retail,Vancouver,BC,2024-12-14,,True
1304,CUST01169,Olivia Singh,1985-11-18,retail,Calgary,AB,2024-01-31,,True
1305,CUST01170,Sofia Rodriguez,2002-09-18,retail,Calgary,AB,2024-09-30,,True
1306,CUST01171,Matthew Nguyen,1974-05-17,retail,Calgary,AB,2024-10-14,,True
1307,CUST01172,Wei Lee,1955-10-07,premium,Surrey,BC,2025-07-09,,True
1308,CUST01173,Wei Kim,1997-08-05,retail,Vancouver,BC,2024-12-22,,True
1309,CUST01174,Matthew Garcia,1969-04-22,retail,Surrey,BC,2025-01-31,2025-09-11,False
1310,CUST01174,Matthew Garcia,1969-04-22,retail,Halifax,NS,2025-09-11,,True
1311,CUST01175,Sarah Miller,1978-11-06,retail,Edmonton,AB,2024-04-21,,True
1312,CUST01176,Lisa Miller,1956-09-17,retail,Mississauga,ON,2025-05-13,,True
1313,CUST01177,Michael Miller,1994-09-26,premium,Toronto,ON,2023-04-06,2023-08-31,False
1314,CUST01177,Michael Miller,1994-09-26,retail,Quebec City,QC,2023-08-31,,True
1315,CUST01178,Karen Davis,1951-08-08,retail,Quebec City,QC,2023-01-10,,True
1316,CUST01179,Karen Johnson,1953-07-05,business,Montreal,QC,2024-11-21,,True
1317,CUST01180,Matthew Martinez,1981-01-09,retail,Vancouver,BC,2025-03-30,,True
1318,CUST01181,Mary Patel,1990-10-13,retail,Vancouver,BC,2025-10-07,,True
1319,CUST01182,Fatima Brown,1950-12-07,retail,Toronto,ON,2023-10-12,,True
1320,CUST01183,Matthew Davis,1983-02-04,retail,Ottawa,ON,2023-01-11,,True
1321,CUST01184,Olivia Johnson,1977-04-19,retail,Mississauga,ON,2023-06-03,,True
1322,CUST01185,Karen Rodriguez,1962-05-12,retail,Halifax,NS,2025-08-01,,True
1323,CUST01186,Ava Kim,1960-12-23,retail,Winnipeg,MB,2025-12-04,,True
1324,CUST01187,David Wilson,1958-03-28,retail,Halifax,NS,2024-06-24,,True
1325,CUST01188,Emma Davis,1968-06-21,retail,Winnipeg,MB,2023-06-09,,True
1326,CUST01189,Amir Miller,1966-11-10,premium,Edmonton,AB,2025-09-25,,True
1327,CUST01190,Lisa Chan,1977-12-22,premium,Surrey,BC,2025-07-18,2025-11-21,False
1328,CUST01190,Lisa Chan,1977-12-22,business,Hamilton,ON,2025-11-21,,True
1329,CUST01191,Karen Nguyen,1985-11-26,retail,Quebec City,QC,2024-01-20,,True
1330,CUST01192,Ava Tremblay,1991-05-10,retail,Winnipeg,MB,2023-08-08,,True
1331,CUST01193,Jennifer Rodriguez,1997-08-18,retail,Toronto,ON,2025-07-16,,True
1332,CUST01194,Daniel Kim,1995-01-20,retail,Hamilton,ON,2025-06-01,,True
1333,CUST01195,Patricia Johnson,1987-11-30,retail,Winnipeg,MB,2024-02-02,,True
1334,CUST01196,Lisa Roy,1959-10-18,retail,Edmonton,AB,2023-04-13,,True
1335,CUST01197,Mary Johnson,1955-11-28,retail,Quebec City,QC,2025-12-25,,True
1336,CUST01198,Sofia Patel,1969-09-23,retail,Calgary,AB,2024-07-03,,True
1337,CUST01199,Chen Martinez,1950-04-12,retail,Halifax,NS,2023-07-13,,True
1338,CUST01200,Liam Martinez,1978-04-09,retail,Halifax,NS,2023-05-23,,True
1339,CUST01201,James Cote,1951-11-14,retail,Edmonton,AB,2023-12-30,,True
1340,CUST01202,Noah Smith,1992-07-05,retail,Quebec City,QC,2023-01-03,2024-04-26,False
1341,CUST01202,Noah Smith,1992-07-05,premium,Toronto,ON,2024-04-26,,True
1342,CUST01203,Elizabeth Davis,1963-02-25,retail,Montreal,QC,2023-07-12,,True
1343,CUST01204,Anthony Lee,1993-08-24,retail,Unknown,QC,2024-06-03,,True
1344,CUST01205,Sofia Wilson,2003-06-13,premium,Montreal,QC,2025-09-18,,True
1345,CUST01206,James Jones,1962-09-16,premium,Calgary,AB,2025-01-01,,True
1346,CUST01207,Matthew Lee,1967-05-23,premium,Hamilton,ON,2025-02-12,,True
1347,CUST01208,Amir Khan,1997-04-09,business,Edmonton,AB,2023-12-25,,True
1348,CUST01209,Karen Tremblay,1974-10-14,business,Calgary,AB,2024-09-25,,True
1349,CUST01210,Emma Roy,1990-10-28,retail,Mississauga,ON,2024-12-11,,True
1350,CUST01211,Amir Jones,1996-12-08,retail,Edmonton,AB,2024-08-16,,True
1351,CUST01212,Elizabeth Williams,1953-09-03,retail,Vancouver,BC,2024-03-21,2024-10-23,False
1352,CUST01212,Elizabeth Williams,1953-09-03,retail,Toronto,ON,2024-10-23,,True
1353,CUST01213,Amir Smith,1981-06-02,retail,Toronto,ON,2024-08-03,,True
1354,CUST01214,Priya Jones,1962-10-19,premium,Mississauga,ON,2024-02-07,,True
1355,CUST01215,Mary Singh,1984-08-26,retail,Surrey,BC,2025-05-15,,True
1356,CUST01216,Elizabeth Roy,1989-02-05,retail,Vancouver,BC,2024-10-22,,True
1357,CUST01217,David Jones,1977-01-04,retail,Calgary,AB,2024-09-16,,True
1358,CUST01218,Priya Garcia,1989-03-13,premium,Calgary,AB,2023-07-16,,True
1359,CUST01219,Amir Lee,1991-11-09,retail,Edmonton,AB,2025-05-11,,True
1360,CUST01220,James Kim,1977-02-16,premium,Mississauga,ON,2024-05-11,,True
1361,CUST01221,Wei Martinez,1985-03-24,premium,Unknown,ON,2023-09-15,,True
1362,CUST01222,Ava Chan,1957-08-06,premium,Edmonton,AB,2023-04-23,2024-04-21,False
1363,CUST01222,Ava Chan,1957-08-06,premium,Mississauga,ON,2024-04-21,,True
1364,CUST01223,Wei Singh,1955-06-18,retail,Halifax,NS,2023-09-06,,True
1365,CUST01224,Mary Miller,1994-06-09,retail,Montreal,QC,2023-10-07,,True
1366,CUST01225,Elizabeth Gagnon,1950-07-31,premium,Vancouver,BC,2025-09-20,,True
1367,CUST01226,Fatima Brown,1968-04-30,retail,Montreal,QC,2023-08-01,,True
1368,CUST01227,Mary Brown,1966-07-06,retail,Vancouver,BC,2024-04-26,,True
1369,CUST01228,Amir Nguyen,1988-10-15,retail,Winnipeg,MB,2023-10-27,,True
1370,CUST01229,Amir Davis,1999-01-17,retail,Ottawa,ON,2024-02-15,,True
1371,CUST01230,Wei Singh,1985-02-04,retail,Surrey,BC,2025-03-01,,True
1372,CUST01231,Matthew Jones,1960-10-11,retail,Toronto,ON,2025-03-08,,True
1373,CUST01232,Amir Roy,1981-10-28,retail,Edmonton,AB,2023-10-13,,True
1374,CUST01233,Jennifer Lee,1995-02-23,premium,Montreal,QC,2024-03-07,,True
1375,CUST01234,John Garcia,2000-07-10,retail,Winnipeg,MB,2024-11-25,,True
1376,CUST01235,Noah Cote,1956-02-14,business,Vancouver,BC,2025-09-17,,True
1377,CUST01236,Wei Chan,1961-08-11,retail,Winnipeg,MB,2024-10-25,,True
1378,CUST01237,Emma Patel,1964-04-12,retail,Mississauga,ON,2024-04-19,,True
1379,CUST01238,Anthony Wilson,1971-03-25,business,Hamilton,ON,2023-08-04,,True
1380,CUST01239,Noah Kim,1972-06-21,retail,Mississauga,ON,2023-08-23,,True
1381,CUST01240,Daniel Roy,1965-08-13,premium,Winnipeg,MB,2024-10-19,2025-11-09,False
1382,CUST01240,Daniel Roy,1965-08-13,premium,Quebec City,QC,2025-11-09,,True
1383,CUST01241,Michael Rodriguez,1975-09-01,retail,Edmonton,AB,2024-04-06,,True
1384,CUST01242,Olivia Miller,1958-08-19,retail,Mississauga,ON,2024-02-21,2025-05-22,False
1385,CUST01242,Olivia Miller,1958-08-19,premium,Calgary,AB,2025-05-22,,True
1386,CUST01243,Ava Williams,1997-05-20,retail,Surrey,BC,2025-10-13,,True
1387,CUST01244,Lisa Lee,2000-02-15,retail,Surrey,BC,2023-10-10,,True
1388,CUST01245,Ava Williams,1996-05-28,retail,Quebec City,QC,2024-09-02,2025-08-04,False
1389,CUST01245,Ava Williams,1996-05-28,retail,Surrey,BC,2025-08-04,,True
1390,CUST01246,Emma Martinez,1982-02-09,retail,Vancouver,BC,2023-05-20,,True
1391,CUST01247,Priya Tremblay,1994-11-11,premium,Hamilton,ON,2024-10-01,,True
1392,CUST01248,Patricia Tremblay,1973-08-07,business,Edmonton,AB,2023-03-03,,True
1393,CUST01249,Noah Johnson,1979-07-28,retail,Ottawa,ON,2023-05-08,,True
1394,CUST01250,Fatima Johnson,1987-05-06,business,Surrey,BC,2023-06-15,2024-08-18,False
1395,CUST01250,Fatima Johnson,1987-05-06,retail,Toronto,ON,2024-08-18,,True
1396,CUST01251,Anthony Chan,1988-09-17,retail,Hamilton,ON,2025-09-05,,True
1397,CUST01252,James Johnson,1967-08-08,premium,Toronto,ON,2025-12-30,,True
1398,CUST01253,James Khan,1983-11-05,retail,Edmonton,AB,2023-09-14,2024-06-24,False
1399,CUST01253,James Khan,1983-11-05,business,Mississauga,ON,2024-06-24,,True
1400,CUST01254,Daniel Lee,1955-03-14,retail,Hamilton,ON,2024-05-02,,True
1401,CUST01255,Liam Khan,1951-05-04,retail,Quebec City,QC,2024-05-26,2024-10-25,False
1402,CUST01255,Liam Khan,1951-05-04,retail,Vancouver,BC,2024-10-25,,True
1403,CUST01256,Daniel Roy,1976-03-26,premium,Winnipeg,MB,2023-09-23,2023-12-31,False
1404,CUST01256,Daniel Roy,1976-03-26,retail,Mississauga,ON,2023-12-31,,True
1405,CUST01257,Priya Miller,1982-01-09,premium,Edmonton,AB,2024-03-27,,True
1406,CUST01258,Priya Martinez,1974-01-01,retail,Winnipeg,MB,2024-10-15,2025-07-12,False
1407,CUST01258,Priya Martinez,1974-01-01,business,Halifax,NS,2025-07-12,,True
1408,CUST01259,Anthony Rodriguez,1962-04-21,retail,Mississauga,ON,2025-12-02,,True
1409,CUST01260,Daniel Jones,1989-07-02,business,Unknown,ON,2025-07-18,,True
1410,CUST01261,David Rodriguez,1957-07-31,retail,Quebec City,QC,2023-05-03,,True
1411,CUST01262,Ava Patel,1970-02-19,retail,Calgary,AB,2024-02-26,,True
1412,CUST01263,Amir Martinez,1981-03-15,retail,Toronto,ON,2023-02-23,,True
1413,CUST01264,Emma Rodriguez,1952-06-15,retail,Quebec City,QC,2024-11-29,,True
1414,CUST01265,Olivia Johnson,1975-10-15,retail,Mississauga,ON,2025-12-31,,True
1415,CUST01266,Lisa Rodriguez,1991-12-05,business,Unknown,ON,2024-05-02,,True
1416,CUST01267,David Williams,1976-07-16,premium,Hamilton,ON,2024-11-22,,True
1417,CUST01268,David Cote,1951-02-09,premium,Vancouver,BC,2023-09-12,,True
1418,CUST01269,Ava Garcia,1989-06-19,retail,Edmonton,AB,2023-01-19,,True
1419,CUST01270,Ava Khan,2001-12-30,retail,Hamilton,ON,2023-06-12,,True
1420,CUST01271,John Nguyen,1974-10-10,retail,Ottawa,ON,2024-06-15,,True
1421,CUST01272,Robert Roy,1960-04-08,retail,Winnipeg,MB,2023-03-20,,True
1422,CUST01273,Sarah Johnson,1955-06-16,premium,Unknown,QC,2024-06-14,,True
1423,CUST01274,Ava Lee,2003-11-18,premium,Montreal,QC,2024-04-25,,True
1424,CUST01275,Lisa Williams,2001-03-03,retail,Hamilton,ON,2025-01-30,2025-11-04,False
1425,CUST01275,Lisa Williams,2001-03-03,retail,Vancouver,BC,2025-11-04,,True
1426,CUST01276,Sarah Roy,1986-08-13,retail,Surrey,BC,2025-02-06,,True
1427,CUST01277,Jennifer Lee,1963-06-19,retail,Toronto,ON,2023-02-22,,True
1428,CUST01278,Sofia Chan,1969-04-11,premium,Quebec City,QC,2025-02-14,,True
1429,CUST01279,Karen Gagnon,1970-02-24,business,Mississauga,ON,2025-10-28,,True
1430,CUST01280,Priya Brown,1992-05-17,premium,Montreal,QC,2025-12-10,,True
1431,CUST01281,Wei Martinez,1982-06-22,retail,Hamilton,ON,2024-04-17,2024-10-17,False
1432,CUST01281,Wei Martinez,1982-06-22,premium,Edmonton,AB,2024-10-17,,True
1433,CUST01282,Matthew Lee,1995-05-13,retail,Mississauga,ON,2023-06-06,,True
1434,CUST01283,Nancy Kim,1961-03-29,retail,Hamilton,ON,2024-05-16,,True
1435,CUST01284,Robert Roy,1980-08-23,premium,Vancouver,BC,2024-10-04,,True
1436,CUST01285,Robert Tremblay,1967-10-10,retail,Unknown,AB,2024-01-04,2024-07-16,False
1437,CUST01285,Robert Tremblay,1967-10-10,premium,Montreal,QC,2024-07-16,,True
1438,CUST01286,Anthony Brown,1988-09-14,premium,Ottawa,ON,2023-02-19,2024-01-16,False
1439,CUST01286,Anthony Brown,1988-09-14,business,Calgary,AB,2024-01-16,,True
1440,CUST01287,Daniel Jones,1971-08-30,retail,Calgary,AB,2024-08-23,,True
1441,CUST01288,Wei Roy,1954-01-22,retail,Quebec City,QC,2023-06-01,,True
1442,CUST01289,Matthew Gagnon,1989-02-01,premium,Edmonton,AB,2024-08-15,,True
1443,CUST01290,Liam Tremblay,1950-09-13,retail,Montreal,QC,2025-01-27,,True
1444,CUST01291,Jennifer Chan,1958-09-11,retail,Halifax,NS,2024-04-20,,True
1445,CUST01292,Lisa Tremblay,1988-04-12,premium,Montreal,QC,2024-08-07,,True
1446,CUST01293,Robert Johnson,1968-11-25,premium,Halifax,NS,2025-05-31,,True
1447,CUST01294,Patricia Lee,1975-10-29,retail,Vancouver,BC,2024-07-14,,True
1448,CUST01295,David Roy,1974-12-31,business,Mississauga,ON,2023-10-16,,True
1449,CUST01296,Jennifer Smith,1998-06-07,business,Quebec City,QC,2024-02-04,2024-07-17,False
1450,CUST01296,Jennifer Smith,1998-06-07,business,Vancouver,BC,2024-07-17,,True
1451,CUST01297,Wei Kim,1961-04-27,retail,Halifax,NS,2025-07-18,,True
1452,CUST01298,Ava Brown,1994-04-02,premium,Edmonton,AB,2024-06-22,,True
1453,CUST01299,Amir Brown,1969-12-15,premium,Surrey,BC,2023-06-02,,True
1454,CUST01300,Chen Chan,1978-03-30,premium,Winnipeg,MB,2023-03-20,,True
1455,CUST01301,Sarah Miller,1953-03-13,retail,Montreal,QC,2023-01-17,,True
1456,CUST01302,Linda Cote,1963-08-03,retail,Hamilton,ON,2025-09-19,,True
1457,CUST01303,Michael Gagnon,1969-03-20,business,Mississauga,ON,2023-01-07,,True
1458,CUST01304,Sofia Garcia,1973-08-08,retail,Toronto,ON,2025-02-17,,True
1459,CUST01305,Lisa Cote,1970-10-21,premium,Ottawa,ON,2024-08-21,,True
1460,CUST01306,Fatima Lee,1958-08-30,retail,Montreal,QC,2024-03-24,,True
1461,CUST01307,Elizabeth Kim,1988-02-12,retail,Edmonton,AB,2023-08-26,,True
1462,CUST01308,Daniel Patel,1993-05-26,retail,Halifax,NS,2025-09-28,,True
1463,CUST01309,Lisa Miller,1978-12-30,retail,Calgary,AB,2024-06-19,,True
1464,CUST01310,Matthew Patel,1974-01-27,business,Vancouver,BC,2025-09-21,,True
1465,CUST01311,Elizabeth Nguyen,1964-12-10,retail,Calgary,AB,2024-02-27,,True
1466,CUST01312,Fatima Wilson,1951-10-15,retail,Ottawa,ON,2023-02-13,,True
1467,CUST01313,Daniel Khan,1996-07-13,retail,Mississauga,ON,2024-03-07,,True
1468,CUST01314,Priya Patel,1964-06-24,retail,Halifax,NS,2025-02-04,,True
1469,CUST01315,James Johnson,1997-03-29,premium,Toronto,ON,2023-07-29,2024-02-18,False
1470,CUST01315,James Johnson,1997-03-29,retail,Vancouver,BC,2024-02-18,,True
1471,CUST01316,Chen Davis,1961-02-03,retail,Toronto,ON,2025-02-12,,True
1472,CUST01317,David Williams,1987-04-08,retail,Mississauga,ON,2023-02-11,,True
1473,CUST01318,Robert Brown,1985-02-02,retail,Halifax,NS,2024-02-02,,True
1474,CUST01319,Matthew Chan,1974-08-03,retail,Halifax,NS,2025-07-28,,True
1475,CUST01320,Anthony Patel,1969-12-09,retail,Vancouver,BC,2025-04-12,,True
1476,CUST01321,Priya Chan,1994-08-04,retail,Hamilton,ON,2025-03-17,,True
1477,CUST01322,Nancy Davis,1985-08-25,business,Quebec City,QC,2024-04-20,2024-11-25,False
1478,CUST01322,Nancy Davis,1985-08-25,retail,Surrey,BC,2024-11-25,,True
1479,CUST01323,Chen Williams,1968-08-19,retail,Mississauga,ON,2025-09-30,,True
1480,CUST01324,Emma Singh,2000-11-01,premium,Montreal,QC,2024-04-21,,True
1481,CUST01325,Liam Wilson,2000-09-19,retail,Ottawa,ON,2025-04-12,,True
1482,CUST01326,Priya Singh,1971-02-24,retail,Montreal,QC,2024-10-21,,True
1483,CUST01327,Liam Williams,1956-12-14,retail,Unknown,ON,2025-02-08,,True
1484,CUST01328,Patricia Garcia,1960-03-13,retail,Hamilton,ON,2023-03-21,,True
1485,CUST01329,Lisa Singh,1999-01-30,premium,Ottawa,ON,2025-05-06,,True
1486,CUST01330,Elizabeth Cote,1983-05-05,retail,Vancouver,BC,2023-12-06,,True
1487,CUST01331,Fatima Lee,1992-05-10,retail,Montreal,QC,2025-08-05,,True
1488,CUST01332,Ava Jones,1992-07-06,retail,Ottawa,ON,2023-01-21,,True
1489,CUST01333,James Martinez,1958-06-03,retail,Halifax,NS,2025-07-28,,True
1490,CUST01334,Jennifer Williams,1970-04-12,retail,Surrey,BC,2024-12-07,,True
1491,CUST01335,Emma Kim,1982-12-13,premium,Quebec City,QC,2025-04-05,,True
1492,CUST01336,Michael Williams,1969-06-02,retail,Quebec City,QC,2024-07-27,2025-06-19,False
1493,CUST01336,Michael Williams,1969-06-02,premium,Quebec City,QC,2025-06-19,,True
1494,CUST01337,Karen Wilson,2003-02-16,premium,Quebec City,QC,2024-07-21,,True
1495,CUST01338,Anthony Miller,1970-10-19,retail,Ottawa,ON,2024-03-19,2024-08-10,False
1496,CUST01338,Anthony Miller,1970-10-19,business,Edmonton,AB,2024-08-10,,True
1497,CUST01339,Sarah Williams,1989-06-12,retail,Toronto,ON,2025-05-21,,True
1498,CUST01340,Patricia Davis,1984-08-03,retail,Montreal,QC,2025-08-29,,True
1499,CUST01341,John Roy,1974-12-01,business,Hamilton,ON,2023-10-20,,True
1500,CUST01342,Olivia Rodriguez,1989-01-23,retail,Winnipeg,MB,2024-12-14,,True
1501,CUST01343,Noah Cote,1969-03-07,premium,Surrey,BC,2024-01-27,,True
1502,CUST01344,James Miller,1967-06-27,retail,Edmonton,AB,2023-01-12,,True
1503,CUST01345,David Chan,1953-01-03,retail,Toronto,ON,2024-07-17,,True
1504,CUST01346,Sofia Rodriguez,2001-05-02,retail,Vancouver,BC,2023-03-04,,True
1505,CUST01347,Chen Nguyen,1998-12-12,retail,Unknown,AB,2023-08-01,,True
1506,CUST01348,Robert Garcia,1960-09-18,retail,Ottawa,ON,2023-04-25,,True
1507,CUST01349,Ava Khan,1967-06-03,business,Vancouver,BC,2023-02-04,,True
1508,CUST01350,Sofia Garcia,1982-11-10,premium,Quebec City,QC,2025-11-23,,True
1509,CUST01351,Amir Cote,1994-12-29,retail,Toronto,ON,2023-10-30,,True
1510,CUST01352,David Roy,1986-09-19,retail,Hamilton,ON,2023-12-21,,True
1511,CUST01353,Elizabeth Rodriguez,1980-08-19,retail,Montreal,QC,2025-08-12,,True
1512,CUST01354,Nancy Williams,1966-05-17,business,Mississauga,ON,2023-06-26,,True
1513,CUST01355,Noah Garcia,1983-08-08,retail,Toronto,ON,2025-07-31,,True
1514,CUST01356,Emma Cote,1967-02-22,business,Winnipeg,MB,2023-09-29,,True
1515,CUST01357,David Jones,1970-04-10,retail,Quebec City,QC,2024-01-21,,True
1516,CUST01358,David Nguyen,1981-11-11,retail,Vancouver,BC,2025-01-14,,True
1517,CUST01359,Chen Cote,2002-07-03,retail,Ottawa,ON,2025-02-28,,True
1518,CUST01360,Matthew Lee,1975-11-25,premium,Winnipeg,MB,2024-02-29,,True
1519,CUST01361,Liam Rodriguez,1968-11-26,retail,Mississauga,ON,2024-06-12,,True
1520,CUST01362,Lisa Cote,1962-07-18,retail,Winnipeg,MB,2025-08-14,,True
1521,CUST01363,Wei Johnson,1982-03-13,premium,Surrey,BC,2023-01-17,,True
1522,CUST01364,Patricia Garcia,1991-11-19,retail,Surrey,BC,2024-01-17,,True
1523,CUST01365,Wei Tremblay,1985-10-29,retail,Halifax,NS,2025-08-27,,True
1524,CUST01366,Sarah Singh,1953-08-07,retail,Winnipeg,MB,2024-04-24,,True
1525,CUST01367,Matthew Kim,1985-12-14,business,Vancouver,BC,2023-02-28,,True
1526,CUST01368,Fatima Chan,2000-12-15,business,Hamilton,ON,2023-10-13,,True
1527,CUST01369,John Martinez,1991-02-26,premium,Unknown,ON,2025-03-21,2025-08-16,False
1528,CUST01369,John Martinez,1991-02-26,retail,Vancouver,BC,2025-08-16,,True
1529,CUST01370,Jennifer Davis,1971-12-16,retail,Hamilton,ON,2023-11-12,,True
1530,CUST01371,Anthony Garcia,1999-04-30,retail,Surrey,BC,2025-03-18,,True
1531,CUST01372,Emma Nguyen,1958-08-06,retail,Halifax,NS,2025-03-04,,True
1532,CUST01373,Sarah Martinez,1988-02-04,premium,Winnipeg,MB,2025-03-17,,True
1533,CUST01374,Wei Smith,1965-12-25,premium,Hamilton,ON,2024-04-26,,True
1534,CUST01375,Fatima Roy,1970-08-23,business,Calgary,AB,2023-10-10,,True
1535,CUST01376,John Wilson,1988-03-11,retail,Calgary,AB,2023-11-05,,True
1536,CUST01377,Mary Rodriguez,1985-09-22,retail,Calgary,AB,2025-11-25,,True
1537,CUST01378,Liam Brown,1951-02-05,premium,Winnipeg,MB,2023-11-26,,True
1538,CUST01379,Nancy Smith,1986-01-15,retail,Edmonton,AB,2025-05-15,,True
1539,CUST01380,Chen Brown,1990-05-25,premium,Quebec City,QC,2025-10-25,,True
1540,CUST01381,Priya Lee,1988-01-17,premium,Mississauga,ON,2025-12-24,,True
1541,CUST01382,Sarah Tremblay,1990-10-27,retail,Vancouver,BC,2025-06-09,,True
1542,CUST01383,Nancy Lee,1983-02-18,premium,Toronto,ON,2024-05-31,,True
1543,CUST01384,James Khan,1982-01-07,retail,Vancouver,BC,2025-05-04,,True
1544,CUST01385,Fatima Brown,1997-08-30,premium,Surrey,BC,2025-03-22,,True
1545,CUST01386,Robert Gagnon,1974-08-24,retail,Edmonton,AB,2024-12-08,,True
1546,CUST01387,Emma Chan,1956-11-12,retail,Quebec City,QC,2024-10-30,,True
1547,CUST01388,Chen Brown,1957-01-24,retail,Calgary,AB,2024-11-22,,True
1548,CUST01389,James Garcia,1957-02-10,retail,Halifax,NS,2025-06-06,,True
1549,CUST01390,Elizabeth Roy,1971-11-14,retail,Montreal,QC,2023-04-11,,True
1550,CUST01391,Matthew Rodriguez,1966-08-30,retail,Halifax,NS,2024-07-20,,True
1551,CUST01392,Jennifer Cote,1986-07-13,retail,Vancouver,BC,2024-02-29,2024-09-12,False
1552,CUST01392,Jennifer Cote,1986-07-13,premium,Edmonton,AB,2024-09-12,,True
1553,CUST01393,Chen Wilson,1951-08-16,retail,Mississauga,ON,2024-10-26,,True
1554,CUST01394,Fatima Nguyen,2003-05-27,retail,Quebec City,QC,2024-11-04,,True
1555,CUST01395,Sarah Wilson,1989-11-13,retail,Surrey,BC,2023-11-07,,True
1556,CUST01396,Sofia Garcia,1986-02-24,retail,Winnipeg,MB,2023-03-08,2024-01-11,False
1557,CUST01396,Sofia Garcia,1986-02-24,business,Montreal,QC,2024-01-11,,True
1558,CUST01397,John Miller,1983-02-14,business,Halifax,NS,2024-09-14,,True
1559,CUST01398,James Jones,1981-07-19,retail,Quebec City,QC,2025-06-02,,True
1560,CUST01399,Elizabeth Khan,1971-01-22,retail,Halifax,NS,2025-02-07,,True
1561,CUST01400,Ava Brown,1968-12-16,retail,Mississauga,ON,2023-08-15,,True
1562,CUST01401,Noah Patel,1969-07-15,retail,Montreal,QC,2025-05-06,,True
1563,CUST01402,Chen Brown,1978-07-05,premium,Winnipeg,MB,2025-10-25,,True
1564,CUST01403,Anthony Nguyen,1990-04-28,premium,Vancouver,BC,2023-11-18,,True
1565,CUST01404,Priya Wilson,1958-10-27,retail,Edmonton,AB,2025-02-24,,True
1566,CUST01405,Michael Gagnon,1962-06-07,retail,Toronto,ON,2025-10-27,,True
1567,CUST01406,James Wilson,2001-01-28,retail,Quebec City,QC,2025-08-24,,True
1568,CUST01407,Olivia Gagnon,1967-04-27,retail,Calgary,AB,2023-11-27,,True
1569,CUST01408,Anthony Miller,1955-10-25,retail,Surrey,BC,2023-03-05,,True
1570,CUST01409,Fatima Nguyen,1991-05-25,premium,Hamilton,ON,2025-10-21,,True
1571,CUST01410,Ava Garcia,1956-04-07,retail,Hamilton,ON,2023-01-15,,True
1572,CUST01411,Lisa Singh,1987-06-03,retail,Calgary,AB,2024-06-16,,True
1573,CUST01412,Fatima Gagnon,1989-05-05,premium,Montreal,QC,2025-09-11,,True
1574,CUST01413,Emma Johnson,1995-11-23,retail,Surrey,BC,2025-06-20,,True
1575,CUST01414,Noah Tremblay,1982-11-17,premium,Mississauga,ON,2025-04-25,,True
1576,CUST01415,Anthony Miller,1956-08-24,retail,Vancouver,BC,2025-07-27,,True
1577,CUST01416,David Wilson,1979-09-01,retail,Vancouver,BC,2025-07-11,,True
1578,CUST01417,Noah Jones,1952-04-30,retail,Ottawa,ON,2024-03-28,,True
1579,CUST01418,Elizabeth Garcia,1992-08-22,retail,Quebec City,QC,2025-06-19,,True
1580,CUST01419,Robert Jones,1984-06-21,retail,Unknown,QC,2024-06-10,,True
1581,CUST01420,Elizabeth Jones,1982-09-02,retail,Quebec City,QC,2025-11-07,,True
1582,CUST01421,Fatima Garcia,2002-09-04,retail,Surrey,BC,2025-10-23,,True
1583,CUST01422,Anthony Gagnon,1993-03-31,premium,Ottawa,ON,2023-12-26,,True
1584,CUST01423,John Wilson,1970-02-15,retail,Hamilton,ON,2023-11-04,,True
1585,CUST01424,Chen Miller,2001-01-31,retail,Surrey,BC,2023-01-25,,True
1586,CUST01425,Lisa Davis,1952-12-12,retail,Halifax,NS,2025-03-27,,True
1587,CUST01426,David Khan,1998-03-30,premium,Montreal,QC,2023-06-12,,True
1588,CUST01427,Linda Davis,1966-05-23,premium,Vancouver,BC,2024-05-16,,True
1589,CUST01428,Fatima Rodriguez,1967-01-18,retail,Montreal,QC,2023-05-11,,True
1590,CUST01429,Michael Davis,2002-02-24,retail,Hamilton,ON,2025-09-04,,True
1591,CUST01430,Sarah Gagnon,1960-06-11,retail,Mississauga,ON,2025-06-24,,True
1592,CUST01431,Michael Roy,1950-11-11,retail,Edmonton,AB,2025-05-30,,True
1593,CUST01432,Noah Gagnon,1990-12-07,retail,Hamilton,ON,2023-01-02,,True
1594,CUST01433,Chen Garcia,1996-02-18,retail,Surrey,BC,2024-08-04,,True
1595,CUST01434,Linda Wilson,1995-02-18,retail,Vancouver,BC,2024-09-24,,True
1596,CUST01435,Jennifer Singh,1995-09-18,retail,Toronto,ON,2025-08-21,,True
1597,CUST01436,Amir Martinez,1989-10-05,business,Mississauga,ON,2024-12-02,,True
1598,CUST01437,Noah Brown,1995-01-07,retail,Hamilton,ON,2024-09-17,2025-04-18,False
1599,CUST01437,Noah Brown,1995-01-07,retail,Quebec City,QC,2025-04-18,,True
1600,CUST01438,Amir Jones,1985-07-19,retail,Surrey,BC,2023-12-18,,True
1601,CUST01439,Lisa Singh,1987-05-28,retail,Winnipeg,MB,2024-07-05,,True
1602,CUST01440,Emma Martinez,1979-12-10,retail,Surrey,BC,2024-12-25,,True
1603,CUST01441,Wei Patel,1986-04-02,retail,Calgary,AB,2023-04-24,,True
1604,CUST01442,Nancy Rodriguez,1968-02-22,premium,Toronto,ON,2024-03-03,,True
1605,CUST01443,James Wilson,1979-03-22,premium,Calgary,AB,2024-02-13,,True
1606,CUST01444,David Brown,1979-03-15,retail,Mississauga,ON,2025-09-09,,True
1607,CUST01445,Mary Cote,1993-09-11,retail,Calgary,AB,2024-05-26,,True
1608,CUST01446,Patricia Johnson,1998-04-04,retail,Winnipeg,MB,2025-01-26,,True
1609,CUST01447,Liam Williams,1987-02-14,business,Surrey,BC,2023-11-07,,True
1610,CUST01448,Priya Williams,2001-05-20,retail,Edmonton,AB,2024-06-17,,True
1611,CUST01449,Robert Williams,1978-03-02,premium,Halifax,NS,2025-01-09,,True
1612,CUST01450,Jennifer Wilson,1982-06-30,retail,Edmonton,AB,2024-11-13,,True
1613,CUST01451,Fatima Smith,1986-11-08,retail,Ottawa,ON,2025-05-25,,True
1614,CUST01452,Mary Chan,1989-03-23,retail,Surrey,BC,2023-03-07,,True
1615,CUST01453,Priya Singh,1956-01-09,retail,Vancouver,BC,2023-06-04,,True
1616,CUST01454,Priya Garcia,1957-11-14,premium,Montreal,QC,2025-08-17,,True
1617,CUST01455,Noah Cote,1991-10-13,premium,Calgary,AB,2025-07-13,,True
1618,CUST01456,Sarah Williams,1980-06-26,retail,Ottawa,ON,2025-07-18,,True
1619,CUST01457,Matthew Smith,1950-07-28,retail,Calgary,AB,2025-03-09,,True
1620,CUST01458,David Davis,1979-04-21,retail,Quebec City,QC,2025-12-26,,True
1621,CUST01459,Wei Lee,1963-09-10,premium,Halifax,NS,2024-01-22,,True
1622,CUST01460,James Khan,1953-07-16,business,Quebec City,QC,2023-09-18,,True
1623,CUST01461,Sarah Davis,1977-03-06,retail,Winnipeg,MB,2023-12-01,,True
1624,CUST01462,Michael Lee,1989-06-11,retail,Toronto,ON,2023-09-10,,True
1625,CUST01463,Liam Miller,1989-05-06,retail,Calgary,AB,2025-03-28,,True
1626,CUST01464,Patricia Williams,2001-11-18,retail,Ottawa,ON,2025-11-23,,True
1627,CUST01465,Liam Roy,1978-06-06,premium,Surrey,BC,2025-04-30,,True
1628,CUST01466,Daniel Singh,1990-12-30,retail,Vancouver,BC,2023-02-03,,True
1629,CUST01467,Ava Brown,1977-10-23,retail,Surrey,BC,2023-05-14,,True
1630,CUST01468,Sofia Williams,1984-12-17,retail,Winnipeg,MB,2025-08-23,,True
1631,CUST01469,Sarah Johnson,1965-11-29,premium,Ottawa,ON,2023-01-19,,True
1632,CUST01470,Noah Johnson,1968-10-28,retail,Toronto,ON,2024-08-23,,True
1633,CUST01471,Jennifer Garcia,1966-04-18,business,Montreal,QC,2025-01-17,,True
1634,CUST01472,Anthony Miller,1983-06-25,retail,Unknown,BC,2024-06-27,2024-09-09,False
1635,CUST01472,Anthony Miller,1983-06-25,retail,Edmonton,AB,2024-09-09,,True
1636,CUST01473,Ava Jones,1983-10-29,retail,Calgary,AB,2025-12-11,,True
1637,CUST01474,Linda Williams,1960-02-01,business,Calgary,AB,2025-09-01,,True
1638,CUST01475,Nancy Jones,1950-01-24,premium,Quebec City,QC,2024-09-29,,True
1639,CUST01476,Sarah Cote,1958-08-25,retail,Montreal,QC,2025-09-05,,True
1640,CUST01477,Robert Davis,1962-10-17,retail,Montreal,QC,2024-04-06,,True
1641,CUST01478,Elizabeth Roy,1972-06-27,retail,Mississauga,ON,2024-01-14,,True
1642,CUST01479,Nancy Cote,2001-10-12,retail,Quebec City,QC,2024-06-30,,True
1643,CUST01480,Amir Jones,1953-01-26,premium,Quebec City,QC,2025-02-27,,True
1644,CUST01481,James Jones,1971-05-04,retail,Unknown,MB,2023-11-28,,True
1645,CUST01482,Ava Lee,2001-10-13,retail,Hamilton,ON,2025-04-10,,True
1646,CUST01483,Priya Nguyen,1996-02-27,premium,Mississauga,ON,2024-11-21,,True
1647,CUST01484,Olivia Singh,1958-08-29,retail,Montreal,QC,2024-12-02,,True
1648,CUST01485,Matthew Gagnon,1961-04-29,business,Toronto,ON,2023-07-13,2024-06-18,False
1649,CUST01485,Matthew Gagnon,1961-04-29,retail,Halifax,NS,2024-06-18,,True
1650,CUST01486,Ava Lee,1999-08-22,retail,Vancouver,BC,2023-06-19,,True
1651,CUST01487,Emma Chan,1969-11-26,retail,Hamilton,ON,2023-02-04,,True
1652,CUST01488,Noah Jones,1997-02-07,premium,Quebec City,QC,2023-04-07,,True
1653,CUST01489,Lisa Garcia,1964-11-10,retail,Surrey,BC,2024-04-08,,True
1654,CUST01490,Fatima Kim,1985-12-18,retail,Hamilton,ON,2024-08-30,,True
1655,CUST01491,Anthony Nguyen,1976-11-30,retail,Surrey,BC,2023-01-01,,True
1656,CUST01492,Michael Roy,1955-04-25,business,Quebec City,QC,2025-04-20,,True
1657,CUST01493,Olivia Davis,1987-08-05,premium,Calgary,AB,2025-03-11,,True
1658,CUST01494,Linda Rodriguez,1961-01-28,premium,Ottawa,ON,2023-11-07,,True
1659,CUST01495,Sarah Smith,1977-12-01,retail,Winnipeg,MB,2025-12-09,,True
1660,CUST01496,Amir Nguyen,1998-07-23,premium,Vancouver,BC,2025-07-19,,True
1661,CUST01497,Liam Wilson,1953-09-04,business,Vancouver,BC,2025-02-20,,True
1662,CUST01498,Matthew Tremblay,1993-09-19,premium,Ottawa,ON,2024-08-19,,True
1663,CUST01499,Fatima Roy,1994-05-14,retail,Surrey,BC,2025-06-04,,True
1664,CUST01500,David Rodriguez,1979-07-03,retail,Vancouver,BC,2025-05-09,,True
1665,CUST01501,James Brown,1971-10-12,premium,Halifax,NS,2025-10-10,,True
1666,CUST01502,Noah Singh,2000-09-29,retail,Montreal,QC,2025-02-08,,True
1667,CUST01503,Mary Roy,1958-11-05,retail,Mississauga,ON,2023-07-14,,True
1668,CUST01504,Amir Roy,1953-07-30,premium,Calgary,AB,2024-12-12,,True
1669,CUST01505,Ava Chan,1988-09-27,business,Toronto,ON,2023-02-22,,True
1670,CUST01506,Sarah Brown,1952-07-18,business,Vancouver,BC,2025-07-24,,True
1671,CUST01507,Daniel Lee,1954-04-16,retail,Hamilton,ON,2024-10-26,,True
1672,CUST01508,Olivia Garcia,1999-02-06,retail,Hamilton,ON,2024-10-21,,True
1673,CUST01509,Jennifer Singh,1998-04-15,retail,Mississauga,ON,2024-04-11,,True
1674,CUST01510,John Gagnon,1994-08-10,retail,Calgary,AB,2024-01-17,,True
1675,CUST01511,Anthony Lee,1982-06-06,premium,Surrey,BC,2023-11-23,2024-11-14,False
1676,CUST01511,Anthony Lee,1982-06-06,business,Vancouver,BC,2024-11-14,,True
1677,CUST01512,Sofia Gagnon,2000-03-26,retail,Montreal,QC,2023-12-31,,True
1678,CUST01513,John Roy,1973-08-18,retail,Winnipeg,MB,2023-10-26,,True
1679,CUST01514,Karen Brown,1976-05-14,premium,Halifax,NS,2023-06-18,,True
1680,CUST01515,Linda Khan,1974-07-25,retail,Ottawa,ON,2023-02-23,,True
1681,CUST01516,Linda Davis,1969-05-17,retail,Edmonton,AB,2023-10-25,2024-11-01,False
1682,CUST01516,Linda Davis,1969-05-17,premium,Edmonton,AB,2024-11-01,,True
1683,CUST01517,Matthew Khan,1967-04-01,business,Montreal,QC,2025-04-24,,True
1684,CUST01518,Wei Patel,1982-08-27,retail,Halifax,NS,2024-06-23,,True
1685,CUST01519,Linda Wilson,1962-01-25,retail,Montreal,QC,2024-10-20,,True
1686,CUST01520,Priya Tremblay,1995-07-12,retail,Ottawa,ON,2025-09-01,,True
1687,CUST01521,Linda Lee,1999-09-16,premium,Halifax,NS,2024-04-03,2025-04-14,False
1688,CUST01521,Linda Lee,1999-09-16,retail,Edmonton,AB,2025-04-14,,True
1689,CUST01522,Matthew Williams,1990-03-27,retail,Ottawa,ON,2023-04-28,,True
1690,CUST01523,John Cote,1974-10-08,retail,Surrey,BC,2024-05-31,,True
1691,CUST01524,Anthony Kim,1961-12-18,premium,Halifax,NS,2025-03-22,,True
1692,CUST01525,Amir Martinez,1995-07-28,retail,Surrey,BC,2025-04-13,,True
1693,CUST01526,Sarah Smith,1982-02-24,retail,Quebec City,QC,2023-09-03,2024-05-31,False
1694,CUST01526,Sarah Smith,1982-02-24,retail,Halifax,NS,2024-05-31,,True
1695,CUST01527,Michael Davis,1966-02-02,premium,Quebec City,QC,2024-01-07,,True
1696,CUST01528,Sarah Williams,2001-06-30,business,Mississauga,ON,2025-03-04,,True
1697,CUST01529,Ava Wilson,1981-11-11,retail,Ottawa,ON,2023-12-30,,True
1698,CUST01530,Jennifer Rodriguez,1981-07-05,retail,Calgary,AB,2023-06-17,,True
1699,CUST01531,James Roy,1955-04-23,business,Unknown,ON,2025-02-03,,True
1700,CUST01532,James Smith,1952-06-25,retail,Surrey,BC,2025-02-06,,True
1701,CUST01533,Fatima Singh,1980-12-22,retail,Ottawa,ON,2023-07-18,,True
1702,CUST01534,Wei Garcia,1965-12-04,premium,Edmonton,AB,2025-11-05,,True
1703,CUST01535,Priya Brown,1959-09-02,business,Vancouver,BC,2024-12-15,,True
1704,CUST01536,Patricia Singh,1980-04-08,retail,Hamilton,ON,2025-07-20,,True
1705,CUST01537,Nancy Brown,1980-05-09,retail,Winnipeg,MB,2024-05-19,,True
1706,CUST01538,Michael Patel,1993-02-06,retail,Toronto,ON,2023-07-22,,True
1707,CUST01539,Lisa Tremblay,1996-10-20,premium,Quebec City,QC,2025-03-18,,True
1708,CUST01540,Robert Nguyen,1988-03-31,retail,Hamilton,ON,2025-04-07,2025-07-29,False
1709,CUST01540,Robert Nguyen,1988-03-31,premium,Surrey,BC,2025-07-29,,True
1710,CUST01541,Fatima Patel,1975-10-07,retail,Vancouver,BC,2023-04-23,,True
1711,CUST01542,Elizabeth Tremblay,1998-09-12,business,Halifax,NS,2023-12-22,,True
1712,CUST01543,Mary Martinez,1998-03-31,retail,Calgary,AB,2023-04-18,,True
1713,CUST01544,Lisa Chan,1954-01-05,retail,Ottawa,ON,2024-03-15,,True
1714,CUST01545,Sofia Wilson,1994-06-08,premium,Mississauga,ON,2024-02-28,2024-11-09,False
1715,CUST01545,Sofia Wilson,1994-06-08,business,Hamilton,ON,2024-11-09,,True
1716,CUST01546,Patricia Martinez,1979-09-04,business,Toronto,ON,2023-12-29,,True
1717,CUST01547,Emma Patel,2003-09-19,retail,Toronto,ON,2024-05-19,,True
1718,CUST01548,Amir Tremblay,1977-10-15,premium,Halifax,NS,2024-02-24,,True
1719,CUST01549,Matthew Smith,1983-11-01,premium,Calgary,AB,2024-07-23,,True
1720,CUST01550,David Roy,1985-06-24,retail,Toronto,ON,2023-03-27,,True
1721,CUST01551,Linda Williams,1964-04-04,retail,Winnipeg,MB,2025-09-27,,True
1722,CUST01552,Liam Rodriguez,1985-09-22,premium,Winnipeg,MB,2024-08-06,,True
1723,CUST01553,Patricia Brown,1968-02-19,premium,Calgary,AB,2023-06-27,2023-09-13,False
1724,CUST01553,Patricia Brown,1968-02-19,retail,Edmonton,AB,2023-09-13,,True
1725,CUST01554,Patricia Davis,1966-07-20,premium,Toronto,ON,2023-06-21,,True
1726,CUST01555,Fatima Lee,1989-08-28,premium,Edmonton,AB,2023-03-26,,True
1727,CUST01556,Noah Miller,2001-01-11,retail,Halifax,NS,2023-01-30,,True
1728,CUST01557,Jennifer Lee,1955-01-24,retail,Edmonton,AB,2025-03-12,,True
1729,CUST01558,Linda Garcia,1989-05-16,retail,Winnipeg,MB,2023-02-21,,True
1730,CUST01559,Lisa Martinez,1999-02-01,retail,Montreal,QC,2024-10-12,,True
1731,CUST01560,Priya Smith,1978-11-10,premium,Quebec City,QC,2025-01-28,,True
1732,CUST01561,James Patel,1984-10-07,retail,Toronto,ON,2023-09-03,2024-08-07,False
1733,CUST01561,James Patel,1984-10-07,retail,Mississauga,ON,2024-08-07,,True
1734,CUST01562,Emma Singh,1975-05-05,retail,Quebec City,QC,2025-03-03,,True
1735,CUST01563,Fatima Rodriguez,1990-10-26,business,Surrey,BC,2025-09-08,,True
1736,CUST01564,Daniel Davis,1965-08-23,retail,Ottawa,ON,2025-03-06,,True
1737,CUST01565,James Kim,1991-04-07,retail,Vancouver,BC,2025-04-20,,True
1738,CUST01566,Karen Jones,1986-05-29,retail,Winnipeg,MB,2025-05-12,,True
1739,CUST01567,Karen Nguyen,1985-10-14,retail,Surrey,BC,2023-09-30,,True
1740,CUST01568,Michael Tremblay,1982-08-09,business,Hamilton,ON,2025-08-06,,True
1741,CUST01569,Chen Martinez,1992-03-09,retail,Hamilton,ON,2023-08-11,,True
1742,CUST01570,Noah Roy,1969-06-26,retail,Calgary,AB,2024-11-22,,True
1743,CUST01571,Lisa Kim,1952-02-21,business,Ottawa,ON,2024-02-27,,True
1744,CUST01572,Liam Cote,1986-01-20,premium,Quebec City,QC,2024-02-10,,True
1745,CUST01573,Liam Jones,1997-08-08,retail,Edmonton,AB,2023-03-14,2023-05-17,False
1746,CUST01573,Liam Jones,1997-08-08,retail,Toronto,ON,2023-05-17,,True
1747,CUST01574,John Wilson,1963-07-06,retail,Surrey,BC,2024-03-12,,True
1748,CUST01575,Sarah Tremblay,1965-09-20,retail,Edmonton,AB,2024-08-16,,True
1749,CUST01576,Robert Garcia,1986-10-03,retail,Calgary,AB,2023-11-21,,True
1750,CUST01577,David Davis,1963-02-27,retail,Mississauga,ON,2025-06-30,,True
1751,CUST01578,Anthony Patel,1951-10-16,retail,Edmonton,AB,2025-01-12,,True
1752,CUST01579,James Singh,1980-06-25,retail,Winnipeg,MB,2023-06-24,2024-01-23,False
1753,CUST01579,James Singh,1980-06-25,retail,Winnipeg,MB,2024-01-23,,True
1754,CUST01580,Robert Brown,1978-10-09,retail,Winnipeg,MB,2024-08-21,2025-08-24,False
1755,CUST01580,Robert Brown,1978-10-09,retail,Edmonton,AB,2025-08-24,,True
1756,CUST01581,Wei Kim,1972-09-02,retail,Ottawa,ON,2024-01-29,,True
1757,CUST01582,James Singh,1954-09-01,business,Surrey,BC,2024-05-04,,True
1758,CUST01583,Sarah Johnson,1991-02-05,premium,Vancouver,BC,2023-06-14,,True
1759,CUST01584,Fatima Smith,1977-02-27,retail,Halifax,NS,2025-02-18,,True
1760,CUST01585,Sofia Cote,1980-02-11,retail,Vancouver,BC,2025-01-21,,True
1761,CUST01586,Matthew Wilson,1973-06-20,business,Ottawa,ON,2024-01-31,,True
1762,CUST01587,Amir Williams,1995-08-25,business,Winnipeg,MB,2023-08-21,,True
1763,CUST01588,Linda Williams,1963-10-26,retail,Ottawa,ON,2024-04-30,2024-07-05,False
1764,CUST01588,Linda Williams,1963-10-26,premium,Halifax,NS,2024-07-05,,True
1765,CUST01589,Ava Roy,1991-05-04,retail,Mississauga,ON,2024-11-08,,True
1766,CUST01590,Robert Miller,1966-08-25,business,Halifax,NS,2023-07-07,,True
1767,CUST01591,Amir Davis,1957-02-15,retail,Hamilton,ON,2025-03-03,,True
1768,CUST01592,Michael Singh,1992-02-05,premium,Quebec City,QC,2024-08-12,,True
1769,CUST01593,Nancy Garcia,1965-10-11,retail,Montreal,QC,2024-02-09,,True
1770,CUST01594,Michael Brown,1966-11-19,premium,Halifax,NS,2024-01-19,,True
1771,CUST01595,Karen Gagnon,1986-12-27,retail,Quebec City,QC,2025-11-03,,True
1772,CUST01596,Daniel Davis,1972-07-30,retail,Montreal,QC,2024-07-30,2025-03-23,False
1773,CUST01596,Daniel Davis,1972-07-30,retail,Halifax,NS,2025-03-23,,True
1774,CUST01597,Noah Kim,1990-01-03,retail,Mississauga,ON,2023-01-25,,True
1775,CUST01598,Noah Lee,1955-11-29,retail,Halifax,NS,2024-06-21,,True
1776,CUST01599,Olivia Singh,1993-11-17,retail,Surrey,BC,2024-10-03,,True
1777,CUST01600,Jennifer Johnson,1991-09-18,retail,Halifax,NS,2025-08-03,,True
1778,CUST01601,Karen Nguyen,1962-09-30,retail,Unknown,AB,2025-02-28,2025-10-08,False
1779,CUST01601,Karen Nguyen,1962-09-30,business,Calgary,AB,2025-10-08,,True
1780,CUST01602,Chen Jones,1988-12-20,retail,Calgary,AB,2023-12-20,,True
1781,CUST01603,James Patel,1980-04-06,retail,Edmonton,AB,2024-02-10,,True
1782,CUST01604,Ava Khan,1993-08-25,retail,Vancouver,BC,2025-10-19,,True
1783,CUST01605,Amir Johnson,1956-01-02,business,Surrey,BC,2024-10-24,2025-09-14,False
1784,CUST01605,Amir Johnson,1956-01-02,premium,Edmonton,AB,2025-09-14,,True
1785,CUST01606,Matthew Singh,1964-03-25,business,Toronto,ON,2024-11-24,,True
1786,CUST01607,Patricia Roy,1980-08-08,retail,Ottawa,ON,2025-02-03,,True
1787,CUST01608,Anthony Williams,1987-05-31,retail,Toronto,ON,2024-05-19,,True
1788,CUST01609,Ava Wilson,1992-09-20,business,Winnipeg,MB,2024-07-28,,True
1789,CUST01610,Michael Jones,2001-05-05,premium,Surrey,BC,2024-04-13,,True
1790,CUST01611,Linda Singh,1951-09-28,retail,Quebec City,QC,2024-10-03,,True
1791,CUST01612,Fatima Wilson,1991-07-06,retail,Mississauga,ON,2024-06-28,,True
1792,CUST01613,Noah Rodriguez,1955-04-19,retail,Halifax,NS,2025-08-28,,True
1793,CUST01614,Emma Roy,1974-06-21,retail,Edmonton,AB,2024-10-17,,True
1794,CUST01615,Michael Gagnon,2003-08-12,business,Hamilton,ON,2023-09-04,,True
1795,CUST01616,Lisa Chan,1983-09-26,retail,Vancouver,BC,2025-05-16,,True
1796,CUST01617,Michael Jones,1987-10-23,retail,Vancouver,BC,2023-06-11,,True
1797,CUST01618,Nancy Gagnon,2003-04-12,retail,Calgary,AB,2025-06-28,,True
1798,CUST01619,David Miller,1975-07-20,retail,Halifax,NS,2023-11-30,2024-02-24,False
1799,CUST01619,David Miller,1975-07-20,premium,Surrey,BC,2024-02-24,,True
1800,CUST01620,Daniel Jones,1983-08-24,premium,Surrey,BC,2023-02-22,,True
1801,CUST01621,Sarah Roy,1979-01-26,retail,Toronto,ON,2023-03-22,,True
1802,CUST01622,Robert Singh,1962-07-21,business,Mississauga,ON,2023-11-07,,True
1803,CUST01623,John Lee,1987-01-08,retail,Surrey,BC,2024-12-04,,True
1804,CUST01624,Lisa Kim,1963-11-27,premium,Winnipeg,MB,2023-07-03,2024-01-12,False
1805,CUST01624,Lisa Kim,1963-11-27,retail,Hamilton,ON,2024-01-12,,True
1806,CUST01625,Chen Cote,1970-03-26,retail,Montreal,QC,2025-09-07,,True
1807,CUST01626,Robert Jones,1984-10-07,retail,Montreal,QC,2025-03-21,,True
1808,CUST01627,Amir Kim,1967-12-15,retail,Montreal,QC,2023-03-15,2024-05-07,False
1809,CUST01627,Amir Kim,1967-12-15,premium,Mississauga,ON,2024-05-07,,True
1810,CUST01628,Daniel Chan,1963-08-30,retail,Ottawa,ON,2023-01-16,,True
1811,CUST01629,Priya Lee,1968-02-01,retail,Montreal,QC,2024-06-08,,True
1812,CUST01630,Patricia Gagnon,1989-12-21,retail,Vancouver,BC,2025-11-14,,True
1813,CUST01631,Olivia Brown,1968-06-11,business,Halifax,NS,2024-02-14,,True
1814,CUST01632,Sofia Cote,1977-03-20,premium,Hamilton,ON,2025-01-09,,True
1815,CUST01633,Emma Rodriguez,1977-10-20,retail,Hamilton,ON,2023-01-26,,True
1816,CUST01634,Anthony Patel,1985-01-21,retail,Halifax,NS,2023-12-05,,True
1817,CUST01635,Olivia Cote,1959-08-16,retail,Hamilton,ON,2023-01-01,,True
1818,CUST01636,David Smith,2000-12-19,retail,Vancouver,BC,2023-11-23,,True
1819,CUST01637,Matthew Lee,1952-01-04,retail,Mississauga,ON,2024-09-01,,True
1820,CUST01638,David Nguyen,1952-09-22,retail,Hamilton,ON,2025-09-02,,True
1821,CUST01639,Nancy Tremblay,1974-03-25,retail,Halifax,NS,2023-02-16,,True
1822,CUST01640,Robert Miller,1983-11-11,retail,Mississauga,ON,2023-03-03,,True
1823,CUST01641,Jennifer Smith,1955-08-27,premium,Quebec City,QC,2024-07-29,,True
1824,CUST01642,David Smith,1966-11-15,retail,Winnipeg,MB,2024-04-25,,True
1825,CUST01643,Mary Tremblay,1993-10-30,retail,Calgary,AB,2024-04-19,,True
1826,CUST01644,John Roy,1992-05-22,retail,Surrey,BC,2023-12-02,,True
1827,CUST01645,Priya Jones,1981-02-10,premium,Surrey,BC,2025-04-13,,True
1828,CUST01646,Daniel Martinez,1994-05-14,premium,Ottawa,ON,2025-04-15,,True
1829,CUST01647,Robert Wilson,1990-06-10,retail,Surrey,BC,2023-12-03,,True
1830,CUST01648,Chen Jones,1964-04-21,retail,Quebec City,QC,2023-10-13,,True
1831,CUST01649,Karen Williams,1994-12-25,premium,Calgary,AB,2023-03-27,,True
1832,CUST01650,Priya Cote,1980-01-17,premium,Ottawa,ON,2025-09-28,,True
1833,CUST01651,Priya Patel,1985-03-29,retail,Montreal,QC,2024-03-24,,True
1834,CUST01652,Patricia Davis,1963-12-21,retail,Winnipeg,MB,2024-01-21,,True
1835,CUST01653,Olivia Brown,1956-06-24,retail,Edmonton,AB,2024-09-19,,True
1836,CUST01654,Priya Gagnon,1967-02-19,business,Mississauga,ON,2023-02-18,,True
1837,CUST01655,Emma Cote,1990-08-09,retail,Mississauga,ON,2023-09-01,,True
1838,CUST01656,Sofia Roy,1983-08-21,retail,Vancouver,BC,2024-03-02,,True
1839,CUST01657,Chen Roy,1994-01-30,retail,Quebec City,QC,2023-03-06,,True
1840,CUST01658,Anthony Patel,1987-12-04,premium,Montreal,QC,2024-12-19,,True
1841,CUST01659,Karen Johnson,1957-10-16,premium,Edmonton,AB,2025-08-30,,True
1842,CUST01660,Emma Gagnon,1980-04-08,retail,Mississauga,ON,2024-05-09,,True
1843,CUST01661,Priya Nguyen,1958-07-09,retail,Hamilton,ON,2023-01-22,,True
1844,CUST01662,James Chan,1966-04-05,retail,Edmonton,AB,2025-08-06,,True
1845,CUST01663,Priya Gagnon,2002-07-17,retail,Halifax,NS,2023-08-29,,True
1846,CUST01664,Elizabeth Garcia,1979-09-25,retail,Toronto,ON,2025-05-23,,True
1847,CUST01665,Michael Singh,1984-09-30,retail,Edmonton,AB,2023-12-28,,True
1848,CUST01666,Sarah Cote,1970-07-10,premium,Quebec City,QC,2025-06-29,2025-11-20,False
1849,CUST01666,Sarah Cote,1970-07-10,retail,Ottawa,ON,2025-11-20,,True
1850,CUST01667,Fatima Tremblay,1982-11-24,retail,Toronto,ON,2025-05-30,,True
1851,CUST01668,Chen Khan,1953-01-03,retail,Mississauga,ON,2024-07-25,2024-11-06,False
1852,CUST01668,Chen Khan,1953-01-03,business,Vancouver,BC,2024-11-06,,True
1853,CUST01669,Amir Lee,1971-10-28,retail,Edmonton,AB,2023-10-09,,True
1854,CUST01670,Amir Miller,1998-12-23,retail,Edmonton,AB,2025-02-03,,True
1855,CUST01671,Amir Garcia,2000-03-18,retail,Quebec City,QC,2023-03-23,2024-05-15,False
1856,CUST01671,Amir Garcia,2000-03-18,retail,Calgary,AB,2024-05-15,,True
1857,CUST01672,Mary Chan,1973-11-08,retail,Toronto,ON,2025-12-22,,True
1858,CUST01673,Ava Singh,1992-08-04,retail,Hamilton,ON,2025-09-06,,True
1859,CUST01674,Chen Gagnon,1956-05-12,premium,Montreal,QC,2023-10-27,2025-01-18,False
1860,CUST01674,Chen Gagnon,1956-05-12,retail,Mississauga,ON,2025-01-18,,True
1861,CUST01675,John Tremblay,1987-02-05,retail,Ottawa,ON,2025-01-10,,True
1862,CUST01676,Noah Kim,1985-05-28,premium,Toronto,ON,2023-02-26,,True
1863,CUST01677,Nancy Roy,1961-06-04,premium,Hamilton,ON,2025-09-08,,True
1864,CUST01678,Chen Gagnon,1996-10-06,retail,Ottawa,ON,2024-08-12,,True
1865,CUST01679,Matthew Williams,1963-01-22,retail,Montreal,QC,2023-03-23,,True
1866,CUST01680,Olivia Wilson,1979-05-07,premium,Vancouver,BC,2024-09-23,,True
1867,CUST01681,Noah Tremblay,2003-10-09,retail,Halifax,NS,2023-10-09,,True
1868,CUST01682,Sarah Khan,1955-08-25,retail,Montreal,QC,2024-05-30,,True
1869,CUST01683,Fatima Chan,1979-01-31,retail,Hamilton,ON,2024-05-05,,True
1870,CUST01684,Emma Wilson,1974-12-27,retail,Montreal,QC,2024-06-24,,True
1871,CUST01685,Fatima Jones,1982-06-07,retail,Halifax,NS,2024-10-19,,True
1872,CUST01686,Patricia Martinez,2003-08-30,retail,Winnipeg,MB,2024-11-21,,True
1873,CUST01687,Linda Patel,2000-12-22,premium,Edmonton,AB,2025-07-29,,True
1874,CUST01688,David Brown,1985-04-07,premium,Calgary,AB,2023-01-07,,True
1875,CUST01689,Anthony Nguyen,1974-11-10,retail,Montreal,QC,2025-11-12,,True
1876,CUST01690,Chen Singh,1989-03-22,retail,Quebec City,QC,2025-03-03,,True
1877,CUST01691,Olivia Johnson,1974-11-19,premium,Toronto,ON,2023-08-09,,True
1878,CUST01692,Liam Cote,2000-10-30,retail,Calgary,AB,2023-05-03,,True
1879,CUST01693,David Martinez,1969-10-11,retail,Calgary,AB,2024-06-30,,True
1880,CUST01694,James Khan,1969-09-22,retail,Quebec City,QC,2023-12-18,,True
1881,CUST01695,Fatima Smith,1974-03-14,retail,Ottawa,ON,2025-09-22,,True
1882,CUST01696,Linda Nguyen,1965-07-27,retail,Unknown,QC,2024-03-27,,True
1883,CUST01697,Matthew Tremblay,1990-01-10,premium,Quebec City,QC,2024-03-13,,True
1884,CUST01698,Nancy Nguyen,1984-06-29,premium,Ottawa,ON,2025-02-17,,True
1885,CUST01699,Amir Singh,1997-01-02,premium,Calgary,AB,2024-12-02,,True
1886,CUST01700,Emma Nguyen,1962-12-19,retail,Quebec City,QC,2023-06-08,,True
1887,CUST01701,Olivia Patel,1981-09-10,retail,Hamilton,ON,2025-04-09,,True
1888,CUST01702,Karen Roy,2000-07-15,business,Edmonton,AB,2024-05-14,,True
1889,CUST01703,James Patel,1984-03-06,retail,Quebec City,QC,2023-02-11,,True
1890,CUST01704,John Kim,1974-02-22,retail,Vancouver,BC,2025-01-20,,True
1891,CUST01705,Linda Tremblay,1997-08-19,retail,Winnipeg,MB,2024-02-05,,True
1892,CUST01706,Noah Davis,1964-03-30,premium,Mississauga,ON,2023-07-09,,True
1893,CUST01707,Lisa Rodriguez,1962-09-16,retail,Edmonton,AB,2025-06-11,,True
1894,CUST01708,Elizabeth Garcia,1958-04-12,retail,Montreal,QC,2023-04-17,,True
1895,CUST01709,Ava Garcia,1987-12-22,retail,Vancouver,BC,2023-12-10,,True
1896,CUST01710,Sofia Williams,1974-02-20,premium,Mississauga,ON,2024-01-02,,True
1897,CUST01711,Daniel Garcia,1966-10-05,retail,Ottawa,ON,2024-05-18,,True
1898,CUST01712,David Chan,1955-02-06,retail,Toronto,ON,2025-03-17,,True
1899,CUST01713,Robert Davis,2001-06-26,premium,Quebec City,QC,2024-07-25,,True
1900,CUST01714,Sofia Davis,1953-10-17,retail,Ottawa,ON,2023-05-18,,True
1901,CUST01715,Lisa Singh,1999-05-16,premium,Winnipeg,MB,2025-04-07,,True
1902,CUST01716,Lisa Lee,1986-05-09,retail,Quebec City,QC,2024-05-29,,True
1903,CUST01717,Anthony Jones,2003-10-24,retail,Toronto,ON,2025-01-22,,True
1904,CUST01718,Karen Patel,1978-03-22,retail,Unknown,BC,2025-09-24,,True
1905,CUST01719,Chen Jones,1962-07-19,premium,Edmonton,AB,2024-09-10,,True
1906,CUST01720,Nancy Rodriguez,1991-09-26,retail,Edmonton,AB,2025-01-30,,True
1907,CUST01721,Mary Davis,1959-02-01,premium,Ottawa,ON,2024-08-28,,True
1908,CUST01722,Chen Kim,1981-10-30,retail,Mississauga,ON,2025-11-15,,True
1909,CUST01723,Ava Singh,1967-05-11,retail,Mississauga,ON,2024-09-27,,True
1910,CUST01724,Robert Khan,1995-09-17,retail,Vancouver,BC,2024-03-23,,True
1911,CUST01725,Sarah Roy,1979-04-19,retail,Edmonton,AB,2024-08-06,,True
1912,CUST01726,Nancy Singh,1953-03-30,premium,Calgary,AB,2025-11-02,,True
1913,CUST01727,Karen Wilson,1973-12-18,premium,Winnipeg,MB,2023-10-22,2024-07-04,False
1914,CUST01727,Karen Wilson,1973-12-18,retail,Vancouver,BC,2024-07-04,,True
1915,CUST01728,Mary Johnson,1961-12-05,retail,Vancouver,BC,2024-02-03,,True
1916,CUST01729,Robert Kim,1968-11-23,retail,Montreal,QC,2023-01-02,2024-03-09,False
1917,CUST01729,Robert Kim,1968-11-23,premium,Edmonton,AB,2024-03-09,,True
1918,CUST01730,Linda Nguyen,1994-04-10,business,Ottawa,ON,2023-08-22,,True
1919,CUST01731,Fatima Lee,1973-02-25,business,Edmonton,AB,2024-11-08,,True
1920,CUST01732,Amir Tremblay,2003-04-12,retail,Unknown,QC,2024-05-17,,True
1921,CUST01733,Sarah Chan,1986-04-23,retail,Vancouver,BC,2023-04-16,,True
1922,CUST01734,Patricia Jones,1969-08-23,retail,Montreal,QC,2024-05-24,2025-04-26,False
1923,CUST01734,Patricia Jones,1969-08-23,retail,Montreal,QC,2025-04-26,,True
1924,CUST01735,Liam Patel,1976-10-31,retail,Calgary,AB,2023-06-16,,True
1925,CUST01736,Amir Williams,1955-02-08,business,Surrey,BC,2025-06-11,,True
1926,CUST01737,James Wilson,1971-02-22,retail,Surrey,BC,2025-09-23,,True
1927,CUST01738,Wei Miller,1971-02-04,retail,Calgary,AB,2024-08-09,,True
1928,CUST01739,Fatima Wilson,1957-06-08,retail,Quebec City,QC,2023-07-26,2024-06-26,False
1929,CUST01739,Fatima Wilson,1957-06-08,retail,Calgary,AB,2024-06-26,,True
1930,CUST01740,John Gagnon,1950-03-10,business,Ottawa,ON,2025-08-23,,True
1931,CUST01741,Daniel Cote,1982-01-19,business,Winnipeg,MB,2023-06-29,,True
1932,CUST01742,Mary Tremblay,1950-01-07,business,Mississauga,ON,2024-01-29,,True
1933,CUST01743,Anthony Brown,1997-03-13,retail,Vancouver,BC,2023-05-27,2024-05-31,False
1934,CUST01743,Anthony Brown,1997-03-13,retail,Vancouver,BC,2024-05-31,,True
1935,CUST01744,Noah Chan,1970-01-29,retail,Mississauga,ON,2024-08-04,,True
1936,CUST01745,Sofia Singh,1995-08-27,retail,Edmonton,AB,2024-09-19,,True
1937,CUST01746,Olivia Davis,1968-11-21,retail,Vancouver,BC,2024-05-07,2024-08-05,False
1938,CUST01746,Olivia Davis,1968-11-21,business,Quebec City,QC,2024-08-05,,True
1939,CUST01747,Robert Brown,1956-08-03,retail,Edmonton,AB,2024-08-01,,True
1940,CUST01748,Sofia Singh,1999-07-14,retail,Calgary,AB,2024-09-11,,True
1941,CUST01749,Mary Lee,1980-12-16,retail,Ottawa,ON,2023-05-16,,True
1942,CUST01750,Karen Garcia,1985-08-29,retail,Edmonton,AB,2024-10-24,,True
1943,CUST01751,Sofia Kim,2000-10-30,retail,Winnipeg,MB,2024-01-12,,True
1944,CUST01752,Matthew Williams,1980-01-06,premium,Edmonton,AB,2023-10-31,,True
1945,CUST01753,Anthony Rodriguez,1987-06-28,premium,Hamilton,ON,2023-03-20,,True
1946,CUST01754,Olivia Roy,1959-05-21,retail,Surrey,BC,2025-09-15,,True
1947,CUST01755,Robert Wilson,1995-04-22,retail,Winnipeg,MB,2024-07-14,,True
1948,CUST01756,Fatima Roy,1953-07-15,retail,Hamilton,ON,2025-07-20,,True
1949,CUST01757,Noah Nguyen,1951-08-11,retail,Toronto,ON,2025-04-14,,True
1950,CUST01758,Matthew Nguyen,1978-04-11,retail,Quebec City,QC,2024-04-01,,True
1951,CUST01759,Mary Davis,1972-10-19,business,Winnipeg,MB,2025-03-19,,True
1952,CUST01760,Nancy Davis,1954-04-15,retail,Calgary,AB,2023-06-05,,True
1953,CUST01761,Priya Kim,1977-06-21,retail,Toronto,ON,2023-04-15,,True
1954,CUST01762,Priya Martinez,1984-11-25,premium,Mississauga,ON,2024-11-03,2025-08-09,False
1955,CUST01762,Priya Martinez,1984-11-25,retail,Mississauga,ON,2025-08-09,,True
1956,CUST01763,Linda Singh,1973-03-01,retail,Toronto,ON,2023-12-13,,True
1957,CUST01764,Matthew Miller,1958-10-04,retail,Halifax,NS,2024-08-14,,True
1958,CUST01765,John Williams,1950-04-20,premium,Ottawa,ON,2024-05-05,,True
1959,CUST01766,David Garcia,1980-04-13,premium,Mississauga,ON,2023-09-06,,True
1960,CUST01767,Lisa Brown,1974-12-20,retail,Edmonton,AB,2023-06-20,,True
1961,CUST01768,Olivia Miller,1951-08-21,business,Montreal,QC,2023-06-26,,True
1962,CUST01769,Lisa Khan,1981-07-11,retail,Hamilton,ON,2023-03-03,,True
1963,CUST01770,Patricia Chan,1967-01-22,retail,Calgary,AB,2025-09-17,,True
1964,CUST01771,Linda Cote,1991-01-28,retail,Edmonton,AB,2025-03-04,,True
1965,CUST01772,Mary Nguyen,1981-11-20,retail,Hamilton,ON,2023-02-05,,True
1966,CUST01773,Matthew Smith,1957-08-24,premium,Surrey,BC,2023-10-02,,True
1967,CUST01774,Patricia Tremblay,1999-08-31,retail,Ottawa,ON,2024-11-28,,True
1968,CUST01775,Chen Wilson,1988-03-09,retail,Hamilton,ON,2024-08-23,,True
1969,CUST01776,Amir Jones,1984-01-21,retail,Halifax,NS,2023-11-10,,True
1970,CUST01777,Lisa Lee,1976-11-24,retail,Mississauga,ON,2025-04-13,,True
1971,CUST01778,Sofia Williams,2003-10-15,business,Ottawa,ON,2023-07-25,,True
1972,CUST01779,Sarah Wilson,1969-01-17,retail,Mississauga,ON,2023-06-11,,True
1973,CUST01780,Priya Khan,1999-04-01,premium,Mississauga,ON,2024-08-31,2025-05-24,False
1974,CUST01780,Priya Khan,1999-04-01,retail,Toronto,ON,2025-05-24,,True
1975,CUST01781,Matthew Williams,1954-09-02,retail,Winnipeg,MB,2023-10-08,,True
1976,CUST01782,Patricia Singh,1982-05-26,retail,Toronto,ON,2025-04-11,,True
1977,CUST01783,Priya Davis,1966-08-11,retail,Unknown,ON,2023-08-01,,True
1978,CUST01784,Sofia Jones,1995-09-23,premium,Unknown,ON,2024-05-03,,True
1979,CUST01785,David Tremblay,1966-10-29,premium,Halifax,NS,2025-10-05,,True
1980,CUST01786,Amir Patel,1976-04-05,premium,Hamilton,ON,2024-12-06,,True
1981,CUST01787,Wei Martinez,1961-03-08,retail,Vancouver,BC,2025-05-10,2025-09-05,False
1982,CUST01787,Wei Martinez,1961-03-08,premium,Calgary,AB,2025-09-05,,True
1983,CUST01788,Liam Rodriguez,1966-07-17,retail,Halifax,NS,2023-09-03,,True
1984,CUST01789,Linda Davis,1956-06-23,retail,Halifax,NS,2025-03-19,,True
1985,CUST01790,Wei Smith,1959-12-09,retail,Winnipeg,MB,2023-01-29,,True
1986,CUST01791,Robert Gagnon,1979-03-03,premium,Mississauga,ON,2025-04-21,,True
1987,CUST01792,Amir Miller,1984-12-01,retail,Winnipeg,MB,2024-12-24,,True
1988,CUST01793,Linda Singh,1989-03-31,business,Edmonton,AB,2023-04-11,,True
1989,CUST01794,Olivia Johnson,1975-12-08,retail,Halifax,NS,2024-02-22,2024-09-12,False
1990,CUST01794,Olivia Johnson,1975-12-08,retail,Ottawa,ON,2024-09-12,,True
1991,CUST01795,James Singh,1990-10-08,retail,Montreal,QC,2024-12-13,,True
1992,CUST01796,Ava Rodriguez,1974-03-11,business,Edmonton,AB,2023-11-25,2025-02-26,False
1993,CUST01796,Ava Rodriguez,1974-03-11,premium,Hamilton,ON,2025-02-26,,True
1994,CUST01797,Karen Davis,1962-12-25,retail,Montreal,QC,2023-08-13,,True
1995,CUST01798,Patricia Rodriguez,1977-10-31,retail,Winnipeg,MB,2025-04-06,,True
1996,CUST01799,Linda Martinez,1999-11-17,premium,Vancouver,BC,2025-12-21,,True
1997,CUST01800,James Jones,1999-09-10,retail,Unknown,ON,2025-05-09,,True
1998,CUST01801,Patricia Martinez,1972-07-14,premium,Halifax,NS,2024-07-10,,True
1999,CUST01802,Fatima Tremblay,1984-02-01,retail,Quebec City,QC,2025-08-24,,True
2000,CUST01803,Ava Wilson,1971-08-21,retail,Surrey,BC,2025-12-26,,True
2001,CUST01804,James Williams,1962-04-17,retail,Mississauga,ON,2024-04-18,,True
2002,CUST01805,Priya Williams,1999-03-20,retail,Mississauga,ON,2025-06-22,,True
2003,CUST01806,Daniel Brown,2002-09-16,retail,Toronto,ON,2025-04-17,,True
2004,CUST01807,Nancy Miller,1971-03-28,retail,Mississauga,ON,2023-09-01,,True
2005,CUST01808,Liam Gagnon,1974-11-10,retail,Hamilton,ON,2023-12-09,2025-04-13,False
2006,CUST01808,Liam Gagnon,1974-11-10,premium,Edmonton,AB,2025-04-13,,True
2007,CUST01809,Michael Kim,1995-03-11,retail,Surrey,BC,2024-04-14,,True
2008,CUST01810,Daniel Lee,1964-09-27,retail,Edmonton,AB,2023-02-25,,True
2009,CUST01811,Amir Rodriguez,1964-01-31,retail,Hamilton,ON,2024-04-24,,True
2010,CUST01812,Michael Miller,1955-07-01,retail,Ottawa,ON,2025-07-09,,True
2011,CUST01813,Michael Lee,1976-11-17,premium,Winnipeg,MB,2025-06-03,,True
2012,CUST01814,Anthony Patel,1953-02-25,retail,Toronto,ON,2025-12-27,,True
2013,CUST01815,John Garcia,1987-03-28,retail,Hamilton,ON,2023-08-11,,True
2014,CUST01816,Sofia Chan,1997-08-17,retail,Halifax,NS,2024-11-06,,True
2015,CUST01817,Priya Cote,1990-04-15,retail,Quebec City,QC,2025-05-20,,True
2016,CUST01818,Sarah Rodriguez,1951-10-19,retail,Quebec City,QC,2024-02-06,,True
2017,CUST01819,John Tremblay,1961-05-17,premium,Mississauga,ON,2023-04-21,,True
2018,CUST01820,Patricia Khan,2002-02-04,retail,Edmonton,AB,2023-10-04,,True
2019,CUST01821,Olivia Jones,1995-08-12,business,Hamilton,ON,2023-06-01,,True
2020,CUST01822,Priya Williams,1999-03-31,retail,Vancouver,BC,2023-10-06,,True
2021,CUST01823,Emma Miller,1969-10-13,premium,Ottawa,ON,2023-07-03,2024-09-04,False
2022,CUST01823,Emma Miller,1969-10-13,premium,Winnipeg,MB,2024-09-04,,True
2023,CUST01824,Liam Wilson,1974-10-16,retail,Edmonton,AB,2024-11-22,,True
2024,CUST01825,Noah Cote,1952-09-21,retail,Halifax,NS,2023-06-21,,True
2025,CUST01826,Wei Williams,1993-02-18,retail,Mississauga,ON,2023-07-21,,True
2026,CUST01827,Mary Gagnon,1952-04-26,business,Halifax,NS,2023-11-03,,True
2027,CUST01828,Olivia Chan,1976-03-17,retail,Winnipeg,MB,2024-06-18,2025-07-25,False
2028,CUST01828,Olivia Chan,1976-03-17,premium,Quebec City,QC,2025-07-25,,True
2029,CUST01829,Elizabeth Singh,1956-11-15,business,Montreal,QC,2023-11-05,,True
2030,CUST01830,Olivia Johnson,1953-08-16,retail,Unknown,BC,2025-11-04,,True
2031,CUST01831,James Cote,1983-11-26,premium,Vancouver,BC,2024-12-08,,True
2032,CUST01832,David Chan,2000-07-05,retail,Ottawa,ON,2023-09-09,,True
2033,CUST01833,Linda Wilson,1982-11-08,retail,Surrey,BC,2024-09-27,,True
2034,CUST01834,Mary Khan,1992-02-23,retail,Halifax,NS,2023-04-19,,True
2035,CUST01835,Fatima Khan,1951-07-11,retail,Edmonton,AB,2025-12-12,,True
2036,CUST01836,Mary Brown,1997-06-03,retail,Calgary,AB,2023-09-12,,True
2037,CUST01837,David Gagnon,1965-12-02,retail,Halifax,NS,2025-08-28,,True
2038,CUST01838,Karen Miller,1985-11-10,retail,Montreal,QC,2024-07-02,2025-03-23,False
2039,CUST01838,Karen Miller,1985-11-10,premium,Quebec City,QC,2025-03-23,,True
2040,CUST01839,Liam Garcia,1977-08-03,retail,Unknown,QC,2025-04-14,,True
2041,CUST01840,Noah Jones,1997-05-26,premium,Surrey,BC,2025-06-01,,True
2042,CUST01841,John Nguyen,1976-02-29,premium,Toronto,ON,2025-03-09,,True
2043,CUST01842,Elizabeth Johnson,1970-07-21,retail,Ottawa,ON,2025-01-25,,True
2044,CUST01843,Ava Smith,1983-11-06,retail,Winnipeg,MB,2024-09-22,,True
2045,CUST01844,Wei Chan,1952-01-08,business,Montreal,QC,2024-04-07,,True
2046,CUST01845,Lisa Chan,1974-09-17,premium,Ottawa,ON,2024-11-10,,True
2047,CUST01846,Sofia Johnson,1953-05-15,retail,Winnipeg,MB,2024-08-16,,True
2048,CUST01847,Linda Miller,1981-11-08,retail,Hamilton,ON,2024-02-02,,True
2049,CUST01848,Sofia Brown,1962-09-08,premium,Calgary,AB,2023-07-29,,True
2050,CUST01849,Nancy Brown,1967-10-27,retail,Montreal,QC,2024-05-08,,True
2051,CUST01850,Michael Jones,1970-04-02,retail,Calgary,AB,2023-03-22,,True
2052,CUST01851,John Roy,1979-05-18,retail,Montreal,QC,2025-03-08,,True
2053,CUST01852,Noah Khan,1950-10-02,premium,Halifax,NS,2023-01-22,2024-05-11,False
2054,CUST01852,Noah Khan,1950-10-02,premium,Toronto,ON,2024-05-11,,True
2055,CUST01853,Sarah Kim,2003-07-30,retail,Mississauga,ON,2025-12-08,,True
2056,CUST01854,Anthony Gagnon,1975-06-13,retail,Halifax,NS,2023-09-03,,True
2057,CUST01855,Fatima Cote,1981-01-08,retail,Hamilton,ON,2023-10-02,,True
2058,CUST01856,Olivia Brown,2001-08-03,retail,Montreal,QC,2024-08-10,,True
2059,CUST01857,Lisa Singh,2002-08-16,premium,Surrey,BC,2023-10-13,,True
2060,CUST01858,Liam Garcia,1995-05-20,retail,Hamilton,ON,2023-10-30,,True
2061,CUST01859,Matthew Williams,1953-04-10,retail,Mississauga,ON,2024-08-25,,True
2062,CUST01860,Mary Lee,1980-04-11,retail,Winnipeg,MB,2024-05-01,,True
2063,CUST01861,Olivia Johnson,1960-06-14,retail,Montreal,QC,2023-09-21,,True
2064,CUST01862,Michael Johnson,1982-06-01,premium,Montreal,QC,2025-03-10,,True
2065,CUST01863,Noah Smith,1990-11-17,retail,Calgary,AB,2023-05-29,2023-10-25,False
2066,CUST01863,Noah Smith,1990-11-17,retail,Hamilton,ON,2023-10-25,,True
2067,CUST01864,Sarah Lee,1995-09-03,premium,Toronto,ON,2024-01-11,,True
2068,CUST01865,Anthony Kim,1962-10-17,retail,Montreal,QC,2024-03-07,,True
2069,CUST01866,Mary Brown,1999-10-01,retail,Hamilton,ON,2023-01-11,,True
2070,CUST01867,Sarah Martinez,1999-05-15,retail,Hamilton,ON,2025-12-18,,True
2071,CUST01868,Daniel Roy,1959-03-12,retail,Halifax,NS,2025-01-28,,True
2072,CUST01869,Mary Chan,2002-02-10,business,Surrey,BC,2023-05-13,,True
2073,CUST01870,James Nguyen,1964-11-09,retail,Vancouver,BC,2025-04-05,,True
2074,CUST01871,Chen Kim,1983-09-21,retail,Quebec City,QC,2024-08-30,,True
2075,CUST01872,Liam Cote,1990-12-05,premium,Winnipeg,MB,2023-07-03,,True
2076,CUST01873,Daniel Tremblay,2001-01-10,retail,Calgary,AB,2024-05-23,,True
2077,CUST01874,Noah Chan,1967-06-12,retail,Vancouver,BC,2023-12-25,,True
2078,CUST01875,Olivia Davis,1988-07-26,premium,Vancouver,BC,2025-04-07,,True
2079,CUST01876,Sofia Smith,1985-09-15,retail,Montreal,QC,2023-08-30,,True
2080,CUST01877,Chen Nguyen,1977-10-07,premium,Ottawa,ON,2024-04-12,,True
2081,CUST01878,Fatima Lee,1996-09-02,retail,Winnipeg,MB,2023-10-11,2025-02-01,False
2082,CUST01878,Fatima Lee,1996-09-02,premium,Vancouver,BC,2025-02-01,,True
2083,CUST01879,Daniel Kim,1962-10-13,retail,Winnipeg,MB,2025-06-08,,True
2084,CUST01880,Robert Patel,1998-11-07,premium,Quebec City,QC,2023-10-28,,True
2085,CUST01881,Karen Tremblay,1956-07-13,retail,Calgary,AB,2024-03-19,,True
2086,CUST01882,Amir Cote,1997-06-01,premium,Ottawa,ON,2024-10-04,,True
2087,CUST01883,David Miller,1963-05-13,retail,Vancouver,BC,2024-05-07,,True
2088,CUST01884,David Gagnon,1964-09-25,premium,Unknown,ON,2025-09-06,,True
2089,CUST01885,Lisa Kim,1984-12-04,retail,Quebec City,QC,2023-05-09,,True
2090,CUST01886,Karen Chan,1967-05-07,retail,Hamilton,ON,2024-11-16,2025-02-17,False
2091,CUST01886,Karen Chan,1967-05-07,premium,Calgary,AB,2025-02-17,,True
2092,CUST01887,Fatima Gagnon,1956-07-25,retail,Vancouver,BC,2024-10-20,,True
2093,CUST01888,Chen Chan,1989-10-09,premium,Hamilton,ON,2025-04-22,,True
2094,CUST01889,Chen Rodriguez,1994-06-07,retail,Vancouver,BC,2025-06-21,,True
2095,CUST01890,Sofia Nguyen,1986-12-06,premium,Ottawa,ON,2023-09-24,,True
2096,CUST01891,John Singh,1992-07-15,retail,Halifax,NS,2025-02-26,,True
2097,CUST01892,Fatima Williams,1997-01-03,retail,Vancouver,BC,2025-12-28,,True
2098,CUST01893,Nancy Davis,1978-03-10,business,Mississauga,ON,2025-01-02,,True
2099,CUST01894,Karen Brown,1957-02-06,retail,Edmonton,AB,2025-08-08,,True
2100,CUST01895,Jennifer Cote,1964-08-28,retail,Mississauga,ON,2023-01-01,,True
2101,CUST01896,Emma Chan,1991-12-18,retail,Winnipeg,MB,2025-10-12,,True
2102,CUST01897,Michael Miller,1998-11-29,retail,Edmonton,AB,2024-08-30,,True
2103,CUST01898,Jennifer Tremblay,1985-06-28,retail,Surrey,BC,2024-08-25,2025-03-14,False
2104,CUST01898,Jennifer Tremblay,1985-06-28,business,Vancouver,BC,2025-03-14,,True
2105,CUST01899,Linda Nguyen,1959-02-12,retail,Hamilton,ON,2025-03-26,,True
2106,CUST01900,Liam Singh,1966-09-30,retail,Winnipeg,MB,2023-06-03,2024-04-09,False
2107,CUST01900,Liam Singh,1966-09-30,premium,Quebec City,QC,2024-04-09,,True
2108,CUST01901,Jennifer Brown,1996-08-07,retail,Winnipeg,MB,2025-05-09,,True
2109,CUST01902,Anthony Cote,1988-03-21,retail,Quebec City,QC,2024-04-19,,True
2110,CUST01903,Ava Chan,1978-07-27,retail,Ottawa,ON,2025-04-16,,True
2111,CUST01904,Liam Smith,2002-10-22,premium,Edmonton,AB,2025-05-27,,True
2112,CUST01905,Sofia Johnson,1994-07-17,premium,Calgary,AB,2024-04-28,,True
2113,CUST01906,Ava Smith,1983-09-29,premium,Surrey,BC,2023-10-22,,True
2114,CUST01907,Chen Lee,1957-09-25,retail,Surrey,BC,2025-03-16,2025-11-02,False
2115,CUST01907,Chen Lee,1957-09-25,business,Montreal,QC,2025-11-02,,True
2116,CUST01908,Patricia Cote,1963-06-28,retail,Vancouver,BC,2023-05-30,,True
2117,CUST01909,Wei Jones,1990-12-22,retail,Surrey,BC,2023-03-22,,True
2118,CUST01910,Linda Kim,1975-11-29,retail,Quebec City,QC,2023-02-03,,True
2119,CUST01911,Ava Wilson,1970-08-14,business,Toronto,ON,2025-06-06,,True
2120,CUST01912,Lisa Martinez,1980-04-19,retail,Winnipeg,MB,2025-11-14,,True
2121,CUST01913,Nancy Gagnon,1953-03-19,retail,Montreal,QC,2025-06-22,,True
2122,CUST01914,Priya Patel,1967-08-02,retail,Edmonton,AB,2024-01-18,,True
2123,CUST01915,Noah Williams,1991-05-25,retail,Quebec City,QC,2025-10-10,,True
2124,CUST01916,Ava Roy,1995-05-19,business,Quebec City,QC,2025-10-15,,True
2125,CUST01917,Sarah Chan,1953-06-05,retail,Quebec City,QC,2025-12-25,,True
2126,CUST01918,Jennifer Cote,1983-01-28,premium,Winnipeg,MB,2023-04-17,,True
2127,CUST01919,Ava Lee,1979-10-10,retail,Calgary,AB,2025-07-24,,True
2128,CUST01920,Priya Garcia,1983-08-08,retail,Halifax,NS,2024-07-03,,True
2129,CUST01921,Wei Patel,1976-05-23,retail,Hamilton,ON,2024-01-16,2024-12-13,False
2130,CUST01921,Wei Patel,1976-05-23,premium,Halifax,NS,2024-12-13,,True
2131,CUST01922,David Patel,1967-06-16,premium,Hamilton,ON,2023-07-31,2024-09-11,False
2132,CUST01922,David Patel,1967-06-16,retail,Surrey,BC,2024-09-11,,True
2133,CUST01923,Noah Wilson,1993-05-11,business,Halifax,NS,2023-12-31,,True
2134,CUST01924,Wei Garcia,1969-11-20,business,Calgary,AB,2024-03-31,,True
2135,CUST01925,Patricia Davis,1985-02-05,retail,Montreal,QC,2025-01-26,,True
2136,CUST01926,David Patel,1978-10-01,retail,Montreal,QC,2025-09-25,,True
2137,CUST01927,James Miller,1960-10-06,retail,Vancouver,BC,2025-11-15,,True
2138,CUST01928,Anthony Roy,1967-11-13,retail,Edmonton,AB,2025-12-04,,True
2139,CUST01929,Olivia Johnson,1968-11-09,premium,Mississauga,ON,2025-03-18,,True
2140,CUST01930,Sarah Wilson,1965-07-26,retail,Hamilton,ON,2025-01-19,,True
2141,CUST01931,Liam Chan,1988-03-29,retail,Mississauga,ON,2025-07-05,,True
2142,CUST01932,David Jones,1959-10-16,premium,Halifax,NS,2024-08-03,2025-04-01,False
2143,CUST01932,David Jones,1959-10-16,retail,Ottawa,ON,2025-04-01,,True
2144,CUST01933,Fatima Chan,1996-12-26,retail,Mississauga,ON,2025-08-26,,True
2145,CUST01934,Noah Singh,1961-08-23,retail,Toronto,ON,2024-04-26,,True
2146,CUST01935,Daniel Patel,1979-09-08,premium,Ottawa,ON,2025-05-26,,True
2147,CUST01936,Wei Chan,1990-05-09,premium,Calgary,AB,2025-06-24,,True
2148,CUST01937,Sarah Chan,1975-02-01,business,Surrey,BC,2024-11-26,,True
2149,CUST01938,Ava Wilson,1975-11-04,premium,Halifax,NS,2023-12-31,,True
2150,CUST01939,Patricia Williams,1979-10-24,retail,Halifax,NS,2023-02-22,,True
2151,CUST01940,Mary Jones,1970-08-06,retail,Vancouver,BC,2024-04-20,,True
2152,CUST01941,Emma Brown,1956-03-18,premium,Surrey,BC,2024-03-02,2024-08-13,False
2153,CUST01941,Emma Brown,1956-03-18,premium,Winnipeg,MB,2024-08-13,,True
2154,CUST01942,Priya Garcia,1977-03-17,retail,Winnipeg,MB,2024-08-05,,True
2155,CUST01943,Wei Roy,1994-10-27,retail,Halifax,NS,2024-03-30,,True
2156,CUST01944,Liam Martinez,1950-07-28,retail,Winnipeg,MB,2023-09-23,,True
2157,CUST01945,Jennifer Lee,1956-03-30,retail,Vancouver,BC,2025-12-12,,True
2158,CUST01946,Olivia Brown,1955-08-24,retail,Halifax,NS,2023-09-16,,True
2159,CUST01947,James Gagnon,1955-04-17,retail,Vancouver,BC,2025-02-11,,True
2160,CUST01948,Matthew Rodriguez,1999-08-04,retail,Edmonton,AB,2025-08-06,,True
2161,CUST01949,Karen Chan,1990-11-30,retail,Halifax,NS,2023-12-29,,True
2162,CUST01950,Sarah Rodriguez,2000-06-03,business,Halifax,NS,2024-06-28,,True
2163,CUST01951,Mary Wilson,1995-11-03,retail,Ottawa,ON,2025-07-17,,True
2164,CUST01952,Patricia Patel,1966-04-19,retail,Toronto,ON,2025-06-19,,True
2165,CUST01953,Nancy Cote,1969-06-29,retail,Hamilton,ON,2024-01-17,,True
2166,CUST01954,Jennifer Jones,1969-03-17,business,Quebec City,QC,2025-04-23,,True
2167,CUST01955,Olivia Wilson,1956-10-05,premium,Winnipeg,MB,2024-09-12,,True
2168,CUST01956,Jennifer Wilson,1971-12-09,retail,Winnipeg,MB,2024-02-21,,True
2169,CUST01957,Patricia Singh,1994-03-28,retail,Halifax,NS,2024-03-24,,True
2170,CUST01958,James Tremblay,1972-10-11,retail,Surrey,BC,2025-10-17,,True
2171,CUST01959,Nancy Roy,1966-10-04,retail,Quebec City,QC,2023-12-24,,True
2172,CUST01960,Amir Roy,1994-08-26,premium,Edmonton,AB,2023-08-19,,True
2173,CUST01961,Robert Tremblay,1996-07-22,business,Unknown,QC,2024-05-12,,True
2174,CUST01962,Patricia Jones,1954-11-14,retail,Surrey,BC,2024-01-21,,True
2175,CUST01963,Priya Singh,1991-10-09,premium,Quebec City,QC,2025-11-28,,True
2176,CUST01964,Amir Miller,1983-05-24,premium,Halifax,NS,2025-11-19,,True
2177,CUST01965,Mary Johnson,1977-02-07,retail,Hamilton,ON,2024-04-28,,True
2178,CUST01966,Ava Tremblay,1955-12-17,retail,Surrey,BC,2024-12-11,,True
2179,CUST01967,Liam Tremblay,1963-05-22,retail,Mississauga,ON,2023-12-09,,True
2180,CUST01968,Daniel Cote,1967-11-03,retail,Toronto,ON,2025-09-05,,True
2181,CUST01969,Mary Roy,2001-09-22,business,Hamilton,ON,2025-05-01,,True
2182,CUST01970,Anthony Williams,1963-01-10,business,Quebec City,QC,2025-03-25,,True
2183,CUST01971,Michael Garcia,1991-04-20,premium,Mississauga,ON,2025-04-19,,True
2184,CUST01972,Noah Cote,1984-04-28,retail,Mississauga,ON,2025-04-04,,True
2185,CUST01973,Liam Johnson,1980-10-07,retail,Edmonton,AB,2025-12-19,,True
2186,CUST01974,Fatima Miller,1967-04-08,retail,Toronto,ON,2025-06-02,2025-10-31,False
2187,CUST01974,Fatima Miller,1967-04-08,premium,Edmonton,AB,2025-10-31,,True
2188,CUST01975,Amir Martinez,1975-04-22,retail,Montreal,QC,2023-12-27,,True
2189,CUST01976,Amir Patel,1980-03-31,retail,Winnipeg,MB,2023-01-18,2024-01-18,False
2190,CUST01976,Amir Patel,1980-03-31,retail,Vancouver,BC,2024-01-18,,True
2191,CUST01977,James Tremblay,1982-11-25,premium,Hamilton,ON,2024-12-17,,True
2192,CUST01978,Liam Gagnon,1969-04-03,premium,Toronto,ON,2024-12-08,,True
2193,CUST01979,James Brown,1960-08-23,business,Hamilton,ON,2023-10-18,,True
2194,CUST01980,Sarah Khan,1961-09-10,retail,Surrey,BC,2024-03-10,2025-05-24,False
2195,CUST01980,Sarah Khan,1961-09-10,retail,Ottawa,ON,2025-05-24,,True
2196,CUST01981,Anthony Johnson,1964-07-12,retail,Calgary,AB,2025-09-08,,True
2197,CUST01982,Fatima Johnson,1957-08-29,premium,Edmonton,AB,2025-06-02,,True
2198,CUST01983,Robert Jones,1959-08-09,retail,Vancouver,BC,2024-12-02,,True
2199,CUST01984,Amir Gagnon,1975-08-11,retail,Winnipeg,MB,2023-03-08,,True
2200,CUST01985,Karen Singh,1990-07-03,business,Quebec City,QC,2025-01-24,,True
2201,CUST01986,Daniel Nguyen,1981-03-23,retail,Quebec City,QC,2025-01-31,,True
2202,CUST01987,David Singh,1972-07-12,retail,Mississauga,ON,2025-08-03,,True
2203,CUST01988,Noah Brown,1968-08-04,retail,Montreal,QC,2023-02-24,,True
2204,CUST01989,Linda Brown,1958-01-27,retail,Edmonton,AB,2025-09-28,,True
2205,CUST01990,Lisa Brown,1990-03-04,retail,Halifax,NS,2023-08-08,,True
2206,CUST01991,Sarah Johnson,1995-08-11,retail,Edmonton,AB,2023-03-28,2024-05-25,False
2207,CUST01991,Sarah Johnson,1995-08-11,retail,Hamilton,ON,2024-05-25,,True
2208,CUST01992,Mary Martinez,1974-09-21,business,Surrey,BC,2025-10-04,,True
2209,CUST01993,Sofia Miller,1989-01-13,retail,Toronto,ON,2024-01-08,,True
2210,CUST01994,Nancy Kim,1972-10-07,retail,Halifax,NS,2025-10-13,,True
2211,CUST01995,Amir Miller,1989-06-05,retail,Quebec City,QC,2024-06-04,,True
2212,CUST01996,Robert Williams,1997-01-24,retail,Surrey,BC,2024-05-07,,True
2213,CUST01997,Mary Johnson,1988-03-06,retail,Vancouver,BC,2023-07-25,,True
2214,CUST01998,Noah Williams,2002-10-19,retail,Mississauga,ON,2025-09-21,,True
2215,CUST01999,James Gagnon,1998-10-17,retail,Vancouver,BC,2023-05-20,,True
2216,CUST02000,Sofia Gagnon,1950-04-10,retail,Halifax,NS,2024-10-07,,True
