account_id,customer_id,branch_id,account_type,open_date,status
ACC000001,CUST00353,BR001,savings,2025-10-24,active
ACC000002,CUST01208,BR005,credit,2025-10-14,closed
ACC000003,CUST00809,BR013,credit,2025-12-19,dormant
ACC000004,CUST01309,BR004,credit,2023-05-14,active
ACC000005,CUST01209,BR008,credit,2023-09-04,active
ACC000006,CUST00783,BR010,credit,2024-08-22,active
ACC000007,CUST01860,BR007,chequing,2023-11-01,active
ACC000008,CUST00588,BR001,savings,2025-09-09,active
ACC000009,CUST00509,BR004,chequing,2024-10-22,active
ACC000010,CUST00432,BR012,credit,2025-11-21,active
ACC000011,CUST01219,BR005,credit,2023-08-22,dormant
ACC000012,CUST00914,BR013,chequing,2023-05-18,active
ACC000013,CUST01866,BR005,chequing,2025-06-01,active
ACC000014,CUST01958,BR011,chequing,2023-02-23,active
ACC000015,CUST00105,BR009,savings,2023-12-18,active
ACC000016,CUST00842,BR001,chequing,2023-02-26,active
ACC000017,CUST01353,BR011,savings,2023-07-14,active
ACC000018,CUST01848,BR015,credit,2023-06-21,active
ACC000019,CUST01402,BR012,credit,2025-11-16,active
ACC000020,CUST01813,BR013,credit,2025-07-07,closed
ACC000021,CUST01838,BR002,chequing,2025-06-29,dormant
ACC000022,CUST01497,BR014,credit,2025-10-28,active
ACC000023,CUST01976,BR005,credit,2025-11-06,active
ACC000024,CUST01681,BR014,chequing,2025-03-28,closed
ACC000025,CUST00623,BR009,chequing,2023-11-26,active
ACC000026,CUST00925,BR015,savings,2025-12-04,active
ACC000027,CUST01899,BR004,credit,2025-06-20,dormant
ACC000028,CUST00766,BR008,chequing,2023-12-20,active
ACC000029,CUST00053,BR005,credit,2023-04-06,active
ACC000030,CUST00656,BR008,credit,2023-07-11,active
ACC000031,CUST00369,BR014,chequing,2025-02-17,active
ACC000032,CUST00614,BR010,savings,2023-07-07,active
ACC000033,CUST01369,BR002,chequing,2025-11-12,closed
ACC000034,CUST01382,BR014,credit,2024-07-07,active
ACC000035,CUST01229,BR011,savings,2025-10-30,active
ACC000036,CUST01488,BR013,savings,2025-09-04,active
ACC000037,CUST00103,BR005,chequing,2024-12-27,active
ACC000038,CUST00242,BR005,chequing,2025-05-17,active
ACC000039,CUST00875,BR001,savings,2024-05-23,active
ACC000040,CUST00582,BR011,credit,2024-04-04,active
ACC000041,CUST00773,BR006,chequing,2025-07-31,active
ACC000042,CUST01760,BR013,credit,2025-03-26,active
ACC000043,CUST01311,BR001,credit,2025-05-13,active
ACC000044,CUST00580,BR014,credit,2025-02-09,active
ACC000045,CUST00510,BR012,savings,2025-05-29,active
ACC000046,CUST00928,BR009,savings,2023-11-07,active
ACC000047,CUST00024,BR003,credit,2024-11-23,active
ACC000048,CUST00292,BR003,savings,2024-05-12,active
ACC000049,CUST00833,BR005,credit,2023-09-14,active
ACC000050,CUST01982,BR010,chequing,2024-06-28,active
ACC000051,CUST01091,BR012,credit,2024-04-11,active
ACC000052,CUST01803,BR007,chequing,2024-06-13,active
ACC000053,CUST00310,BR013,credit,2025-06-30,active
ACC000054,CUST00140,BR007,chequing,2023-05-10,active
ACC000055,CUST00152,BR004,chequing,2024-05-23,active
ACC000056,CUST01548,BR010,credit,2023-12-01,dormant
ACC000057,CUST01789,BR004,credit,2025-04-14,active
ACC000058,CUST00437,BR008,credit,2025-04-14,closed
ACC000059,CUST00700,BR003,chequing,2023-03-31,closed
ACC000060,CUST00658,BR009,credit,2023-07-13,active
ACC000061,CUST01597,BR014,credit,2023-02-14,closed
ACC000062,CUST00738,BR015,savings,2024-09-10,active
ACC000063,CUST00537,BR002,credit,2023-07-19,active
ACC000064,CUST01332,BR001,chequing,2024-08-15,active
ACC000065,CUST01614,BR010,savings,2025-04-03,active
ACC000066,CUST00963,BR013,credit,2025-09-18,closed
ACC000067,CUST01908,BR012,chequing,2025-11-22,active
ACC000068,CUST00530,BR010,credit,2023-03-27,active
ACC000069,CUST01959,BR015,credit,2023-01-06,closed
ACC000070,CUST00946,BR014,credit,2023-10-25,active
ACC000071,CUST00164,BR008,savings,2025-04-27,active
ACC000072,CUST00215,BR013,chequing,2024-10-30,active
ACC000073,CUST01883,BR007,credit,2025-02-10,closed
ACC000074,CUST01119,BR007,credit,2024-05-24,active
ACC000075,CUST01192,BR007,credit,2025-06-20,active
ACC000076,CUST01038,BR007,credit,2024-10-01,active
ACC000077,CUST01776,BR002,savings,2024-11-27,active
ACC000078,CUST00643,BR013,credit,2023-04-11,active
ACC000079,CUST01257,BR003,credit,2024-01-05,active
ACC000080,CUST01408,BR013,savings,2025-01-09,active
ACC000081,CUST01903,BR007,credit,2023-04-02,active
ACC000082,CUST00145,BR008,chequing,2025-05-15,active
ACC000083,CUST00127,BR004,credit,2025-03-19,active
ACC000084,CUST00644,BR004,savings,2023-09-15,active
ACC000085,CUST01187,BR005,savings,2025-02-01,active
ACC000086,CUST00777,BR008,chequing,2023-04-11,active
ACC000087,CUST01344,BR011,credit,2024-09-08,active
ACC000088,CUST00612,BR009,credit,2024-05-27,active
ACC000089,CUST00601,BR015,savings,2025-02-07,active
ACC000090,CUST00562,BR013,credit,2025-06-09,active
ACC000091,CUST00841,BR001,savings,2025-06-11,active
ACC000092,CUST00030,BR014,savings,2024-10-06,active
ACC000093,CUST00746,BR008,savings,2024-11-27,active
ACC000094,CUST00060,BR010,savings,2024-09-23,active
ACC000095,CUST01976,BR004,chequing,2025-11-03,active
ACC000096,CUST00060,BR007,chequing,2024-05-11,closed
ACC000097,CUST00757,BR005,savings,2025-02-19,active
ACC000098,CUST01750,BR011,chequing,2025-05-07,active
ACC000099,CUST00593,BR001,chequing,2025-03-23,active
ACC000100,CUST01237,BR010,savings,2024-04-13,closed
ACC000101,CUST00019,BR012,credit,2025-05-21,active
ACC000102,CUST00383,BR002,chequing,2023-11-08,active
ACC000103,CUST01973,BR013,savings,2025-05-26,dormant
ACC000104,CUST00980,BR012,credit,2025-08-28,active
ACC000105,CUST00276,BR013,savings,2023-05-18,active
ACC000106,CUST00213,BR002,chequing,2024-07-29,active
ACC000107,CUST00205,BR002,savings,2025-10-27,active
ACC000108,CUST00515,BR009,credit,2025-03-06,dormant
ACC000109,CUST00013,BR013,credit,2023-01-31,active
ACC000110,CUST01206,BR009,savings,2025-09-12,active
ACC000111,CUST01145,BR003,chequing,2023-06-12,active
ACC000112,CUST01220,BR015,savings,2025-06-28,closed
ACC000113,CUST01838,BR001,savings,2025-07-02,active
ACC000114,CUST01472,BR007,savings,2023-12-03,active
ACC000115,CUST00871,BR002,chequing,2023-08-16,closed
ACC000116,CUST00110,BR004,credit,2024-05-29,active
ACC000117,CUST01556,BR015,savings,2024-12-01,active
ACC000118,CUST00709,BR012,credit,2025-03-01,closed
ACC000119,CUST01091,BR001,savings,2024-12-18,dormant
ACC000120,CUST01302,BR003,savings,2024-06-26,closed
ACC000121,CUST00359,BR005,chequing,2023-09-10,active
ACC000122,CUST01423,BR013,chequing,2025-10-28,active
ACC000123,CUST00519,BR006,savings,2023-04-07,active
ACC000124,CUST01935,BR007,savings,2024-09-17,active
ACC000125,CUST00585,BR011,savings,2024-11-24,active
ACC000126,CUST01782,BR004,chequing,2023-08-17,active
ACC000127,CUST00397,BR003,credit,2025-07-05,active
ACC000128,CUST01101,BR010,credit,2025-10-03,active
ACC000129,CUST01272,BR012,chequing,2025-07-12,active
ACC000130,CUST01585,BR007,chequing,2024-05-12,active
ACC000131,CUST01322,BR011,credit,2023-12-07,active
ACC000132,CUST00063,BR004,credit,2025-02-16,active
ACC000133,CUST01679,BR002,savings,2024-12-25,active
ACC000134,CUST01342,BR009,chequing,2023-05-18,active
ACC000135,CUST00793,BR004,chequing,2024-06-06,active
ACC000136,CUST01302,BR004,chequing,2025-03-02,active
ACC000137,CUST01624,BR004,savings,2025-10-27,active
ACC000138,CUST00547,BR010,chequing,2024-11-08,active
ACC000139,CUST01805,BR005,chequing,2023-03-15,closed
ACC000140,CUST01768,BR012,credit,2023-08-01,active
ACC000141,CUST01465,BR014,savings,2025-06-21,active
ACC000142,CUST00587,BR009,chequing,2025-05-20,active
ACC000143,CUST00353,BR005,savings,2024-06-04,closed
ACC000144,CUST01957,BR006,savings,2024-06-20,active
ACC000145,CUST01692,BR009,chequing,2025-12-31,closed
ACC000146,CUST01410,BR002,savings,2024-03-21,active
ACC000147,CUST01607,BR009,chequing,2023-02-01,active
ACC000148,CUST01334,BR013,credit,2024-10-18,active
ACC000149,CUST01221,BR002,chequing,2025-07-23,dormant
ACC000150,CUST01050,BR011,savings,2025-03-01,active
ACC000151,CUST01164,BR010,savings,2025-12-16,active
ACC000152,CUST00318,BR015,credit,2023-05-05,active
ACC000153,CUST00645,BR008,credit,2023-09-30,active
ACC000154,CUST00215,BR005,savings,2023-10-09,active
ACC000155,CUST00477,BR001,chequing,2025-02-19,active
ACC000156,CUST00359,BR005,chequing,2024-02-22,active
ACC000157,CUST01329,BR004,credit,2025-07-09,active
ACC000158,CUST00483,BR004,credit,2023-07-31,active
ACC000159,CUST00231,BR011,credit,2025-10-20,active
ACC000160,CUST01885,BR014,chequing,2024-03-06,dormant
ACC000161,CUST01059,BR014,credit,2023-04-12,active
ACC000162,CUST01141,BR015,chequing,2023-12-10,active
ACC000163,CUST00092,BR014,chequing,2023-01-31,active
ACC000164,CUST00360,BR015,chequing,2023-02-03,active
ACC000165,CUST01070,BR007,savings,2025-06-07,active
ACC000166,CUST00093,BR015,chequing,2025-11-06,active
ACC000167,CUST01223,BR011,credit,2025-09-11,active
ACC000168,CUST00250,BR001,credit,2023-06-21,active
ACC000169,CUST00388,BR006,savings,2023-07-10,active
ACC000170,CUST01879,BR012,chequing,2024-08-15,closed
ACC000171,CUST01331,BR004,credit,2023-06-24,active
ACC000172,CUST01547,BR001,savings,2024-07-19,active
ACC000173,CUST01539,BR013,credit,2023-10-11,active
ACC000174,CUST00634,BR007,credit,2024-10-09,active
ACC000175,CUST01619,BR002,chequing,2023-01-08,active
ACC000176,CUST01584,BR001,savings,2025-04-07,closed
ACC000177,CUST00008,BR006,savings,2024-11-05,dormant
ACC000178,CUST01205,BR007,savings,2023-06-02,active
ACC000179,CUST01850,BR012,chequing,2025-06-11,active
ACC000180,CUST01837,BR011,savings,2025-05-14,active
ACC000181,CUST00152,BR001,credit,2025-03-15,closed
ACC000182,CUST00613,BR014,chequing,2023-07-04,active
ACC000183,CUST01827,BR004,savings,2023-01-04,active
ACC000184,CUST01110,BR006,chequing,2025-03-27,active
ACC000185,CUST01890,BR015,credit,2024-07-04,active
ACC000186,CUST00962,BR001,credit,2023-01-31,active
ACC000187,CUST01151,BR013,chequing,2025-05-30,active
ACC000188,CUST00415,BR005,credit,2023-10-16,active
ACC000189,CUST01487,BR010,credit,2025-04-09,active
ACC000190,CUST01243,BR008,chequing,2025-12-17,active
ACC000191,CUST00888,BR009,credit,2025-12-01,closed
ACC000192,CUST01159,BR002,savings,2025-12-19,dormant
ACC000193,CUST01353,BR011,savings,2023-05-29,active
ACC000194,CUST00760,BR013,credit,2025-05-28,active
ACC000195,CUST00929,BR014,chequing,2025-07-19,closed
ACC000196,CUST00048,BR012,credit,2024-04-29,active
ACC000197,CUST01932,BR002,chequing,2025-06-02,closed
ACC000198,CUST01565,BR006,savings,2025-12-05,active
ACC000199,CUST01702,BR014,chequing,2025-02-17,active
ACC000200,CUST00162,BR009,chequing,2025-01-24,closed
ACC000201,CUST01927,BR002,savings,2025-01-09,active
ACC000202,CUST00644,BR002,savings,2025-09-23,active
ACC000203,CUST01447,BR002,credit,2023-10-10,active
ACC000204,CUST00789,BR010,chequing,2023-06-02,active
ACC000205,CUST01379,BR013,credit,2023-10-24,active
ACC000206,CUST01247,BR012,credit,2025-04-04,closed
ACC000207,CUST00893,BR005,chequing,2023-11-30,active
ACC000208,CUST01932,BR008,savings,2025-11-15,active
ACC000209,CUST00921,BR001,credit,2024-06-25,active
ACC000210,CUST00751,BR005,chequing,2023-08-04,active
ACC000211,CUST00710,BR011,savings,2025-02-02,active
ACC000212,CUST01711,BR001,savings,2025-06-10,active
ACC000213,CUST00259,BR001,credit,2023-10-17,active
ACC000214,CUST01782,BR006,savings,2023-01-01,active
ACC000215,CUST00037,BR012,chequing,2023-05-10,active
ACC000216,CUST00450,BR015,credit,2024-12-01,active
ACC000217,CUST01947,BR001,savings,2023-12-18,active
ACC000218,CUST00279,BR005,savings,2023-12-30,active
ACC000219,CUST01884,BR009,credit,2024-11-02,closed
ACC000220,CUST01814,BR013,savings,2023-01-11,active
ACC000221,CUST00995,BR009,credit,2025-11-24,active
ACC000222,CUST01411,BR005,credit,2025-07-15,active
ACC000223,CUST00280,BR007,chequing,2025-03-08,closed
ACC000224,CUST01111,BR015,savings,2023-01-13,active
ACC000225,CUST00121,BR013,savings,2023-05-01,active
ACC000226,CUST01177,BR006,chequing,2023-12-31,active
ACC000227,CUST01815,BR013,chequing,2023-06-26,active
ACC000228,CUST00876,BR002,credit,2023-03-31,active
ACC000229,CUST00466,BR014,savings,2023-04-20,active
ACC000230,CUST00279,BR004,chequing,2023-03-09,active
ACC000231,CUST01659,BR007,credit,2024-10-04,active
ACC000232,CUST00010,BR008,savings,2023-06-27,closed
ACC000233,CUST01176,BR013,savings,2024-11-01,active
ACC000234,CUST00465,BR013,credit,2023-10-16,active
ACC000235,CUST01069,BR008,savings,2024-03-12,closed
ACC000236,CUST00845,BR006,chequing,2024-06-10,active
ACC000237,CUST00968,BR013,chequing,2025-04-26,active
ACC000238,CUST00181,BR010,credit,2025-11-20,closed
ACC000239,CUST00972,BR004,savings,2023-06-19,active
ACC000240,CUST01579,BR012,chequing,2023-03-14,active
ACC000241,CUST00093,BR003,savings,2025-04-05,active
ACC000242,CUST00376,BR002,savings,2024-08-30,active
ACC000243,CUST01806,BR013,credit,2025-01-07,active
ACC000244,CUST01074,BR013,chequing,2024-11-21,closed
ACC000245,CUST00311,BR007,credit,2023-05-04,active
ACC000246,CUST00560,BR009,savings,2023-03-21,active
ACC000247,CUST00918,BR004,credit,2024-03-24,dormant
ACC000248,CUST00515,BR015,savings,2025-10-27,active
ACC000249,CUST00622,BR003,savings,2024-04-11,active
ACC000250,CUST01634,BR015,credit,2024-09-02,active
ACC000251,CUST00283,BR009,chequing,2024-11-08,active
ACC000252,CUST00913,BR014,savings,2024-07-20,active
ACC000253,CUST00806,BR006,savings,2024-11-18,active
ACC000254,CUST00746,BR007,chequing,2024-02-26,active
ACC000255,CUST01494,BR014,chequing,2023-03-11,active
ACC000256,CUST00683,BR015,savings,2023-08-08,active
ACC000257,CUST01289,BR012,savings,2023-02-26,active
ACC000258,CUST01229,BR002,chequing,2023-07-24,dormant
ACC000259,CUST00206,BR008,credit,2025-03-05,active
ACC000260,CUST01407,BR001,chequing,2024-11-03,active
ACC000261,CUST01443,BR008,credit,2025-03-07,active
ACC000262,CUST01440,BR003,chequing,2023-02-18,active
ACC000263,CUST01272,BR006,chequing,2024-10-07,active
ACC000264,CUST01910,BR005,credit,2023-06-20,active
ACC000265,CUST00002,BR015,chequing,2023-10-04,active
ACC000266,CUST01846,BR006,credit,2025-01-01,closed
ACC000267,CUST00122,BR001,chequing,2025-05-05,active
ACC000268,CUST01433,BR015,chequing,2023-06-11,active
ACC000269,CUST00691,BR004,credit,2024-01-10,closed
ACC000270,CUST00711,BR013,credit,2024-06-15,active
ACC000271,CUST01824,BR010,savings,2023-03-07,active
ACC000272,CUST00090,BR014,savings,2023-07-24,active
ACC000273,CUST01443,BR004,chequing,2025-08-07,active
ACC000274,CUST00102,BR015,savings,2025-01-19,active
ACC000275,CUST01871,BR004,credit,2023-05-15,active
ACC000276,CUST00805,BR005,credit,2024-03-18,dormant
ACC000277,CUST01583,BR012,chequing,2024-02-21,active
ACC000278,CUST01186,BR002,chequing,2024-07-22,active
ACC000279,CUST01921,BR001,chequing,2025-05-27,active
ACC000280,CUST01253,BR012,savings,2023-05-12,active
ACC000281,CUST00615,BR011,credit,2023-07-12,dormant
ACC000282,CUST01340,BR006,credit,2023-12-23,dormant
ACC000283,CUST00736,BR006,chequing,2025-02-04,active
ACC000284,CUST00698,BR003,chequing,2025-01-10,active
ACC000285,CUST00069,BR001,savings,2025-09-24,active
ACC000286,CUST01183,BR001,credit,2023-02-09,active
ACC000287,CUST00878,BR015,credit,2023-05-01,active
ACC000288,CUST00793,BR012,savings,2025-09-04,active
ACC000289,CUST01594,BR012,chequing,2025-09-07,active
ACC000290,CUST01423,BR011,chequing,2024-03-22,active
ACC000291,CUST01168,BR014,savings,2024-09-20,active
ACC000292,CUST01973,BR006,chequing,2023-02-12,active
ACC000293,CUST01006,BR008,savings,2023-11-18,active
ACC000294,CUST00017,BR004,chequing,2024-12-13,active
ACC000295,CUST00150,BR008,chequing,2025-02-16,active
ACC000296,CUST00267,BR015,savings,2024-01-12,active
ACC000297,CUST00941,BR009,savings,2024-01-12,active
ACC000298,CUST01286,BR003,credit,2023-11-03,active
ACC000299,CUST00454,BR005,savings,2023-07-15,active
ACC000300,CUST01510,BR013,chequing,2023-03-23,active
ACC000301,CUST01828,BR007,credit,2023-04-06,active
ACC000302,CUST00012,BR011,credit,2025-04-27,active
ACC000303,CUST00498,BR001,chequing,2023-08-27,active
ACC000304,CUST00805,BR008,chequing,2023-10-06,active
ACC000305,CUST00014,BR005,credit,2024-11-16,dormant
ACC000306,CUST01892,BR015,savings,2024-11-15,active
ACC000307,CUST01153,BR009,credit,2025-07-12,active
ACC000308,CUST01159,BR014,chequing,2023-06-29,active
ACC000309,CUST01510,BR010,savings,2024-09-30,active
ACC000310,CUST00096,BR004,chequing,2025-05-08,active
ACC000311,CUST01807,BR003,chequing,2023-10-17,active
ACC000312,CUST00725,BR009,chequing,2023-06-09,active
ACC000313,CUST00949,BR015,chequing,2023-09-16,active
ACC000314,CUST00912,BR002,chequing,2024-12-06,active
ACC000315,CUST00463,BR012,credit,2023-01-13,active
ACC000316,CUST00884,BR012,chequing,2023-07-22,active
ACC000317,CUST01246,BR012,credit,2023-12-17,active
ACC000318,CUST01858,BR015,credit,2023-09-12,active
ACC000319,CUST01864,BR008,credit,2023-01-09,active
ACC000320,CUST01159,BR002,savings,2023-08-06,active
ACC000321,CUST01031,BR007,chequing,2025-01-30,active
ACC000322,CUST01128,BR002,credit,2024-10-02,active
ACC000323,CUST00950,BR012,savings,2023-12-09,active
ACC000324,CUST00193,BR007,credit,2025-11-24,active
ACC000325,CUST00104,BR013,savings,2024-04-29,active
ACC000326,CUST01568,BR013,credit,2024-03-18,active
ACC000327,CUST00769,BR010,chequing,2025-11-07,closed
ACC000328,CUST00983,BR015,chequing,2025-11-08,active
ACC000329,CUST01970,BR015,savings,2023-04-20,active
ACC000330,CUST01053,BR003,chequing,2025-09-03,active
ACC000331,CUST00111,BR003,credit,2024-03-13,active
ACC000332,CUST01100,BR003,credit,2024-04-13,active
ACC000333,CUST01937,BR003,chequing,2024-05-31,active
ACC000334,CUST00571,BR008,savings,2024-03-08,active
ACC000335,CUST01894,BR012,credit,2023-08-13,active
ACC000336,CUST01995,BR006,credit,2024-02-06,active
ACC000337,CUST01379,BR003,credit,2023-01-27,active
ACC000338,CUST01299,BR004,chequing,2024-07-21,closed
ACC000339,CUST01426,BR003,chequing,2023-09-26,active
ACC000340,CUST00899,BR008,savings,2023-09-18,active
ACC000341,CUST00212,BR004,savings,2024-02-02,active
ACC000342,CUST01591,BR013,chequing,2025-10-27,active
ACC000343,CUST00688,BR015,chequing,2025-04-13,active
ACC000344,CUST00404,BR001,credit,2023-04-28,active
ACC000345,CUST01625,BR010,chequing,2025-06-20,active
ACC000346,CUST00729,BR007,credit,2023-07-16,active
ACC000347,CUST00460,BR003,chequing,2023-02-16,active
ACC000348,CUST01226,BR002,savings,2023-06-01,active
ACC000349,CUST00775,BR014,credit,2023-03-25,closed
ACC000350,CUST00326,BR010,credit,2025-12-23,active
ACC000351,CUST01934,BR013,chequing,2024-06-23,active
ACC000352,CUST01978,BR012,credit,2024-07-19,active
ACC000353,CUST00793,BR007,chequing,2023-11-05,active
ACC000354,CUST01642,BR014,chequing,2023-08-31,active
ACC000355,CUST00029,BR009,chequing,2025-01-21,active
ACC000356,CUST01813,BR006,savings,2025-03-16,active
ACC000357,CUST01543,BR015,chequing,2025-02-23,active
ACC000358,CUST00807,BR015,chequing,2023-06-22,active
ACC000359,CUST01647,BR007,savings,2025-01-10,active
ACC000360,CUST01191,BR005,savings,2024-09-07,active
ACC000361,CUST00904,BR007,savings,2024-02-07,active
ACC000362,CUST01239,BR013,chequing,2024-04-05,active
ACC000363,CUST00705,BR001,savings,2025-02-10,active
ACC000364,CUST00389,BR003,chequing,2025-02-28,active
ACC000365,CUST01807,BR014,chequing,2023-07-01,active
ACC000366,CUST00301,BR005,chequing,2025-04-21,active
ACC000367,CUST01884,BR014,credit,2024-12-04,closed
ACC000368,CUST01137,BR012,savings,2024-06-29,active
ACC000369,CUST00208,BR011,credit,2025-11-17,active
ACC000370,CUST01956,BR001,credit,2025-10-06,closed
ACC000371,CUST01217,BR011,credit,2023-07-20,active
ACC000372,CUST01906,BR007,chequing,2024-05-06,active
ACC000373,CUST01859,BR014,credit,2023-06-23,active
ACC000374,CUST01170,BR011,savings,2024-06-23,active
ACC000375,CUST01147,BR006,chequing,2023-10-02,active
ACC000376,CUST01972,BR005,savings,2024-01-18,closed
ACC000377,CUST01366,BR001,savings,2025-12-24,active
ACC000378,CUST00503,BR005,chequing,2023-03-13,active
ACC000379,CUST00494,BR002,chequing,2025-01-19,active
ACC000380,CUST01084,BR008,savings,2023-02-27,active
ACC000381,CUST01473,BR005,savings,2025-08-14,active
ACC000382,CUST00800,BR015,credit,2024-07-04,active
ACC000383,CUST01631,BR008,savings,2024-07-03,active
ACC000384,CUST01931,BR015,credit,2024-11-18,closed
ACC000385,CUST00739,BR004,savings,2025-01-29,active
ACC000386,CUST01756,BR005,savings,2025-03-02,closed
ACC000387,CUST01218,BR013,credit,2025-02-21,dormant
ACC000388,CUST00131,BR007,chequing,2024-07-28,active
ACC000389,CUST00363,BR006,savings,2025-01-27,active
ACC000390,CUST01429,BR015,chequing,2024-11-11,closed
ACC000391,CUST01919,BR010,savings,2025-11-06,active
ACC000392,CUST00700,BR003,savings,2023-10-20,active
ACC000393,CUST01926,BR006,credit,2025-02-19,active
ACC000394,CUST01730,BR008,chequing,2023-08-20,closed
ACC000395,CUST00491,BR001,savings,2024-07-19,active
ACC000396,CUST00754,BR013,credit,2023-09-01,active
ACC000397,CUST00789,BR002,savings,2023-04-18,dormant
ACC000398,CUST01954,BR005,credit,2024-02-05,active
ACC000399,CUST01838,BR003,savings,2023-08-27,active
ACC000400,CUST00649,BR015,savings,2024-03-13,active
ACC000401,CUST00115,BR008,credit,2025-04-25,active
ACC000402,CUST01578,BR008,chequing,2023-08-02,dormant
ACC000403,CUST01395,BR015,chequing,2023-03-03,active
ACC000404,CUST01406,BR012,chequing,2025-10-12,closed
ACC000405,CUST01684,BR006,chequing,2023-10-18,closed
ACC000406,CUST00163,BR006,credit,2025-07-03,active
ACC000407,CUST01910,BR009,savings,2024-10-13,active
ACC000408,CUST00743,BR014,credit,2024-07-26,active
ACC000409,CUST00361,BR007,credit,2025-08-01,active
ACC000410,CUST01729,BR011,credit,2025-10-17,active
ACC000411,CUST01019,BR004,credit,2023-12-02,closed
ACC000412,CUST01913,BR014,credit,2023-02-21,active
ACC000413,CUST00842,BR013,savings,2023-10-30,active
ACC000414,CUST00911,BR008,savings,2023-09-28,active
ACC000415,CUST00820,BR011,savings,2025-04-12,active
ACC000416,CUST00959,BR001,chequing,2024-07-24,closed
ACC000417,CUST01323,BR014,chequing,2025-01-01,active
ACC000418,CUST01667,BR008,credit,2023-05-09,active
ACC000419,CUST01918,BR006,savings,2025-11-29,active
ACC000420,CUST00094,BR001,chequing,2023-11-08,active
ACC000421,CUST01398,BR003,credit,2023-09-20,active
ACC000422,CUST00382,BR006,savings,2024-02-04,active
ACC000423,CUST00055,BR010,savings,2024-04-09,dormant
ACC000424,CUST01418,BR013,chequing,2024-03-21,active
ACC000425,CUST01084,BR013,credit,2023-06-27,active
ACC000426,CUST00337,BR015,chequing,2024-02-11,active
ACC000427,CUST00775,BR010,savings,2024-12-19,active
ACC000428,CUST01062,BR013,savings,2023-12-27,closed
ACC000429,CUST00055,BR010,credit,2024-01-17,active
ACC000430,CUST01293,BR014,savings,2024-05-19,active
ACC000431,CUST01473,BR006,credit,2024-12-22,active
ACC000432,CUST01761,BR011,credit,2024-03-12,closed
ACC000433,CUST00304,BR003,chequing,2025-06-25,active
ACC000434,CUST01262,BR004,credit,2023-12-23,active
ACC000435,CUST00745,BR014,savings,2024-03-30,active
ACC000436,CUST00462,BR003,chequing,2025-05-16,active
ACC000437,CUST01039,BR006,chequing,2025-08-19,active
ACC000438,CUST01859,BR001,credit,2025-07-29,active
ACC000439,CUST00384,BR007,credit,2025-10-16,active
ACC000440,CUST00248,BR013,credit,2023-11-21,active
ACC000441,CUST00410,BR007,chequing,2023-07-22,active
ACC000442,CUST00256,BR003,savings,2023-07-24,active
ACC000443,CUST01732,BR014,credit,2024-03-31,closed
ACC000444,CUST01144,BR011,credit,2024-01-10,active
ACC000445,CUST01974,BR014,savings,2025-06-09,closed
ACC000446,CUST01561,BR005,credit,2024-06-12,active
ACC000447,CUST00980,BR004,savings,2025-06-25,active
ACC000448,CUST00269,BR003,chequing,2024-03-19,dormant
ACC000449,CUST00313,BR003,chequing,2025-11-07,active
ACC000450,CUST00218,BR013,credit,2024-08-21,active
ACC000451,CUST00316,BR006,credit,2023-11-12,active
ACC000452,CUST01362,BR011,credit,2024-01-13,active
ACC000453,CUST01963,BR006,savings,2023-04-28,active
ACC000454,CUST01682,BR015,credit,2024-11-22,active
ACC000455,CUST01344,BR001,savings,2024-05-11,active
ACC000456,CUST01302,BR013,credit,2025-09-07,closed
ACC000457,CUST00502,BR002,credit,2023-08-23,active
ACC000458,CUST00557,BR007,credit,2025-10-04,active
ACC000459,CUST01696,BR004,chequing,2025-09-21,active
ACC000460,CUST00470,BR014,credit,2024-09-16,active
ACC000461,CUST01338,BR009,savings,2023-11-01,active
ACC000462,CUST01352,BR002,chequing,2025-02-28,active
ACC000463,CUST01354,BR001,credit,2024-08-10,active
ACC000464,CUST00470,BR010,credit,2025-08-27,active
ACC000465,CUST00791,BR002,savings,2024-07-20,active
ACC000466,CUST00093,BR006,savings,2024-05-29,active
ACC000467,CUST01637,BR003,credit,2023-05-18,active
ACC000468,CUST00877,BR012,savings,2023-05-28,active
ACC000469,CUST01570,BR015,credit,2024-12-01,active
ACC000470,CUST00557,BR001,credit,2023-07-07,active
ACC000471,CUST00770,BR010,chequing,2024-10-19,active
ACC000472,CUST01018,BR006,chequing,2023-05-04,active
ACC000473,CUST00002,BR013,chequing,2023-02-07,active
ACC000474,CUST00891,BR003,credit,2023-01-31,active
ACC000475,CUST01776,BR011,savings,2023-07-16,active
ACC000476,CUST01356,BR002,chequing,2024-09-21,active
ACC000477,CUST00414,BR010,chequing,2025-05-30,closed
ACC000478,CUST01271,BR007,savings,2025-12-25,active
ACC000479,CUST00930,BR007,chequing,2025-12-07,active
ACC000480,CUST00152,BR003,savings,2025-10-01,closed
ACC000481,CUST00474,BR002,credit,2024-01-15,active
ACC000482,CUST01336,BR007,credit,2023-02-27,active
ACC000483,CUST00695,BR012,credit,2025-12-22,active
ACC000484,CUST00974,BR011,credit,2025-05-10,active
ACC000485,CUST01722,BR011,chequing,2024-09-24,active
ACC000486,CUST01235,BR002,credit,2025-02-21,active
ACC000487,CUST00386,BR001,credit,2024-11-16,active
ACC000488,CUST00256,BR003,chequing,2023-11-21,active
ACC000489,CUST00142,BR006,chequing,2024-12-15,active
ACC000490,CUST00775,BR005,savings,2025-07-23,active
ACC000491,CUST00582,BR008,chequing,2023-04-13,active
ACC000492,CUST00862,BR009,savings,2025-03-21,active
ACC000493,CUST01116,BR011,savings,2025-10-13,active
ACC000494,CUST01173,BR008,credit,2025-07-10,closed
ACC000495,CUST01813,BR002,savings,2024-02-17,active
ACC000496,CUST00712,BR007,credit,2023-03-11,active
ACC000497,CUST00678,BR001,chequing,2025-04-12,active
ACC000498,CUST00645,BR012,chequing,2025-08-21,active
ACC000499,CUST01206,BR012,savings,2024-07-11,active
ACC000500,CUST01263,BR003,savings,2025-06-22,active
ACC000501,CUST01808,BR011,credit,2025-01-03,active
ACC000502,CUST01426,BR007,chequing,2024-10-19,active
ACC000503,CUST01423,BR006,credit,2025-08-12,active
ACC000504,CUST00368,BR006,savings,2023-08-14,active
ACC000505,CUST00330,BR008,savings,2024-02-27,active
ACC000506,CUST00481,BR002,savings,2024-08-16,closed
ACC000507,CUST01272,BR014,credit,2024-11-17,active
ACC000508,CUST00715,BR015,savings,2025-04-27,active
ACC000509,CUST00508,BR005,savings,2024-06-20,closed
ACC000510,CUST01930,BR015,savings,2024-03-29,active
ACC000511,CUST00528,BR013,chequing,2024-09-17,active
ACC000512,CUST00811,BR010,credit,2024-05-15,active
ACC000513,CUST00497,BR014,credit,2024-06-13,active
ACC000514,CUST00924,BR005,chequing,2024-07-06,closed
ACC000515,CUST00541,BR001,credit,2023-12-17,active
ACC000516,CUST00098,BR010,savings,2025-10-22,active
ACC000517,CUST01240,BR012,savings,2024-03-23,dormant
ACC000518,CUST01371,BR014,credit,2025-12-05,active
ACC000519,CUST01913,BR005,chequing,2024-05-25,active
ACC000520,CUST01982,BR001,credit,2025-07-01,active
ACC000521,CUST01416,BR003,chequing,2025-09-07,active
ACC000522,CUST00981,BR006,savings,2025-11-28,active
ACC000523,CUST00588,BR011,credit,2025-04-25,active
ACC000524,CUST00968,BR013,credit,2023-09-28,closed
ACC000525,CUST00258,BR001,chequing,2023-01-21,active
ACC000526,CUST00570,BR010,savings,2024-09-15,active
ACC000527,CUST00132,BR003,credit,2024-04-02,active
ACC000528,CUST01686,BR001,chequing,2024-12-29,active
ACC000529,CUST01595,BR002,chequing,2025-08-03,active
ACC000530,CUST00806,BR014,savings,2025-12-18,active
ACC000531,CUST00803,BR004,savings,2024-11-21,active
ACC000532,CUST01720,BR008,chequing,2025-05-31,dormant
ACC000533,CUST00162,BR015,credit,2024-03-23,closed
ACC000534,CUST00535,BR012,savings,2024-09-03,active
ACC000535,CUST01425,BR006,savings,2025-03-05,active
ACC000536,CUST00149,BR004,credit,2025-01-29,active
ACC000537,CUST00420,BR005,chequing,2024-01-26,active
ACC000538,CUST00323,BR015,credit,2023-10-05,active
ACC000539,CUST00510,BR004,savings,2025-07-25,active
ACC000540,CUST00543,BR007,chequing,2023-08-09,active
ACC000541,CUST00476,BR011,savings,2025-05-01,active
ACC000542,CUST01420,BR011,credit,2025-03-22,active
ACC000543,CUST01107,BR014,chequing,2023-03-08,active
ACC000544,CUST01847,BR011,savings,2023-10-16,active
ACC000545,CUST00575,BR007,credit,2023-04-13,active
ACC000546,CUST01649,BR011,chequing,2025-09-24,active
ACC000547,CUST00586,BR002,savings,2024-06-23,active
ACC000548,CUST00077,BR005,chequing,2024-10-14,active
ACC000549,CUST00468,BR009,savings,2023-04-07,active
ACC000550,CUST01670,BR009,credit,2024-07-28,active
ACC000551,CUST00693,BR003,savings,2024-11-20,active
ACC000552,CUST01544,BR015,chequing,2024-02-12,active
ACC000553,CUST01066,BR003,credit,2024-04-23,active
ACC000554,CUST00034,BR003,savings,2025-04-01,active
ACC000555,CUST00221,BR004,chequing,2023-01-21,active
ACC000556,CUST00450,BR004,savings,2025-04-16,active
ACC000557,CUST00139,BR012,credit,2023-09-09,active
ACC000558,CUST00877,BR013,savings,2025-01-17,closed
ACC000559,CUST00022,BR008,savings,2023-10-18,active
ACC000560,CUST01249,BR010,savings,2024-10-07,active
ACC000561,CUST01533,BR001,chequing,2024-07-23,active
ACC000562,CUST00432,BR001,chequing,2023-12-21,closed
ACC000563,CUST01505,BR010,credit,2024-06-13,active
ACC000564,CUST00350,BR004,chequing,2024-03-19,active
ACC000565,CUST01880,BR013,chequing,2023-04-06,active
ACC000566,CUST00607,BR008,chequing,2023-02-03,active
ACC000567,CUST01470,BR003,chequing,2023-09-29,active
ACC000568,CUST01805,BR006,chequing,2025-06-18,active
ACC000569,CUST01480,BR007,savings,2025-08-05,active
ACC000570,CUST01963,BR002,savings,2025-10-11,active
ACC000571,CUST00534,BR007,chequing,2024-01-10,closed
ACC000572,CUST00103,BR007,savings,2024-04-10,active
ACC000573,CUST01886,BR008,chequing,2025-08-18,active
ACC000574,CUST00696,BR009,chequing,2024-01-04,active
ACC000575,CUST01227,BR001,credit,2024-12-03,active
ACC000576,CUST01553,BR009,savings,2024-06-05,closed
ACC000577,CUST01485,BR012,chequing,2024-05-21,active
ACC000578,CUST01285,BR004,savings,2023-06-06,active
ACC000579,CUST00205,BR003,chequing,2023-06-26,dormant
ACC000580,CUST00245,BR009,savings,2025-11-17,active
ACC000581,CUST01428,BR006,credit,2025-05-01,active
ACC000582,CUST01522,BR010,chequing,2023-06-01,active
ACC000583,CUST00102,BR014,savings,2024-08-19,active
ACC000584,CUST01635,BR011,chequing,2023-11-06,active
ACC000585,CUST01204,BR010,credit,2024-05-30,active
ACC000586,CUST00365,BR010,savings,2023-08-13,active
ACC000587,CUST00354,BR003,chequing,2025-10-05,closed
ACC000588,CUST01533,BR005,chequing,2024-03-27,active
ACC000589,CUST00373,BR003,chequing,2025-01-08,closed
ACC000590,CUST00307,BR003,chequing,2025-02-08,active
ACC000591,CUST01391,BR006,credit,2024-06-17,active
ACC000592,CUST01324,BR007,chequing,2024-02-04,active
ACC000593,CUST00004,BR012,credit,2024-02-05,active
ACC000594,CUST00594,BR005,savings,2025-06-25,closed
ACC000595,CUST01708,BR001,savings,2025-10-25,active
ACC000596,CUST01023,BR009,credit,2024-11-08,active
ACC000597,CUST00952,BR001,chequing,2023-01-22,closed
ACC000598,CUST01258,BR011,savings,2025-11-05,active
ACC000599,CUST00147,BR010,savings,2024-01-24,active
ACC000600,CUST00918,BR008,savings,2024-01-08,active
ACC000601,CUST01300,BR011,chequing,2023-11-24,closed
ACC000602,CUST01225,BR012,savings,2025-04-28,active
ACC000603,CUST00379,BR008,savings,2025-08-29,active
ACC000604,CUST00350,BR003,savings,2023-11-11,active
ACC000605,CUST00165,BR015,savings,2024-12-16,active
ACC000606,CUST00291,BR013,credit,2023-10-02,active
ACC000607,CUST00756,BR010,credit,2023-11-19,active
ACC000608,CUST00586,BR002,chequing,2024-10-22,closed
ACC000609,CUST01956,BR015,savings,2024-03-23,active
ACC000610,CUST01212,BR006,savings,2025-04-03,active
ACC000611,CUST00501,BR008,credit,2023-11-12,active
ACC000612,CUST00353,BR014,credit,2024-08-30,active
ACC000613,CUST01954,BR003,chequing,2025-06-02,active
ACC000614,CUST00687,BR011,savings,2025-11-19,active
ACC000615,CUST01370,BR009,savings,2023-07-18,active
ACC000616,CUST01483,BR002,chequing,2023-03-24,active
ACC000617,CUST01176,BR009,chequing,2023-11-18,active
ACC000618,CUST01316,BR002,chequing,2023-11-07,active
ACC000619,CUST01698,BR003,chequing,2025-02-01,active
ACC000620,CUST01048,BR011,chequing,2025-02-01,active
ACC000621,CUST01782,BR007,credit,2025-05-04,active
ACC000622,CUST00823,BR005,chequing,2023-08-01,active
ACC000623,CUST00225,BR009,savings,2024-06-20,active
ACC000624,CUST00120,BR007,savings,2024-09-17,active
ACC000625,CUST01715,BR014,credit,2023-01-02,active
ACC000626,CUST00796,BR003,credit,2025-10-26,closed
ACC000627,CUST01020,BR008,credit,2025-12-10,active
ACC000628,CUST01704,BR006,credit,2024-11-01,active
ACC000629,CUST01966,BR007,credit,2025-04-02,active
ACC000630,CUST01783,BR007,credit,2024-09-28,active
ACC000631,CUST00244,BR010,savings,2023-09-22,active
ACC000632,CUST01349,BR003,chequing,2023-10-16,active
ACC000633,CUST00894,BR013,chequing,2024-01-02,active
ACC000634,CUST00375,BR001,savings,2023-05-11,active
ACC000635,CUST00335,BR010,savings,2025-12-25,active
ACC000636,CUST01992,BR002,savings,2025-09-21,closed
ACC000637,CUST01879,BR015,credit,2023-08-18,active
ACC000638,CUST01767,BR010,savings,2023-11-11,active
ACC000639,CUST00833,BR010,credit,2024-07-22,active
ACC000640,CUST01079,BR002,credit,2023-11-26,active
ACC000641,CUST00408,BR002,credit,2023-02-10,active
ACC000642,CUST01793,BR007,savings,2025-04-19,active
ACC000643,CUST01410,BR012,chequing,2023-01-05,active
ACC000644,CUST00713,BR015,chequing,2023-11-27,active
ACC000645,CUST00397,BR009,savings,2024-01-22,closed
ACC000646,CUST00008,BR006,credit,2023-04-06,active
ACC000647,CUST00368,BR005,chequing,2025-12-20,closed
ACC000648,CUST01127,BR012,chequing,2024-12-28,active
ACC000649,CUST00332,BR015,savings,2023-12-17,active
ACC000650,CUST01157,BR013,credit,2023-05-08,active
ACC000651,CUST00816,BR009,credit,2025-06-04,active
ACC000652,CUST00937,BR013,savings,2024-05-14,closed
ACC000653,CUST00364,BR014,credit,2024-02-28,closed
ACC000654,CUST01028,BR010,savings,2024-02-22,active
ACC000655,CUST00991,BR007,credit,2023-06-20,active
ACC000656,CUST01301,BR002,credit,2025-04-04,active
ACC000657,CUST00932,BR002,chequing,2025-06-07,active
ACC000658,CUST01977,BR013,chequing,2023-01-02,dormant
ACC000659,CUST00389,BR003,credit,2025-11-01,active
ACC000660,CUST00412,BR015,chequing,2023-11-09,active
ACC000661,CUST01108,BR014,credit,2024-04-03,active
ACC000662,CUST00383,BR008,credit,2023-05-10,active
ACC000663,CUST00667,BR012,credit,2023-02-10,active
ACC000664,CUST01835,BR008,savings,2025-02-28,active
ACC000665,CUST00089,BR007,credit,2025-01-28,active
ACC000666,CUST00343,BR001,credit,2025-12-06,active
ACC000667,CUST01340,BR014,savings,2024-05-21,active
ACC000668,CUST01273,BR003,savings,2025-06-29,dormant
ACC000669,CUST00240,BR008,credit,2023-08-15,active
ACC000670,CUST01216,BR007,credit,2025-12-28,active
ACC000671,CUST01109,BR012,savings,2024-12-17,active
ACC000672,CUST00365,BR012,credit,2023-02-04,dormant
ACC000673,CUST01684,BR012,chequing,2025-03-11,active
ACC000674,CUST01426,BR014,savings,2025-12-29,active
ACC000675,CUST00350,BR010,savings,2023-07-12,active
ACC000676,CUST00918,BR004,savings,2025-11-04,active
ACC000677,CUST01825,BR003,savings,2024-10-29,active
ACC000678,CUST00559,BR011,savings,2023-01-19,active
ACC000679,CUST01512,BR005,chequing,2023-02-16,active
ACC000680,CUST01285,BR008,chequing,2025-04-23,active
ACC000681,CUST00624,BR002,savings,2025-03-22,active
ACC000682,CUST01152,BR001,credit,2025-07-25,active
ACC000683,CUST01393,BR008,savings,2024-12-21,active
ACC000684,CUST01743,BR010,savings,2025-04-10,active
ACC000685,CUST01953,BR009,chequing,2025-10-29,active
ACC000686,CUST00231,BR007,savings,2024-05-11,active
ACC000687,CUST00939,BR009,credit,2024-12-04,active
ACC000688,CUST01502,BR010,credit,2025-12-28,active
ACC000689,CUST00780,BR005,credit,2025-12-29,active
ACC000690,CUST00594,BR006,chequing,2023-12-08,active
ACC000691,CUST01055,BR013,savings,2023-01-21,active
ACC000692,CUST00351,BR002,chequing,2023-12-02,active
ACC000693,CUST01969,BR008,chequing,2025-03-23,active
ACC000694,CUST01133,BR010,chequing,2023-02-07,active
ACC000695,CUST00367,BR005,credit,2024-06-01,active
ACC000696,CUST00214,BR013,chequing,2023-01-02,active
ACC000697,CUST01106,BR010,credit,2024-01-25,closed
ACC000698,CUST01648,BR001,savings,2025-09-15,active
ACC000699,CUST01669,BR009,credit,2024-04-30,active
ACC000700,CUST01510,BR008,savings,2023-08-06,active
ACC000701,CUST00852,BR014,chequing,2023-01-30,active
ACC000702,CUST01967,BR008,savings,2023-01-27,active
ACC000703,CUST00436,BR001,credit,2024-12-07,active
ACC000704,CUST01557,BR011,savings,2023-07-28,active
ACC000705,CUST01781,BR013,credit,2024-12-29,active
ACC000706,CUST00036,BR015,savings,2025-03-04,active
ACC000707,CUST01143,BR005,credit,2024-01-28,active
ACC000708,CUST01109,BR011,savings,2025-06-03,active
ACC000709,CUST00107,BR009,savings,2023-02-09,active
ACC000710,CUST01088,BR008,chequing,2025-04-28,closed
ACC000711,CUST01646,BR001,chequing,2023-08-20,active
ACC000712,CUST00418,BR007,savings,2023-09-09,active
ACC000713,CUST00556,BR015,savings,2024-09-12,closed
ACC000714,CUST00517,BR003,credit,2023-03-30,active
ACC000715,CUST00562,BR011,savings,2025-05-14,active
ACC000716,CUST01903,BR007,savings,2023-12-04,active
ACC000717,CUST00080,BR007,chequing,2023-09-16,active
ACC000718,CUST01865,BR006,credit,2025-06-12,closed
ACC000719,CUST00281,BR006,savings,2024-01-01,active
ACC000720,CUST01752,BR003,chequing,2023-01-17,active
ACC000721,CUST00442,BR015,credit,2024-08-26,active
ACC000722,CUST00061,BR005,savings,2024-09-21,active
ACC000723,CUST00797,BR005,credit,2024-08-13,active
ACC000724,CUST00667,BR006,credit,2024-04-01,active
ACC000725,CUST00669,BR003,chequing,2024-04-19,active
ACC000726,CUST00641,BR001,savings,2023-06-17,dormant
ACC000727,CUST00589,BR006,credit,2024-12-13,active
ACC000728,CUST00341,BR012,credit,2023-04-26,active
ACC000729,CUST00511,BR007,chequing,2024-01-14,closed
ACC000730,CUST01906,BR014,chequing,2025-08-25,active
ACC000731,CUST01595,BR011,chequing,2025-08-06,active
ACC000732,CUST00872,BR013,savings,2024-05-19,active
ACC000733,CUST01139,BR006,credit,2024-10-19,active
ACC000734,CUST00351,BR003,credit,2024-09-17,active
ACC000735,CUST01724,BR006,chequing,2024-10-02,active
ACC000736,CUST00237,BR009,savings,2025-09-28,active
ACC000737,CUST00173,BR008,chequing,2023-04-23,active
ACC000738,CUST00107,BR009,credit,2023-04-07,active
ACC000739,CUST01228,BR002,savings,2025-07-06,active
ACC000740,CUST00552,BR008,chequing,2025-01-19,active
ACC000741,CUST00731,BR013,chequing,2024-09-01,active
ACC000742,CUST01084,BR012,credit,2024-08-28,active
ACC000743,CUST01617,BR014,savings,2023-09-01,active
ACC000744,CUST00615,BR012,credit,2025-07-29,active
ACC000745,CUST00593,BR014,credit,2024-02-21,active
ACC000746,CUST00474,BR008,credit,2025-12-30,active
ACC000747,CUST00400,BR002,credit,2024-03-21,active
ACC000748,CUST01790,BR013,chequing,2024-02-16,active
ACC000749,CUST01320,BR009,credit,2024-01-09,active
ACC000750,CUST00077,BR009,savings,2025-11-02,active
ACC000751,CUST00359,BR013,credit,2023-05-20,active
ACC000752,CUST00357,BR008,credit,2025-08-31,active
ACC000753,CUST00585,BR014,credit,2025-06-09,active
ACC000754,CUST01402,BR002,savings,2024-01-07,active
ACC000755,CUST01417,BR005,savings,2024-10-31,active
ACC000756,CUST00436,BR015,savings,2024-04-08,active
ACC000757,CUST01651,BR013,credit,2023-04-13,active
ACC000758,CUST01157,BR014,chequing,2024-12-30,active
ACC000759,CUST00980,BR004,savings,2024-07-25,closed
ACC000760,CUST01017,BR002,credit,2025-09-08,active
ACC000761,CUST00776,BR015,chequing,2025-03-25,active
ACC000762,CUST00134,BR005,chequing,2024-03-05,active
ACC000763,CUST00280,BR010,credit,2024-06-10,closed
ACC000764,CUST01289,BR013,savings,2024-06-20,dormant
ACC000765,CUST00700,BR001,credit,2023-03-01,active
ACC000766,CUST00230,BR001,credit,2024-11-27,active
ACC000767,CUST01183,BR001,credit,2024-04-24,active
ACC000768,CUST01401,BR012,savings,2023-12-02,active
ACC000769,CUST00175,BR009,credit,2025-04-18,active
ACC000770,CUST00595,BR015,savings,2023-12-15,active
ACC000771,CUST00799,BR005,credit,2025-11-19,active
ACC000772,CUST00610,BR010,credit,2025-07-26,active
ACC000773,CUST00898,BR003,credit,2025-01-29,active
ACC000774,CUST01823,BR008,savings,2024-12-14,active
ACC000775,CUST00259,BR009,credit,2023-08-16,active
ACC000776,CUST00106,BR003,chequing,2023-05-27,active
ACC000777,CUST01196,BR008,credit,2023-06-01,active
ACC000778,CUST00613,BR009,credit,2024-01-20,active
ACC000779,CUST01859,BR014,savings,2023-06-17,active
ACC000780,CUST01897,BR006,credit,2025-12-19,active
ACC000781,CUST01978,BR005,savings,2023-07-22,active
ACC000782,CUST01628,BR015,chequing,2025-05-21,active
ACC000783,CUST01790,BR003,credit,2025-03-12,dormant
ACC000784,CUST00215,BR002,chequing,2024-03-21,active
ACC000785,CUST00430,BR009,credit,2024-11-30,active
ACC000786,CUST01739,BR009,chequing,2023-06-17,active
ACC000787,CUST01249,BR008,credit,2023-06-13,active
ACC000788,CUST01877,BR006,credit,2023-01-24,closed
ACC000789,CUST00047,BR012,credit,2023-12-08,active
ACC000790,CUST00912,BR008,credit,2023-04-07,active
ACC000791,CUST00303,BR009,savings,2025-05-16,active
ACC000792,CUST00453,BR014,savings,2023-07-03,active
ACC000793,CUST01346,BR006,credit,2025-10-30,active
ACC000794,CUST00043,BR013,credit,2025-08-09,dormant
ACC000795,CUST00025,BR013,credit,2024-10-14,active
ACC000796,CUST01379,BR007,chequing,2023-09-06,active
ACC000797,CUST00494,BR013,credit,2023-06-13,active
ACC000798,CUST01964,BR014,credit,2023-09-15,closed
ACC000799,CUST00972,BR005,chequing,2024-10-07,active
ACC000800,CUST00499,BR012,savings,2023-03-28,active
ACC000801,CUST01414,BR009,savings,2025-12-31,active
ACC000802,CUST01753,BR009,credit,2023-09-09,active
ACC000803,CUST00672,BR001,chequing,2024-09-05,active
ACC000804,CUST00945,BR004,savings,2023-05-23,closed
ACC000805,CUST01911,BR012,credit,2025-10-13,active
ACC000806,CUST01552,BR007,chequing,2025-06-19,active
ACC000807,CUST01414,BR006,credit,2025-04-01,active
ACC000808,CUST00429,BR006,chequing,2023-05-04,active
ACC000809,CUST01284,BR006,credit,2024-10-20,dormant
ACC000810,CUST01539,BR014,savings,2023-07-05,active
ACC000811,CUST01958,BR005,savings,2024-05-19,active
ACC000812,CUST00685,BR014,savings,2025-02-08,active
ACC000813,CUST00999,BR010,chequing,2025-01-01,active
ACC000814,CUST01797,BR002,chequing,2025-02-16,active
ACC000815,CUST00805,BR011,credit,2023-03-29,active
ACC000816,CUST01717,BR009,chequing,2025-08-23,active
ACC000817,CUST00936,BR001,chequing,2025-05-13,dormant
ACC000818,CUST01332,BR007,savings,2023-01-10,active
ACC000819,CUST00511,BR005,chequing,2025-12-03,active
ACC000820,CUST01654,BR005,savings,2023-05-21,active
ACC000821,CUST01399,BR007,chequing,2023-03-13,closed
ACC000822,CUST01277,BR012,savings,2024-10-24,active
ACC000823,CUST00420,BR006,credit,2024-09-05,active
ACC000824,CUST00544,BR001,savings,2023-09-12,active
ACC000825,CUST01371,BR009,credit,2023-01-03,active
ACC000826,CUST00439,BR001,savings,2023-10-20,active
ACC000827,CUST00428,BR007,chequing,2025-11-08,closed
ACC000828,CUST00540,BR011,savings,2024-07-08,active
ACC000829,CUST01084,BR013,credit,2024-04-15,active
ACC000830,CUST01627,BR004,chequing,2025-04-23,active
ACC000831,CUST00092,BR007,savings,2025-04-03,active
ACC000832,CUST01549,BR014,credit,2023-01-08,active
ACC000833,CUST00355,BR009,credit,2024-07-23,closed
ACC000834,CUST01043,BR008,savings,2024-10-17,active
ACC000835,CUST00719,BR002,credit,2024-04-30,active
ACC000836,CUST01571,BR006,credit,2025-07-18,active
ACC000837,CUST01006,BR002,savings,2024-06-28,closed
ACC000838,CUST00044,BR011,savings,2023-09-03,active
ACC000839,CUST01552,BR007,savings,2023-03-13,active
ACC000840,CUST01940,BR004,credit,2025-10-28,active
ACC000841,CUST01846,BR002,credit,2025-10-07,active
ACC000842,CUST00963,BR008,credit,2025-01-05,dormant
ACC000843,CUST00456,BR012,chequing,2024-03-15,active
ACC000844,CUST01559,BR008,savings,2023-01-29,active
ACC000845,CUST00194,BR004,credit,2023-01-18,active
ACC000846,CUST01276,BR015,chequing,2024-12-15,active
ACC000847,CUST01692,BR011,savings,2023-02-17,active
ACC000848,CUST00262,BR007,chequing,2024-12-15,active
ACC000849,CUST00342,BR001,savings,2023-05-19,active
ACC000850,CUST00349,BR014,chequing,2023-06-24,active
ACC000851,CUST01484,BR011,savings,2025-07-11,active
ACC000852,CUST00015,BR005,savings,2023-05-16,active
ACC000853,CUST01449,BR012,savings,2024-07-11,active
ACC000854,CUST00441,BR003,savings,2025-01-30,dormant
ACC000855,CUST00492,BR014,credit,2023-06-04,active
ACC000856,CUST00989,BR012,credit,2024-09-25,active
ACC000857,CUST01300,BR015,chequing,2023-10-23,active
ACC000858,CUST01115,BR008,chequing,2025-08-30,active
ACC000859,CUST00799,BR005,credit,2025-04-13,active
ACC000860,CUST00364,BR006,chequing,2025-10-12,active
ACC000861,CUST01625,BR003,chequing,2024-08-16,active
ACC000862,CUST01705,BR015,credit,2024-03-14,active
ACC000863,CUST00205,BR002,credit,2023-04-16,active
ACC000864,CUST00626,BR007,credit,2025-06-02,active
ACC000865,CUST00782,BR004,chequing,2025-08-30,active
ACC000866,CUST01119,BR007,savings,2023-12-14,active
ACC000867,CUST01905,BR003,chequing,2023-03-07,active
ACC000868,CUST01597,BR013,chequing,2025-03-11,closed
ACC000869,CUST00849,BR012,chequing,2023-05-24,active
ACC000870,CUST00403,BR007,credit,2023-03-05,active
ACC000871,CUST00953,BR008,credit,2024-10-03,active
ACC000872,CUST00197,BR008,chequing,2023-10-07,active
ACC000873,CUST01635,BR010,chequing,2023-02-23,active
ACC000874,CUST00443,BR010,savings,2023-07-03,active
ACC000875,CUST01595,BR001,credit,2025-07-13,active
ACC000876,CUST00192,BR002,chequing,2025-02-18,active
ACC000877,CUST01523,BR009,savings,2023-06-04,active
ACC000878,CUST01016,BR003,chequing,2023-09-03,active
ACC000879,CUST01687,BR005,savings,2024-07-26,active
ACC000880,CUST01623,BR002,savings,2023-08-16,active
ACC000881,CUST01121,BR013,chequing,2025-08-28,active
ACC000882,CUST00932,BR005,savings,2024-05-16,active
ACC000883,CUST00297,BR014,chequing,2024-09-09,active
ACC000884,CUST01611,BR015,chequing,2024-01-12,active
ACC000885,CUST00191,BR011,savings,2023-02-01,active
ACC000886,CUST00371,BR004,credit,2024-07-06,active
ACC000887,CUST00291,BR012,credit,2023-02-04,active
ACC000888,CUST00625,BR012,savings,2025-08-29,closed
ACC000889,CUST00770,BR010,chequing,2024-03-02,active
ACC000890,CUST00862,BR011,credit,2024-12-24,active
ACC000891,CUST00461,BR015,chequing,2025-08-21,active
ACC000892,CUST01335,BR008,credit,2024-09-06,active
ACC000893,CUST00050,BR011,chequing,2024-07-07,closed
ACC000894,CUST01695,BR012,savings,2024-12-19,active
ACC000895,CUST00076,BR003,chequing,2023-08-06,active
ACC000896,CUST00227,BR006,credit,2023-07-06,active
ACC000897,CUST00881,BR009,savings,2024-08-07,active
ACC000898,CUST01644,BR009,savings,2024-06-06,active
ACC000899,CUST00877,BR013,credit,2025-05-12,active
ACC000900,CUST00950,BR007,chequing,2023-01-20,active
ACC000901,CUST00552,BR005,savings,2024-06-14,active
ACC000902,CUST01535,BR004,savings,2023-07-01,dormant
ACC000903,CUST00225,BR010,chequing,2025-10-01,active
ACC000904,CUST01734,BR010,chequing,2023-06-25,active
ACC000905,CUST00090,BR001,savings,2025-12-19,closed
ACC000906,CUST01574,BR015,chequing,2025-03-15,active
ACC000907,CUST01496,BR011,chequing,2024-02-09,active
ACC000908,CUST00472,BR005,credit,2024-07-04,active
ACC000909,CUST00554,BR008,chequing,2025-10-29,active
ACC000910,CUST00459,BR010,credit,2025-04-20,active
ACC000911,CUST00885,BR003,chequing,2023-01-20,active
ACC000912,CUST00341,BR004,credit,2025-10-03,active
ACC000913,CUST01521,BR003,chequing,2025-01-05,closed
ACC000914,CUST00004,BR015,chequing,2024-03-22,active
ACC000915,CUST00043,BR001,credit,2025-11-28,active
ACC000916,CUST01625,BR005,credit,2025-04-05,active
ACC000917,CUST01216,BR002,credit,2023-01-10,active
ACC000918,CUST01068,BR010,credit,2023-07-04,active
ACC000919,CUST00244,BR007,chequing,2023-02-17,active
ACC000920,CUST01753,BR014,chequing,2025-02-26,active
ACC000921,CUST01519,BR011,chequing,2024-04-26,active
ACC000922,CUST01013,BR004,savings,2025-12-25,closed
ACC000923,CUST01183,BR012,savings,2023-04-02,active
ACC000924,CUST01110,BR013,credit,2024-11-20,active
ACC000925,CUST01726,BR002,credit,2025-05-20,active
ACC000926,CUST00529,BR007,chequing,2023-03-25,active
ACC000927,CUST01887,BR010,credit,2025-11-20,active
ACC000928,CUST00449,BR004,savings,2023-09-01,closed
ACC000929,CUST01481,BR014,chequing,2025-07-01,active
ACC000930,CUST00197,BR009,chequing,2024-10-13,active
ACC000931,CUST01238,BR009,credit,2025-01-26,active
ACC000932,CUST00676,BR009,chequing,2024-09-24,active
ACC000933,CUST00038,BR004,credit,2024-06-16,active
ACC000934,CUST01362,BR001,chequing,2025-01-13,active
ACC000935,CUST01562,BR004,savings,2025-04-25,active
ACC000936,CUST00915,BR006,savings,2024-05-27,active
ACC000937,CUST01824,BR012,savings,2025-04-08,active
ACC000938,CUST00304,BR012,chequing,2023-07-15,active
ACC000939,CUST00283,BR005,credit,2023-02-02,active
ACC000940,CUST01447,BR013,credit,2023-07-07,active
ACC000941,CUST00312,BR015,chequing,2024-03-31,active
ACC000942,CUST01222,BR015,savings,2023-01-03,active
ACC000943,CUST01825,BR007,chequing,2023-03-10,active
ACC000944,CUST01026,BR015,chequing,2025-10-14,active
ACC000945,CUST00666,BR015,chequing,2025-08-15,active
ACC000946,CUST01870,BR006,credit,2024-01-30,active
ACC000947,CUST00328,BR015,chequing,2024-12-06,dormant
ACC000948,CUST00036,BR001,savings,2023-06-28,active
ACC000949,CUST00194,BR013,credit,2023-10-13,active
ACC000950,CUST00680,BR002,credit,2023-08-26,active
ACC000951,CUST01922,BR002,credit,2023-12-28,active
ACC000952,CUST01996,BR006,savings,2023-02-06,active
ACC000953,CUST01775,BR015,savings,2023-08-23,closed
ACC000954,CUST00125,BR008,credit,2023-12-21,active
ACC000955,CUST00542,BR007,savings,2023-02-18,active
ACC000956,CUST00262,BR009,chequing,2025-12-05,active
ACC000957,CUST00178,BR001,chequing,2023-12-26,active
ACC000958,CUST01852,BR003,credit,2025-05-24,active
ACC000959,CUST00184,BR003,chequing,2024-06-25,closed
ACC000960,CUST01465,BR006,chequing,2025-10-16,active
ACC000961,CUST00892,BR013,savings,2024-04-04,dormant
ACC000962,CUST01581,BR015,credit,2024-06-13,active
ACC000963,CUST01486,BR001,savings,2023-12-30,closed
ACC000964,CUST00901,BR007,chequing,2024-09-06,active
ACC000965,CUST01980,BR001,chequing,2023-06-30,active
ACC000966,CUST00015,BR006,savings,2024-02-24,dormant
ACC000967,CUST00634,BR008,chequing,2024-06-15,active
ACC000968,CUST01144,BR007,chequing,2025-10-02,dormant
ACC000969,CUST01096,BR003,chequing,2024-10-12,active
ACC000970,CUST01535,BR011,chequing,2025-07-28,active
ACC000971,CUST00376,BR007,savings,2023-01-08,active
ACC000972,CUST01736,BR007,credit,2025-03-04,closed
ACC000973,CUST01909,BR012,savings,2023-11-09,closed
ACC000974,CUST00566,BR002,credit,2025-06-24,closed
ACC000975,CUST00838,BR014,credit,2025-06-24,active
ACC000976,CUST01730,BR005,credit,2024-08-23,active
ACC000977,CUST01700,BR002,credit,2023-11-23,active
ACC000978,CUST01309,BR004,savings,2023-01-31,active
ACC000979,CUST01997,BR015,chequing,2025-11-11,active
ACC000980,CUST01159,BR008,savings,2023-10-26,active
ACC000981,CUST00642,BR014,savings,2024-03-05,active
ACC000982,CUST00630,BR012,savings,2025-02-13,active
ACC000983,CUST01941,BR002,chequing,2023-06-27,active
ACC000984,CUST01305,BR007,savings,2024-12-30,active
ACC000985,CUST00526,BR010,chequing,2023-02-05,dormant
ACC000986,CUST01352,BR012,savings,2024-08-02,active
ACC000987,CUST00181,BR013,chequing,2023-07-27,active
ACC000988,CUST01255,BR008,chequing,2023-06-14,active
ACC000989,CUST00950,BR004,chequing,2025-05-28,active
ACC000990,CUST00462,BR006,credit,2024-08-11,active
ACC000991,CUST01770,BR009,chequing,2023-05-13,active
ACC000992,CUST00568,BR010,savings,2023-02-17,dormant
ACC000993,CUST00830,BR005,chequing,2024-12-12,active
ACC000994,CUST01673,BR002,chequing,2024-01-08,active
ACC000995,CUST01670,BR015,savings,2024-09-28,active
ACC000996,CUST01536,BR005,chequing,2024-01-17,active
ACC000997,CUST00061,BR002,credit,2025-04-02,active
ACC000998,CUST01252,BR012,credit,2025-05-18,active
ACC000999,CUST01938,BR004,savings,2023-10-19,active
ACC001000,CUST01496,BR011,credit,2025-02-27,active
ACC001001,CUST00120,BR004,chequing,2023-05-08,dormant
ACC001002,CUST00413,BR002,credit,2025-07-03,active
ACC001003,CUST01213,BR010,credit,2023-04-12,active
ACC001004,CUST01654,BR005,chequing,2023-01-28,active
ACC001005,CUST01883,BR015,savings,2023-08-28,active
ACC001006,CUST01537,BR012,savings,2023-07-22,active
ACC001007,CUST00956,BR013,credit,2025-04-29,active
ACC001008,CUST01535,BR002,credit,2025-03-05,closed
ACC001009,CUST00319,BR013,savings,2023-04-15,active
ACC001010,CUST00530,BR002,credit,2024-08-06,active
ACC001011,CUST01303,BR008,credit,2024-11-04,closed
ACC001012,CUST01887,BR001,credit,2023-09-04,active
ACC001013,CUST01963,BR008,savings,2024-04-02,active
ACC001014,CUST00340,BR012,chequing,2023-02-16,active
ACC001015,CUST00341,BR009,credit,2025-06-27,active
ACC001016,CUST00008,BR008,chequing,2025-08-16,active
ACC001017,CUST00116,BR012,chequing,2025-08-16,active
ACC001018,CUST00851,BR002,savings,2023-02-26,active
ACC001019,CUST01049,BR002,credit,2025-08-20,dormant
ACC001020,CUST00317,BR003,chequing,2025-02-25,active
ACC001021,CUST01005,BR013,chequing,2024-02-10,active
ACC001022,CUST01716,BR004,chequing,2025-07-05,closed
ACC001023,CUST01147,BR014,chequing,2023-01-15,active
ACC001024,CUST00588,BR009,chequing,2025-01-20,active
ACC001025,CUST00954,BR014,credit,2023-03-06,active
ACC001026,CUST01334,BR005,credit,2024-08-23,active
ACC001027,CUST01573,BR003,chequing,2025-03-20,dormant
ACC001028,CUST00333,BR014,chequing,2025-03-11,active
ACC001029,CUST01617,BR007,credit,2025-02-22,active
ACC001030,CUST01735,BR008,savings,2025-03-26,active
ACC001031,CUST00041,BR007,savings,2024-12-31,active
ACC001032,CUST01270,BR012,chequing,2024-05-18,active
ACC001033,CUST01873,BR015,savings,2023-10-18,active
ACC001034,CUST00113,BR012,chequing,2025-04-12,closed
ACC001035,CUST01687,BR003,savings,2023-05-29,active
ACC001036,CUST01901,BR001,chequing,2024-02-09,active
ACC001037,CUST01928,BR014,credit,2025-12-06,active
ACC001038,CUST01829,BR013,chequing,2024-07-31,active
ACC001039,CUST01440,BR012,credit,2023-08-19,active
ACC001040,CUST01773,BR004,credit,2023-10-08,active
ACC001041,CUST01752,BR005,credit,2023-05-16,active
ACC001042,CUST00021,BR005,chequing,2025-05-20,active
ACC001043,CUST01658,BR002,chequing,2024-10-09,closed
ACC001044,CUST00096,BR003,chequing,2025-01-24,closed
ACC001045,CUST00773,BR008,credit,2025-01-16,active
ACC001046,CUST01463,BR009,savings,2024-08-18,active
ACC001047,CUST01627,BR004,chequing,2024-11-06,active
ACC001048,CUST01127,BR002,chequing,2023-01-07,active
ACC001049,CUST01680,BR002,savings,2025-10-18,active
ACC001050,CUST01575,BR003,savings,2025-11-01,active
ACC001051,CUST01199,BR013,savings,2023-09-08,active
ACC001052,CUST00506,BR009,savings,2024-10-19,active
ACC001053,CUST01873,BR014,chequing,2023-10-08,active
ACC001054,CUST00157,BR015,savings,2025-10-06,active
ACC001055,CUST00202,BR003,chequing,2025-02-01,active
ACC001056,CUST01020,BR009,chequing,2024-11-30,active
ACC001057,CUST00317,BR007,credit,2023-04-04,active
ACC001058,CUST01664,BR010,savings,2023-11-26,active
ACC001059,CUST00786,BR001,chequing,2024-08-28,active
ACC001060,CUST00892,BR013,credit,2025-01-27,active
ACC001061,CUST00866,BR013,savings,2025-08-17,active
ACC001062,CUST00734,BR002,savings,2023-07-28,active
ACC001063,CUST00417,BR001,credit,2025-08-07,active
ACC001064,CUST00787,BR013,savings,2025-09-11,active
ACC001065,CUST01314,BR013,chequing,2025-09-12,active
ACC001066,CUST00126,BR004,chequing,2025-09-23,active
ACC001067,CUST00468,BR009,chequing,2024-01-16,closed
ACC001068,CUST00608,BR014,chequing,2024-09-09,active
ACC001069,CUST00665,BR012,savings,2024-01-06,active
ACC001070,CUST00332,BR010,chequing,2024-11-11,active
ACC001071,CUST01540,BR007,credit,2025-12-17,active
ACC001072,CUST00303,BR015,savings,2024-01-16,active
ACC001073,CUST01708,BR005,chequing,2025-07-07,active
ACC001074,CUST00514,BR003,chequing,2025-07-01,active
ACC001075,CUST00773,BR011,chequing,2023-10-22,active
ACC001076,CUST00139,BR014,credit,2024-02-27,closed
ACC001077,CUST00427,BR012,credit,2025-04-01,active
ACC001078,CUST01417,BR003,savings,2023-09-14,active
ACC001079,CUST01084,BR007,credit,2025-10-29,active
ACC001080,CUST01244,BR001,savings,2023-03-03,active
ACC001081,CUST01059,BR015,credit,2025-03-16,active
ACC001082,CUST00479,BR003,chequing,2024-11-16,active
ACC001083,CUST01593,BR004,savings,2023-01-13,active
ACC001084,CUST00053,BR011,credit,2023-10-24,active
ACC001085,CUST01184,BR007,credit,2023-06-21,dormant
ACC001086,CUST00671,BR010,savings,2025-05-28,dormant
ACC001087,CUST01591,BR001,savings,2024-01-28,active
ACC001088,CUST01512,BR006,savings,2025-07-11,active
ACC001089,CUST00971,BR009,credit,2025-08-06,active
ACC001090,CUST00695,BR006,savings,2023-11-22,active
ACC001091,CUST00158,BR010,credit,2023-02-26,active
ACC001092,CUST01601,BR009,savings,2023-10-29,active
ACC001093,CUST00977,BR004,savings,2023-09-24,active
ACC001094,CUST00423,BR003,chequing,2023-12-27,active
ACC001095,CUST01318,BR003,savings,2023-07-31,active
ACC001096,CUST00154,BR014,savings,2025-01-29,active
ACC001097,CUST01004,BR007,credit,2023-09-05,dormant
ACC001098,CUST00219,BR007,chequing,2023-04-28,active
ACC001099,CUST00323,BR010,credit,2025-01-31,active
ACC001100,CUST00550,BR014,credit,2025-04-07,active
ACC001101,CUST00477,BR001,savings,2023-12-26,closed
ACC001102,CUST01712,BR007,credit,2023-01-17,active
ACC001103,CUST01755,BR013,chequing,2024-01-19,active
ACC001104,CUST00370,BR012,savings,2023-01-29,active
ACC001105,CUST01824,BR005,chequing,2025-03-25,active
ACC001106,CUST01698,BR002,chequing,2025-05-14,active
ACC001107,CUST01779,BR002,savings,2025-08-09,closed
ACC001108,CUST01556,BR001,chequing,2023-06-14,active
ACC001109,CUST00398,BR008,chequing,2024-12-02,active
ACC001110,CUST01928,BR001,savings,2024-02-11,active
ACC001111,CUST00847,BR014,savings,2024-01-11,active
ACC001112,CUST00573,BR007,credit,2024-04-03,closed
ACC001113,CUST01768,BR013,savings,2023-11-24,active
ACC001114,CUST01603,BR008,savings,2024-05-09,closed
ACC001115,CUST00011,BR009,chequing,2023-03-08,active
ACC001116,CUST01549,BR015,savings,2024-06-16,active
ACC001117,CUST01805,BR006,credit,2024-10-27,active
ACC001118,CUST01237,BR004,credit,2024-04-05,active
ACC001119,CUST01436,BR003,savings,2024-01-05,active
ACC001120,CUST00179,BR003,credit,2023-08-30,active
ACC001121,CUST00456,BR006,credit,2023-04-08,active
ACC001122,CUST01582,BR010,savings,2023-05-02,active
ACC001123,CUST00882,BR012,savings,2025-07-15,active
ACC001124,CUST00679,BR014,chequing,2025-07-18,closed
ACC001125,CUST01133,BR011,savings,2024-12-29,dormant
ACC001126,CUST01205,BR008,savings,2025-02-04,active
ACC001127,CUST01481,BR001,credit,2025-06-09,active
ACC001128,CUST00006,BR007,credit,2025-10-11,dormant
ACC001129,CUST01544,BR007,chequing,2023-12-14,active
ACC001130,CUST00021,BR011,credit,2023-07-31,active
ACC001131,CUST01726,BR014,chequing,2023-04-06,active
ACC001132,CUST01581,BR002,savings,2024-09-04,closed
ACC001133,CUST00488,BR010,chequing,2024-07-26,active
ACC001134,CUST01173,BR015,chequing,2024-04-06,active
ACC001135,CUST00322,BR006,chequing,2024-05-21,active
ACC001136,CUST00014,BR003,chequing,2025-01-02,active
ACC001137,CUST00316,BR013,savings,2024-11-09,active
ACC001138,CUST01994,BR001,chequing,2024-04-08,dormant
ACC001139,CUST00581,BR006,credit,2023-03-10,active
ACC001140,CUST00830,BR010,credit,2024-08-06,active
ACC001141,CUST00427,BR010,chequing,2024-05-17,active
ACC001142,CUST00333,BR005,chequing,2025-03-18,closed
ACC001143,CUST01213,BR007,chequing,2023-01-15,active
ACC001144,CUST00055,BR006,credit,2024-04-17,active
ACC001145,CUST01704,BR013,savings,2024-07-07,active
ACC001146,CUST01802,BR010,chequing,2025-06-28,active
ACC001147,CUST01539,BR010,savings,2024-10-03,closed
ACC001148,CUST01253,BR010,credit,2023-10-02,dormant
ACC001149,CUST00242,BR003,chequing,2025-10-13,active
ACC001150,CUST00155,BR008,savings,2024-09-24,active
ACC001151,CUST00570,BR003,chequing,2023-01-31,active
ACC001152,CUST01220,BR013,savings,2023-07-10,active
ACC001153,CUST01847,BR008,savings,2023-07-20,active
ACC001154,CUST00371,BR007,savings,2023-06-05,active
ACC001155,CUST00205,BR008,savings,2024-04-20,active
ACC001156,CUST00263,BR007,savings,2025-08-27,active
ACC001157,CUST01368,BR014,credit,2025-03-27,active
ACC001158,CUST00211,BR015,chequing,2023-02-22,closed
ACC001159,CUST00872,BR002,savings,2024-04-13,active
ACC001160,CUST01170,BR010,chequing,2025-12-27,closed
ACC001161,CUST00646,BR014,chequing,2024-07-07,active
ACC001162,CUST00341,BR012,chequing,2023-05-09,active
ACC001163,CUST00472,BR014,savings,2024-12-27,active
ACC001164,CUST00193,BR005,chequing,2023-10-13,active
ACC001165,CUST01311,BR002,savings,2024-05-01,active
ACC001166,CUST00102,BR009,savings,2025-09-20,closed
ACC001167,CUST00945,BR011,chequing,2024-06-18,active
ACC001168,CUST01995,BR003,savings,2024-05-29,closed
ACC001169,CUST00315,BR002,credit,2024-04-28,active
ACC001170,CUST00521,BR011,credit,2024-10-20,active
ACC001171,CUST01106,BR013,chequing,2024-01-05,active
ACC001172,CUST01985,BR001,savings,2025-09-16,active
ACC001173,CUST00884,BR008,credit,2025-02-21,active
ACC001174,CUST00407,BR004,chequing,2023-12-15,active
ACC001175,CUST01144,BR007,savings,2023-07-15,active
ACC001176,CUST01265,BR001,chequing,2024-11-27,active
ACC001177,CUST01112,BR011,savings,2025-06-06,active
ACC001178,CUST01810,BR009,savings,2025-10-28,active
ACC001179,CUST00736,BR012,credit,2025-12-22,active
ACC001180,CUST01514,BR009,chequing,2024-10-18,active
ACC001181,CUST01456,BR013,savings,2023-10-04,active
ACC001182,CUST00353,BR001,credit,2025-11-06,active
ACC001183,CUST00988,BR003,credit,2023-12-11,active
ACC001184,CUST01893,BR004,credit,2024-10-15,active
ACC001185,CUST00165,BR013,credit,2025-03-13,active
ACC001186,CUST00326,BR003,chequing,2024-12-18,active
ACC001187,CUST00218,BR009,chequing,2024-12-23,active
ACC001188,CUST01360,BR015,credit,2025-04-10,active
ACC001189,CUST01809,BR005,savings,2023-12-19,active
ACC001190,CUST00387,BR010,savings,2024-01-05,active
ACC001191,CUST00186,BR014,chequing,2023-11-29,active
ACC001192,CUST00561,BR002,savings,2023-12-25,active
ACC001193,CUST01614,BR001,credit,2025-05-05,active
ACC001194,CUST01703,BR012,savings,2023-03-23,active
ACC001195,CUST00817,BR001,savings,2024-12-02,active
ACC001196,CUST00108,BR010,savings,2025-05-31,active
ACC001197,CUST00137,BR008,savings,2023-03-22,active
ACC001198,CUST00475,BR010,chequing,2023-04-13,active
ACC001199,CUST00173,BR010,chequing,2024-05-18,active
ACC001200,CUST00412,BR009,credit,2023-12-30,active
ACC001201,CUST00611,BR014,savings,2023-07-11,active
ACC001202,CUST01213,BR004,savings,2023-01-12,active
ACC001203,CUST00860,BR001,credit,2023-10-22,active
ACC001204,CUST01350,BR001,savings,2025-03-30,active
ACC001205,CUST00228,BR015,credit,2025-05-06,active
ACC001206,CUST00113,BR008,savings,2023-09-23,active
ACC001207,CUST00448,BR012,credit,2024-12-25,active
ACC001208,CUST01173,BR006,chequing,2025-08-06,active
ACC001209,CUST00556,BR007,chequing,2025-06-29,active
ACC001210,CUST01350,BR003,chequing,2023-08-16,active
ACC001211,CUST01777,BR015,chequing,2025-04-20,active
ACC001212,CUST01317,BR015,credit,2024-06-14,active
ACC001213,CUST00191,BR007,savings,2023-10-09,closed
ACC001214,CUST01466,BR002,savings,2024-12-15,active
ACC001215,CUST01674,BR005,chequing,2024-02-07,active
ACC001216,CUST00951,BR008,credit,2025-03-06,active
ACC001217,CUST00977,BR007,chequing,2025-05-14,closed
ACC001218,CUST00427,BR013,savings,2024-08-21,active
ACC001219,CUST01997,BR001,savings,2025-05-27,active
ACC001220,CUST00970,BR006,savings,2023-07-24,active
ACC001221,CUST00904,BR001,chequing,2025-10-09,active
ACC001222,CUST01157,BR004,chequing,2024-09-05,active
ACC001223,CUST00085,BR015,chequing,2024-08-10,active
ACC001224,CUST00912,BR005,savings,2024-07-01,active
ACC001225,CUST01017,BR003,chequing,2024-07-04,active
ACC001226,CUST01600,BR006,chequing,2025-10-23,active
ACC001227,CUST01173,BR005,savings,2023-01-23,active
ACC001228,CUST01791,BR005,credit,2025-01-27,active
ACC001229,CUST00776,BR014,chequing,2025-05-06,active
ACC001230,CUST00085,BR005,credit,2025-08-15,active
ACC001231,CUST01057,BR007,credit,2024-06-29,active
ACC001232,CUST00025,BR001,credit,2024-11-25,active
ACC001233,CUST01791,BR006,credit,2024-10-02,active
ACC001234,CUST01933,BR005,chequing,2023-07-07,active
ACC001235,CUST00571,BR004,savings,2023-02-02,active
ACC001236,CUST00067,BR010,chequing,2025-09-03,active
ACC001237,CUST00537,BR011,savings,2023-04-13,active
ACC001238,CUST01734,BR011,credit,2025-04-20,active
ACC001239,CUST00602,BR004,savings,2025-10-31,dormant
ACC001240,CUST01071,BR005,savings,2024-03-10,active
ACC001241,CUST00812,BR012,savings,2023-06-18,active
ACC001242,CUST00925,BR014,credit,2024-12-20,closed
ACC001243,CUST00526,BR015,savings,2025-08-15,active
ACC001244,CUST01796,BR007,chequing,2025-04-07,active
ACC001245,CUST01658,BR015,chequing,2025-01-23,active
ACC001246,CUST01807,BR012,chequing,2025-11-29,active
ACC001247,CUST01060,BR012,credit,2023-03-10,closed
ACC001248,CUST00306,BR008,savings,2023-12-08,active
ACC001249,CUST00226,BR001,credit,2024-09-22,active
ACC001250,CUST01429,BR008,credit,2025-02-27,active
ACC001251,CUST02000,BR004,savings,2025-04-23,active
ACC001252,CUST00878,BR001,savings,2023-03-16,active
ACC001253,CUST00508,BR008,savings,2025-05-20,active
ACC001254,CUST00504,BR004,chequing,2025-03-22,active
ACC001255,CUST00902,BR011,chequing,2023-02-15,active
ACC001256,CUST00965,BR012,chequing,2023-10-05,active
ACC001257,CUST00376,BR007,savings,2025-08-31,closed
ACC001258,CUST01316,BR005,chequing,2023-02-03,active
ACC001259,CUST00926,BR009,credit,2025-11-04,active
ACC001260,CUST00447,BR009,savings,2023-04-06,active
ACC001261,CUST01539,BR004,credit,2025-04-29,active
ACC001262,CUST01393,BR014,chequing,2025-11-20,active
ACC001263,CUST01779,BR014,credit,2025-09-13,dormant
ACC001264,CUST00050,BR012,savings,2024-10-22,active
ACC001265,CUST01729,BR011,credit,2024-09-11,active
ACC001266,CUST00285,BR014,chequing,2025-07-21,active
ACC001267,CUST01327,BR014,credit,2025-05-15,active
ACC001268,CUST01567,BR002,credit,2025-04-02,active
ACC001269,CUST00907,BR001,savings,2025-03-11,active
ACC001270,CUST01719,BR001,chequing,2025-04-03,active
ACC001271,CUST01184,BR015,credit,2023-01-31,active
ACC001272,CUST01933,BR013,credit,2023-12-30,active
ACC001273,CUST01043,BR014,credit,2023-06-14,active
ACC001274,CUST01161,BR014,credit,2023-11-24,active
ACC001275,CUST01151,BR003,savings,2024-10-23,dormant
ACC001276,CUST01576,BR004,chequing,2025-08-07,active
ACC001277,CUST01511,BR015,chequing,2025-12-29,active
ACC001278,CUST01701,BR005,credit,2024-06-21,active
ACC001279,CUST01203,BR005,chequing,2023-03-03,active
ACC001280,CUST01425,BR010,credit,2024-04-25,dormant
ACC001281,CUST00179,BR011,chequing,2024-10-31,active
ACC001282,CUST01311,BR010,credit,2023-02-09,active
ACC001283,CUST00735,BR013,credit,2025-05-07,active
ACC001284,CUST00780,BR010,chequing,2023-05-11,active
ACC001285,CUST01679,BR009,savings,2024-01-24,active
ACC001286,CUST00530,BR010,credit,2023-11-29,dormant
ACC001287,CUST00557,BR004,credit,2025-11-15,active
ACC001288,CUST00570,BR011,chequing,2023-04-22,active
ACC001289,CUST01604,BR014,credit,2023-06-04,active
ACC001290,CUST01104,BR002,savings,2025-08-23,active
ACC001291,CUST01900,BR001,savings,2025-02-10,dormant
ACC001292,CUST00556,BR011,chequing,2023-08-22,active
ACC001293,CUST01322,BR009,credit,2023-04-17,active
ACC001294,CUST01333,BR014,savings,2023-10-18,closed
ACC001295,CUST01340,BR009,chequing,2024-11-03,active
ACC001296,CUST01925,BR008,chequing,2023-08-23,active
ACC001297,CUST01919,BR010,chequing,2025-04-24,active
ACC001298,CUST00088,BR008,chequing,2024-02-21,active
ACC001299,CUST01289,BR009,chequing,2025-11-26,active
ACC001300,CUST01774,BR014,chequing,2025-07-19,active
ACC001301,CUST00308,BR009,chequing,2025-04-29,active
ACC001302,CUST01334,BR014,savings,2024-09-04,active
ACC001303,CUST00669,BR013,chequing,2023-02-09,active
ACC001304,CUST01058,BR009,credit,2024-11-25,dormant
ACC001305,CUST00377,BR011,credit,2025-08-14,active
ACC001306,CUST00182,BR002,savings,2023-01-05,active
ACC001307,CUST01214,BR011,chequing,2025-02-27,closed
ACC001308,CUST00352,BR013,savings,2025-04-11,active
ACC001309,CUST00032,BR009,chequing,2025-12-22,active
ACC001310,CUST00035,BR004,credit,2023-09-03,active
ACC001311,CUST01302,BR013,chequing,2025-05-12,active
ACC001312,CUST01846,BR015,savings,2024-07-28,active
ACC001313,CUST00668,BR013,credit,2025-02-20,active
ACC001314,CUST00377,BR011,savings,2024-11-15,dormant
ACC001315,CUST01394,BR014,savings,2023-01-13,active
ACC001316,CUST00023,BR012,credit,2024-08-27,active
ACC001317,CUST01906,BR011,chequing,2024-09-02,active
ACC001318,CUST01796,BR006,chequing,2025-04-15,active
ACC001319,CUST01200,BR002,chequing,2024-04-01,active
ACC001320,CUST00510,BR001,chequing,2024-06-29,active
ACC001321,CUST00830,BR014,credit,2023-05-01,active
ACC001322,CUST00772,BR011,savings,2023-01-02,active
ACC001323,CUST01545,BR005,chequing,2025-02-07,active
ACC001324,CUST01730,BR013,credit,2024-09-23,active
ACC001325,CUST00727,BR004,credit,2025-05-20,active
ACC001326,CUST01544,BR002,credit,2025-12-27,active
ACC001327,CUST01618,BR006,savings,2023-02-03,dormant
ACC001328,CUST01790,BR007,credit,2024-07-11,active
ACC001329,CUST01841,BR009,credit,2023-10-28,active
ACC001330,CUST01791,BR012,credit,2025-07-14,dormant
ACC001331,CUST00510,BR009,savings,2024-07-20,closed
ACC001332,CUST00820,BR007,chequing,2024-02-09,dormant
ACC001333,CUST00473,BR007,chequing,2025-02-19,active
ACC001334,CUST00950,BR010,credit,2025-12-19,active
ACC001335,CUST01199,BR002,chequing,2025-02-02,active
ACC001336,CUST01162,BR014,savings,2023-12-23,active
ACC001337,CUST00104,BR005,chequing,2025-12-10,active
ACC001338,CUST00340,BR007,credit,2023-09-21,active
ACC001339,CUST00854,BR007,chequing,2025-07-18,closed
ACC001340,CUST01166,BR010,savings,2023-12-29,active
ACC001341,CUST00707,BR007,credit,2023-11-13,active
ACC001342,CUST01510,BR010,credit,2024-05-22,active
ACC001343,CUST01540,BR009,credit,2025-09-04,closed
ACC001344,CUST00819,BR009,credit,2025-08-08,active
ACC001345,CUST00924,BR010,chequing,2025-02-01,closed
ACC001346,CUST00889,BR001,savings,2023-09-06,active
ACC001347,CUST01076,BR003,chequing,2025-12-07,closed
ACC001348,CUST01654,BR005,credit,2024-05-20,active
ACC001349,CUST00410,BR010,credit,2024-01-24,dormant
ACC001350,CUST01228,BR002,chequing,2023-09-16,active
ACC001351,CUST00061,BR001,chequing,2024-08-16,active
ACC001352,CUST01337,BR011,credit,2025-08-13,closed
ACC001353,CUST00301,BR014,credit,2023-05-18,dormant
ACC001354,CUST00625,BR012,credit,2024-04-09,closed
ACC001355,CUST01784,BR005,credit,2023-05-25,active
ACC001356,CUST00243,BR001,chequing,2025-11-23,active
ACC001357,CUST01016,BR006,chequing,2025-08-20,active
ACC001358,CUST01212,BR010,credit,2025-06-09,active
ACC001359,CUST01706,BR011,savings,2024-08-31,active
ACC001360,CUST01610,BR011,credit,2023-10-05,active
ACC001361,CUST00024,BR006,credit,2023-11-06,active
ACC001362,CUST00375,BR004,savings,2024-04-20,active
ACC001363,CUST01910,BR008,savings,2025-05-26,active
ACC001364,CUST01640,BR002,credit,2024-06-18,active
ACC001365,CUST01271,BR007,chequing,2023-03-11,active
ACC001366,CUST01756,BR006,savings,2025-12-29,active
ACC001367,CUST00009,BR002,savings,2025-01-16,active
ACC001368,CUST01916,BR001,savings,2025-04-16,active
ACC001369,CUST01918,BR009,savings,2024-11-13,dormant
ACC001370,CUST00314,BR013,credit,2024-08-17,active
ACC001371,CUST00014,BR005,chequing,2024-09-21,active
ACC001372,CUST00247,BR012,chequing,2024-10-13,active
ACC001373,CUST00149,BR011,chequing,2025-09-14,active
ACC001374,CUST00647,BR014,savings,2023-07-18,active
ACC001375,CUST01017,BR008,savings,2024-02-07,active
ACC001376,CUST00151,BR008,savings,2023-05-08,active
ACC001377,CUST00177,BR013,credit,2024-01-03,dormant
ACC001378,CUST00301,BR012,savings,2023-05-26,active
ACC001379,CUST01057,BR008,chequing,2024-03-06,active
ACC001380,CUST00389,BR005,credit,2024-01-12,active
ACC001381,CUST01745,BR005,savings,2025-07-07,active
ACC001382,CUST01248,BR001,savings,2025-10-07,active
ACC001383,CUST00910,BR012,credit,2025-05-01,closed
ACC001384,CUST01587,BR004,savings,2023-05-15,closed
ACC001385,CUST01813,BR001,credit,2025-08-21,active
ACC001386,CUST00157,BR013,credit,2023-05-27,active
ACC001387,CUST01290,BR001,credit,2025-01-01,active
ACC001388,CUST01424,BR004,credit,2023-12-07,closed
ACC001389,CUST01215,BR006,chequing,2024-07-02,active
ACC001390,CUST00395,BR005,chequing,2023-05-31,active
ACC001391,CUST00726,BR009,chequing,2024-12-06,active
ACC001392,CUST01520,BR002,credit,2023-07-15,active
ACC001393,CUST01711,BR008,savings,2024-07-09,active
ACC001394,CUST01269,BR007,credit,2025-01-19,active
ACC001395,CUST01365,BR002,savings,2023-04-07,active
ACC001396,CUST01682,BR008,chequing,2023-04-14,active
ACC001397,CUST01204,BR004,chequing,2024-09-29,active
ACC001398,CUST00639,BR002,credit,2024-07-19,dormant
ACC001399,CUST01559,BR004,credit,2023-11-03,active
ACC001400,CUST01648,BR009,chequing,2024-03-04,active
ACC001401,CUST00807,BR013,chequing,2023-03-23,active
ACC001402,CUST00762,BR015,credit,2025-03-28,active
ACC001403,CUST00571,BR011,credit,2023-02-13,active
ACC001404,CUST01094,BR009,chequing,2023-11-07,active
ACC001405,CUST00323,BR010,credit,2024-11-23,active
ACC001406,CUST01846,BR007,savings,2025-06-14,active
ACC001407,CUST00424,BR014,chequing,2024-04-29,active
ACC001408,CUST00856,BR003,chequing,2023-04-24,closed
ACC001409,CUST01239,BR008,savings,2024-06-23,closed
ACC001410,CUST01031,BR015,credit,2023-04-20,active
ACC001411,CUST01722,BR007,savings,2023-03-29,active
ACC001412,CUST01977,BR010,credit,2025-09-16,dormant
ACC001413,CUST00088,BR010,chequing,2023-03-26,dormant
ACC001414,CUST01466,BR002,credit,2023-07-09,active
ACC001415,CUST01481,BR014,credit,2024-07-31,closed
ACC001416,CUST00162,BR002,chequing,2023-10-25,active
ACC001417,CUST00776,BR002,chequing,2024-11-17,active
ACC001418,CUST01134,BR006,credit,2023-04-07,active
ACC001419,CUST01640,BR007,chequing,2024-01-17,active
ACC001420,CUST00229,BR010,credit,2025-04-05,active
ACC001421,CUST00932,BR013,credit,2023-11-22,active
ACC001422,CUST00643,BR004,credit,2025-08-21,active
ACC001423,CUST00975,BR008,savings,2025-01-14,active
ACC001424,CUST00607,BR008,credit,2023-04-27,closed
ACC001425,CUST01391,BR015,credit,2023-10-09,closed
ACC001426,CUST01834,BR004,chequing,2025-06-27,active
ACC001427,CUST00593,BR007,credit,2023-05-31,active
ACC001428,CUST01173,BR006,credit,2024-05-14,active
ACC001429,CUST00863,BR015,savings,2025-03-04,dormant
ACC001430,CUST00271,BR014,savings,2024-01-04,active
ACC001431,CUST01440,BR013,credit,2025-02-08,closed
ACC001432,CUST00745,BR004,chequing,2023-10-10,active
ACC001433,CUST00151,BR012,credit,2024-09-08,active
ACC001434,CUST00766,BR008,credit,2025-07-07,active
ACC001435,CUST01858,BR007,credit,2025-04-01,active
ACC001436,CUST01901,BR014,chequing,2025-03-16,active
ACC001437,CUST00812,BR007,chequing,2025-06-07,active
ACC001438,CUST00760,BR001,chequing,2025-12-23,closed
ACC001439,CUST00180,BR011,credit,2025-05-28,active
ACC001440,CUST00017,BR010,credit,2023-09-05,active
ACC001441,CUST00444,BR010,chequing,2023-08-31,dormant
ACC001442,CUST00121,BR013,credit,2024-04-30,active
ACC001443,CUST00294,BR006,chequing,2023-02-17,active
ACC001444,CUST00695,BR003,credit,2024-02-14,active
ACC001445,CUST00943,BR013,savings,2025-08-15,active
ACC001446,CUST00751,BR004,chequing,2024-01-18,dormant
ACC001447,CUST00086,BR001,credit,2025-12-28,active
ACC001448,CUST00273,BR014,savings,2024-12-15,closed
ACC001449,CUST01941,BR008,savings,2024-10-20,active
ACC001450,CUST00560,BR011,credit,2023-10-08,active
ACC001451,CUST00586,BR012,credit,2024-07-30,active
ACC001452,CUST01896,BR006,chequing,2025-11-18,active
ACC001453,CUST01142,BR001,credit,2023-09-05,active
ACC001454,CUST01220,BR007,savings,2024-12-18,active
ACC001455,CUST00581,BR015,savings,2024-11-07,active
ACC001456,CUST00832,BR003,chequing,2025-01-29,active
ACC001457,CUST01011,BR010,savings,2023-04-18,active
ACC001458,CUST00835,BR007,chequing,2024-04-25,dormant
ACC001459,CUST00837,BR002,savings,2023-10-13,active
ACC001460,CUST00867,BR001,savings,2023-01-22,active
ACC001461,CUST01769,BR011,chequing,2025-05-13,closed
ACC001462,CUST00832,BR001,chequing,2024-02-07,active
ACC001463,CUST00129,BR006,credit,2025-01-17,active
ACC001464,CUST00767,BR004,credit,2023-01-09,active
ACC001465,CUST00472,BR011,credit,2023-07-04,active
ACC001466,CUST01657,BR002,savings,2025-05-16,active
ACC001467,CUST01079,BR008,credit,2023-05-07,active
ACC001468,CUST00368,BR005,savings,2023-06-03,active
ACC001469,CUST01210,BR006,savings,2025-06-24,active
ACC001470,CUST00116,BR012,savings,2024-06-25,active
ACC001471,CUST00749,BR004,chequing,2024-10-17,active
ACC001472,CUST01880,BR008,credit,2023-04-22,active
ACC001473,CUST00943,BR002,credit,2023-06-13,active
ACC001474,CUST01910,BR009,credit,2025-12-24,active
ACC001475,CUST01976,BR012,savings,2025-04-08,active
ACC001476,CUST00880,BR006,savings,2023-09-10,active
ACC001477,CUST00399,BR015,savings,2025-10-10,active
ACC001478,CUST01374,BR009,savings,2025-03-21,active
ACC001479,CUST00015,BR006,credit,2025-08-17,active
ACC001480,CUST00381,BR004,credit,2025-09-06,active
ACC001481,CUST01642,BR012,chequing,2024-06-27,active
ACC001482,CUST00013,BR013,credit,2023-07-25,active
ACC001483,CUST00336,BR001,credit,2025-01-07,active
ACC001484,CUST00496,BR004,chequing,2023-10-22,active
ACC001485,CUST01237,BR012,savings,2024-03-11,active
ACC001486,CUST00273,BR004,credit,2025-04-09,active
ACC001487,CUST00082,BR003,credit,2023-10-01,active
ACC001488,CUST01563,BR003,savings,2025-07-31,active
ACC001489,CUST01761,BR010,credit,2024-01-18,active
ACC001490,CUST00900,BR008,chequing,2023-11-23,active
ACC001491,CUST01096,BR014,savings,2023-10-16,active
ACC001492,CUST00489,BR011,chequing,2023-02-14,active
ACC001493,CUST00515,BR012,chequing,2023-05-14,active
ACC001494,CUST00387,BR004,chequing,2025-11-23,active
ACC001495,CUST00284,BR004,savings,2025-10-10,active
ACC001496,CUST01239,BR010,credit,2023-11-02,closed
ACC001497,CUST00019,BR013,credit,2025-09-16,active
ACC001498,CUST00658,BR014,chequing,2024-11-03,active
ACC001499,CUST01414,BR006,chequing,2025-03-07,active
ACC001500,CUST01897,BR008,savings,2025-06-12,active
ACC001501,CUST01248,BR010,chequing,2024-02-18,active
ACC001502,CUST00453,BR002,chequing,2023-01-08,active
ACC001503,CUST00806,BR013,savings,2024-05-18,active
ACC001504,CUST00317,BR003,savings,2023-11-05,closed
ACC001505,CUST01010,BR008,savings,2025-08-14,active
ACC001506,CUST01924,BR002,savings,2025-11-02,active
ACC001507,CUST00070,BR007,savings,2024-09-03,active
ACC001508,CUST00058,BR015,savings,2023-01-08,active
ACC001509,CUST00741,BR001,chequing,2025-02-14,active
ACC001510,CUST00687,BR010,savings,2023-12-14,active
ACC001511,CUST01631,BR005,chequing,2024-08-12,active
ACC001512,CUST01688,BR001,credit,2025-08-26,active
ACC001513,CUST00610,BR012,chequing,2023-09-28,closed
ACC001514,CUST00554,BR001,credit,2025-06-08,active
ACC001515,CUST01554,BR006,credit,2023-12-09,active
ACC001516,CUST00861,BR003,savings,2023-01-05,active
ACC001517,CUST00881,BR014,chequing,2023-01-29,active
ACC001518,CUST00502,BR012,savings,2024-01-26,active
ACC001519,CUST01357,BR006,credit,2025-04-06,closed
ACC001520,CUST01630,BR005,savings,2023-05-26,active
ACC001521,CUST00918,BR005,savings,2025-09-21,active
ACC001522,CUST00428,BR002,credit,2024-03-21,dormant
ACC001523,CUST01432,BR013,credit,2025-09-19,active
ACC001524,CUST01718,BR009,credit,2024-07-22,active
ACC001525,CUST01226,BR013,chequing,2024-06-11,active
ACC001526,CUST01447,BR009,savings,2023-03-12,active
ACC001527,CUST01271,BR015,savings,2024-10-04,active
ACC001528,CUST00578,BR010,credit,2024-03-01,active
ACC001529,CUST00854,BR013,savings,2024-08-30,active
ACC001530,CUST00270,BR012,chequing,2024-06-10,closed
ACC001531,CUST00208,BR003,chequing,2023-11-18,active
ACC001532,CUST01200,BR012,credit,2023-06-02,active
ACC001533,CUST01865,BR002,savings,2024-08-13,active
ACC001534,CUST00696,BR004,savings,2023-02-03,active
ACC001535,CUST00150,BR003,credit,2025-07-11,active
ACC001536,CUST01432,BR015,chequing,2023-10-09,closed
ACC001537,CUST01673,BR010,credit,2024-09-14,closed
ACC001538,CUST00615,BR003,credit,2023-11-27,active
ACC001539,CUST01465,BR008,credit,2025-10-29,active
ACC001540,CUST00132,BR014,credit,2025-10-23,active
ACC001541,CUST01862,BR003,chequing,2025-07-11,active
ACC001542,CUST01119,BR011,savings,2023-04-29,active
ACC001543,CUST01120,BR014,savings,2023-05-19,active
ACC001544,CUST00102,BR007,credit,2023-06-07,dormant
ACC001545,CUST00410,BR012,credit,2024-06-07,active
ACC001546,CUST00758,BR007,savings,2025-08-15,active
ACC001547,CUST01178,BR010,credit,2024-07-09,active
ACC001548,CUST01543,BR011,savings,2025-11-21,active
ACC001549,CUST00909,BR010,savings,2025-03-03,active
ACC001550,CUST01390,BR009,chequing,2023-01-08,closed
ACC001551,CUST01758,BR015,savings,2023-11-12,active
ACC001552,CUST01647,BR002,chequing,2023-05-02,active
ACC001553,CUST00289,BR007,chequing,2025-02-25,active
ACC001554,CUST00016,BR002,savings,2024-10-22,active
ACC001555,CUST00653,BR012,savings,2025-11-03,active
ACC001556,CUST00569,BR006,savings,2025-12-06,closed
ACC001557,CUST00661,BR006,savings,2025-10-07,active
ACC001558,CUST01979,BR003,savings,2025-08-21,active
ACC001559,CUST00012,BR001,chequing,2025-03-02,active
ACC001560,CUST00692,BR009,savings,2025-12-23,closed
ACC001561,CUST00597,BR011,chequing,2025-01-01,active
ACC001562,CUST00784,BR006,savings,2024-10-27,active
ACC001563,CUST00359,BR015,savings,2024-09-11,active
ACC001564,CUST01577,BR009,credit,2025-08-25,closed
ACC001565,CUST00011,BR003,chequing,2024-02-17,active
ACC001566,CUST01869,BR009,savings,2023-02-04,active
ACC001567,CUST00478,BR014,savings,2025-08-20,closed
ACC001568,CUST01496,BR002,savings,2023-02-10,dormant
ACC001569,CUST00837,BR004,chequing,2024-09-02,active
ACC001570,CUST00549,BR003,chequing,2025-11-15,active
ACC001571,CUST00125,BR003,chequing,2024-11-12,active
ACC001572,CUST01108,BR010,credit,2025-12-31,active
ACC001573,CUST01247,BR013,savings,2023-05-22,active
ACC001574,CUST01369,BR010,chequing,2025-06-06,active
ACC001575,CUST01687,BR010,savings,2025-09-19,closed
ACC001576,CUST01883,BR014,credit,2025-09-24,active
ACC001577,CUST00559,BR006,chequing,2024-07-04,active
ACC001578,CUST00743,BR007,credit,2024-07-07,active
ACC001579,CUST00612,BR006,chequing,2025-08-08,active
ACC001580,CUST01544,BR013,savings,2025-10-04,active
ACC001581,CUST01044,BR001,credit,2024-10-21,active
ACC001582,CUST01309,BR004,credit,2024-05-29,active
ACC001583,CUST01820,BR006,credit,2023-04-03,active
ACC001584,CUST00886,BR001,chequing,2024-05-28,active
ACC001585,CUST01333,BR014,chequing,2024-04-22,dormant
ACC001586,CUST00725,BR015,credit,2023-10-14,active
ACC001587,CUST00575,BR010,chequing,2025-08-17,active
ACC001588,CUST00640,BR003,chequing,2024-04-10,active
ACC001589,CUST01524,BR008,credit,2025-07-30,active
ACC001590,CUST01091,BR007,savings,2025-01-12,active
ACC001591,CUST01958,BR002,credit,2024-09-24,active
ACC001592,CUST01842,BR007,credit,2024-07-01,dormant
ACC001593,CUST01407,BR009,credit,2023-11-22,active
ACC001594,CUST01026,BR009,credit,2023-09-22,active
ACC001595,CUST00656,BR013,credit,2025-11-30,closed
ACC001596,CUST01427,BR009,savings,2023-08-06,active
ACC001597,CUST00326,BR004,credit,2024-03-26,active
ACC001598,CUST01826,BR007,chequing,2025-01-08,active
ACC001599,CUST00772,BR012,credit,2024-07-27,active
ACC001600,CUST00861,BR014,savings,2024-08-22,closed
ACC001601,CUST00430,BR002,savings,2024-01-30,active
ACC001602,CUST00787,BR007,chequing,2024-03-13,active
ACC001603,CUST01316,BR015,credit,2023-06-27,active
ACC001604,CUST01663,BR009,chequing,2025-08-17,active
ACC001605,CUST00307,BR005,chequing,2025-02-20,active
ACC001606,CUST01683,BR006,credit,2024-10-01,active
ACC001607,CUST01124,BR010,chequing,2025-05-10,closed
ACC001608,CUST00483,BR003,savings,2023-10-23,active
ACC001609,CUST00971,BR002,savings,2025-10-26,closed
ACC001610,CUST00056,BR003,chequing,2024-04-11,active
ACC001611,CUST01695,BR010,chequing,2023-03-15,active
ACC001612,CUST01632,BR013,savings,2024-10-09,active
ACC001613,CUST01788,BR013,credit,2025-07-06,active
ACC001614,CUST01820,BR009,savings,2025-08-12,dormant
ACC001615,CUST01190,BR006,credit,2024-06-15,active
ACC001616,CUST01621,BR008,savings,2025-10-13,active
ACC001617,CUST00415,BR010,credit,2023-06-08,dormant
ACC001618,CUST01800,BR014,credit,2023-03-23,active
ACC001619,CUST01534,BR004,savings,2025-11-19,active
ACC001620,CUST01195,BR002,savings,2025-10-08,active
ACC001621,CUST01143,BR010,savings,2025-01-26,active
ACC001622,CUST01247,BR013,credit,2025-03-10,active
ACC001623,CUST01694,BR009,chequing,2025-11-01,active
ACC001624,CUST01049,BR008,savings,2024-02-25,active
ACC001625,CUST01764,BR003,chequing,2025-09-07,active
ACC001626,CUST00310,BR004,credit,2025-03-28,active
ACC001627,CUST00370,BR002,credit,2023-02-27,active
ACC001628,CUST00684,BR012,chequing,2023-07-24,active
ACC001629,CUST01162,BR011,credit,2025-12-07,active
ACC001630,CUST01736,BR011,chequing,2025-11-12,active
ACC001631,CUST01671,BR013,chequing,2025-09-27,active
ACC001632,CUST00823,BR007,credit,2023-03-17,closed
ACC001633,CUST00097,BR008,credit,2023-09-28,active
ACC001634,CUST01597,BR003,credit,2023-10-22,active
ACC001635,CUST01243,BR015,chequing,2024-04-03,active
ACC001636,CUST01447,BR009,credit,2025-06-13,active
ACC001637,CUST01245,BR015,savings,2023-04-05,active
ACC001638,CUST00648,BR001,savings,2025-10-02,active
ACC001639,CUST01047,BR010,savings,2025-11-28,active
ACC001640,CUST01772,BR004,chequing,2024-11-23,active
ACC001641,CUST00914,BR001,savings,2025-06-24,active
ACC001642,CUST00208,BR013,chequing,2024-03-22,active
ACC001643,CUST00675,BR006,credit,2023-03-29,active
ACC001644,CUST01573,BR006,savings,2023-03-09,active
ACC001645,CUST01319,BR002,credit,2025-09-06,active
ACC001646,CUST01384,BR015,credit,2024-03-31,active
ACC001647,CUST01456,BR014,savings,2024-06-23,active
ACC001648,CUST00753,BR009,credit,2024-03-04,active
ACC001649,CUST00157,BR005,chequing,2024-09-23,closed
ACC001650,CUST01948,BR001,credit,2023-07-29,active
ACC001651,CUST01918,BR004,credit,2024-10-22,closed
ACC001652,CUST00407,BR007,credit,2025-06-28,active
ACC001653,CUST01286,BR013,savings,2025-12-29,active
ACC001654,CUST01524,BR001,credit,2025-06-15,closed
ACC001655,CUST00923,BR010,savings,2023-04-20,closed
ACC001656,CUST00292,BR004,credit,2024-09-11,active
ACC001657,CUST01286,BR005,savings,2025-05-23,active
ACC001658,CUST00540,BR007,savings,2024-08-23,active
ACC001659,CUST01560,BR004,savings,2025-05-25,dormant
ACC001660,CUST01668,BR001,chequing,2025-06-03,active
ACC001661,CUST00276,BR010,savings,2025-09-09,active
ACC001662,CUST01022,BR009,credit,2024-03-02,closed
ACC001663,CUST00728,BR010,savings,2025-01-19,active
ACC001664,CUST01879,BR003,credit,2023-10-29,active
ACC001665,CUST00479,BR002,credit,2025-03-16,dormant
ACC001666,CUST01586,BR012,chequing,2023-03-19,active
ACC001667,CUST01700,BR002,savings,2025-01-24,closed
ACC001668,CUST01356,BR005,credit,2023-12-02,dormant
ACC001669,CUST00465,BR004,chequing,2024-09-06,active
ACC001670,CUST01751,BR012,savings,2023-05-22,active
ACC001671,CUST01284,BR012,savings,2024-05-21,active
ACC001672,CUST01633,BR007,chequing,2025-08-13,closed
ACC001673,CUST00615,BR005,savings,2025-08-22,active
ACC001674,CUST00797,BR003,credit,2023-09-08,active
ACC001675,CUST01295,BR010,savings,2024-08-03,active
ACC001676,CUST01888,BR011,savings,2024-07-02,active
ACC001677,CUST01892,BR015,credit,2023-08-24,active
ACC001678,CUST00906,BR001,savings,2023-01-27,closed
ACC001679,CUST01839,BR003,chequing,2025-11-17,active
ACC001680,CUST00829,BR010,credit,2023-05-28,active
ACC001681,CUST01931,BR005,chequing,2024-04-11,active
ACC001682,CUST00615,BR014,savings,2025-09-09,active
ACC001683,CUST01822,BR001,credit,2024-06-06,active
ACC001684,CUST00417,BR012,savings,2025-07-10,active
ACC001685,CUST01508,BR003,credit,2023-09-14,active
ACC001686,CUST00592,BR011,credit,2024-05-09,dormant
ACC001687,CUST01579,BR015,chequing,2023-11-07,active
ACC001688,CUST01747,BR011,savings,2023-03-02,active
ACC001689,CUST01323,BR010,savings,2024-01-19,active
ACC001690,CUST01825,BR004,savings,2025-02-11,active
ACC001691,CUST00253,BR010,credit,2025-02-12,dormant
ACC001692,CUST00848,BR007,chequing,2023-01-04,active
ACC001693,CUST00642,BR012,savings,2024-05-07,active
ACC001694,CUST01662,BR015,chequing,2023-10-03,active
ACC001695,CUST01717,BR003,chequing,2024-03-26,active
ACC001696,CUST01206,BR009,chequing,2023-05-29,closed
ACC001697,CUST00428,BR012,savings,2025-05-17,active
ACC001698,CUST01825,BR007,savings,2025-01-03,active
ACC001699,CUST00034,BR002,savings,2025-07-15,active
ACC001700,CUST00671,BR003,credit,2024-09-15,active
ACC001701,CUST00827,BR002,savings,2024-08-24,active
ACC001702,CUST00337,BR004,chequing,2024-12-18,active
ACC001703,CUST00623,BR014,savings,2025-01-08,active
ACC001704,CUST00630,BR003,savings,2023-04-18,active
ACC001705,CUST00786,BR004,savings,2023-09-20,active
ACC001706,CUST00137,BR010,credit,2024-12-31,active
ACC001707,CUST01317,BR007,credit,2024-11-16,active
ACC001708,CUST01553,BR003,credit,2024-01-10,active
ACC001709,CUST00899,BR007,savings,2023-07-09,active
ACC001710,CUST00093,BR001,chequing,2024-10-24,active
ACC001711,CUST00367,BR012,savings,2024-12-04,active
ACC001712,CUST01479,BR004,savings,2024-08-13,closed
ACC001713,CUST00524,BR015,credit,2025-03-28,active
ACC001714,CUST00370,BR009,credit,2024-04-13,active
ACC001715,CUST00616,BR008,chequing,2024-04-23,active
ACC001716,CUST01895,BR006,savings,2025-02-13,active
ACC001717,CUST01425,BR002,savings,2025-09-14,active
ACC001718,CUST01699,BR004,chequing,2025-01-02,active
ACC001719,CUST00534,BR012,credit,2025-07-26,active
ACC001720,CUST00956,BR010,savings,2024-03-13,active
ACC001721,CUST01792,BR012,chequing,2024-08-15,active
ACC001722,CUST00660,BR005,chequing,2025-06-21,active
ACC001723,CUST00892,BR007,chequing,2025-11-18,active
ACC001724,CUST01431,BR009,savings,2025-10-25,active
ACC001725,CUST00205,BR012,credit,2025-09-10,dormant
ACC001726,CUST00176,BR005,chequing,2023-06-22,active
ACC001727,CUST01922,BR002,savings,2024-04-13,active
ACC001728,CUST01096,BR007,chequing,2023-08-01,closed
ACC001729,CUST00031,BR008,credit,2023-06-08,active
ACC001730,CUST00200,BR001,credit,2025-04-10,active
ACC001731,CUST00656,BR007,savings,2023-09-21,active
ACC001732,CUST00931,BR014,chequing,2025-04-12,active
ACC001733,CUST01335,BR014,chequing,2023-10-20,closed
ACC001734,CUST01684,BR010,credit,2024-02-10,active
ACC001735,CUST01657,BR012,chequing,2025-02-01,closed
ACC001736,CUST00368,BR012,credit,2024-02-06,active
ACC001737,CUST00069,BR001,chequing,2024-02-04,active
ACC001738,CUST01964,BR009,savings,2024-11-17,dormant
ACC001739,CUST01416,BR006,credit,2023-02-08,active
ACC001740,CUST01875,BR014,chequing,2023-12-11,active
ACC001741,CUST00196,BR002,savings,2023-11-11,active
ACC001742,CUST00838,BR008,chequing,2023-07-31,active
ACC001743,CUST00525,BR006,credit,2023-10-18,active
ACC001744,CUST01762,BR007,savings,2024-05-26,active
ACC001745,CUST01516,BR009,chequing,2023-09-21,active
ACC001746,CUST00280,BR005,chequing,2023-03-06,dormant
ACC001747,CUST00476,BR014,credit,2023-09-25,active
ACC001748,CUST00361,BR001,savings,2025-02-12,active
ACC001749,CUST00057,BR002,credit,2023-04-05,closed
ACC001750,CUST00234,BR013,chequing,2024-06-08,active
ACC001751,CUST00429,BR004,credit,2023-07-26,active
ACC001752,CUST01315,BR003,savings,2024-01-07,active
ACC001753,CUST01957,BR002,chequing,2023-11-21,active
ACC001754,CUST01225,BR005,savings,2025-04-23,active
ACC001755,CUST00683,BR003,chequing,2024-09-15,active
ACC001756,CUST00819,BR005,savings,2025-06-25,active
ACC001757,CUST00011,BR003,savings,2025-11-14,active
ACC001758,CUST00396,BR005,chequing,2023-04-22,active
ACC001759,CUST01195,BR006,chequing,2025-06-14,active
ACC001760,CUST01304,BR011,savings,2024-05-11,active
ACC001761,CUST01174,BR009,credit,2025-01-08,active
ACC001762,CUST00967,BR014,chequing,2024-12-30,active
ACC001763,CUST01586,BR002,savings,2023-12-30,dormant
ACC001764,CUST01966,BR007,savings,2024-11-11,active
ACC001765,CUST00136,BR005,savings,2025-03-09,dormant
ACC001766,CUST00758,BR013,chequing,2025-11-12,active
ACC001767,CUST01877,BR007,savings,2024-09-06,active
ACC001768,CUST00969,BR013,savings,2024-03-24,active
ACC001769,CUST01739,BR010,credit,2025-01-29,active
ACC001770,CUST01799,BR008,savings,2025-03-17,active
ACC001771,CUST00651,BR011,chequing,2024-11-23,active
ACC001772,CUST01189,BR012,credit,2025-04-15,active
ACC001773,CUST01299,BR015,credit,2024-11-25,active
ACC001774,CUST00316,BR005,chequing,2025-03-06,active
ACC001775,CUST01214,BR003,savings,2023-07-31,active
ACC001776,CUST00168,BR003,credit,2025-07-26,closed
ACC001777,CUST01430,BR015,savings,2024-02-07,active
ACC001778,CUST01121,BR015,chequing,2024-10-25,active
ACC001779,CUST01926,BR011,savings,2025-04-21,active
ACC001780,CUST01025,BR012,savings,2024-05-19,active
ACC001781,CUST00054,BR007,chequing,2025-03-16,active
ACC001782,CUST00302,BR005,credit,2025-08-21,active
ACC001783,CUST00485,BR010,credit,2023-06-08,active
ACC001784,CUST00726,BR014,chequing,2025-10-21,active
ACC001785,CUST00807,BR015,credit,2024-02-07,active
ACC001786,CUST00182,BR001,chequing,2023-02-17,active
ACC001787,CUST00427,BR008,chequing,2025-02-16,active
ACC001788,CUST01416,BR003,chequing,2023-07-15,active
ACC001789,CUST01257,BR007,savings,2023-02-09,active
ACC001790,CUST00287,BR007,credit,2024-07-17,active
ACC001791,CUST00242,BR003,chequing,2024-08-07,active
ACC001792,CUST00403,BR010,savings,2025-06-24,active
ACC001793,CUST00663,BR011,savings,2023-10-23,active
ACC001794,CUST01703,BR011,chequing,2025-03-06,active
ACC001795,CUST00608,BR006,savings,2024-02-25,closed
ACC001796,CUST00392,BR010,chequing,2025-07-31,active
ACC001797,CUST01907,BR010,credit,2024-09-07,active
ACC001798,CUST00810,BR014,credit,2024-06-21,active
ACC001799,CUST01362,BR002,credit,2023-08-13,active
ACC001800,CUST00848,BR012,savings,2024-08-21,active
ACC001801,CUST00182,BR010,savings,2025-07-13,dormant
ACC001802,CUST00053,BR007,credit,2024-04-04,active
ACC001803,CUST00452,BR010,chequing,2023-03-09,active
ACC001804,CUST00798,BR002,chequing,2024-12-17,active
ACC001805,CUST01170,BR001,chequing,2025-04-01,active
ACC001806,CUST00506,BR010,credit,2024-07-11,active
ACC001807,CUST00070,BR013,chequing,2024-02-03,active
ACC001808,CUST00558,BR005,chequing,2025-09-02,closed
ACC001809,CUST00859,BR014,savings,2024-02-25,dormant
ACC001810,CUST00561,BR009,chequing,2024-07-30,active
ACC001811,CUST01154,BR009,credit,2024-06-27,active
ACC001812,CUST00128,BR002,savings,2025-10-07,active
ACC001813,CUST00078,BR002,savings,2023-07-06,active
ACC001814,CUST00022,BR005,credit,2023-06-20,active
ACC001815,CUST00098,BR014,savings,2023-11-27,closed
ACC001816,CUST00080,BR003,credit,2025-05-04,closed
ACC001817,CUST01897,BR002,savings,2023-03-09,active
ACC001818,CUST00149,BR015,credit,2023-03-23,active
ACC001819,CUST00296,BR002,chequing,2024-06-12,active
ACC001820,CUST01522,BR015,savings,2024-09-11,active
ACC001821,CUST01819,BR003,chequing,2024-03-05,active
ACC001822,CUST00153,BR007,chequing,2025-09-06,active
ACC001823,CUST01375,BR002,savings,2023-07-24,active
ACC001824,CUST01114,BR007,chequing,2023-06-13,active
ACC001825,CUST00985,BR002,credit,2023-06-26,active
ACC001826,CUST00238,BR004,chequing,2023-07-20,active
ACC001827,CUST00634,BR015,chequing,2023-10-05,active
ACC001828,CUST00951,BR011,chequing,2023-11-27,dormant
ACC001829,CUST01067,BR009,credit,2023-06-30,active
ACC001830,CUST00245,BR003,credit,2025-07-29,closed
ACC001831,CUST00613,BR006,chequing,2025-09-19,closed
ACC001832,CUST00154,BR013,credit,2024-03-12,dormant
ACC001833,CUST00976,BR014,credit,2025-01-24,active
ACC001834,CUST00604,BR014,savings,2024-01-20,active
ACC001835,CUST00490,BR009,chequing,2023-03-18,closed
ACC001836,CUST01023,BR005,credit,2023-08-16,active
ACC001837,CUST00777,BR002,credit,2024-08-09,active
ACC001838,CUST01314,BR003,chequing,2024-12-14,active
ACC001839,CUST00099,BR002,credit,2024-05-01,active
ACC001840,CUST00688,BR004,savings,2023-04-16,active
ACC001841,CUST01359,BR007,credit,2024-01-15,active
ACC001842,CUST00833,BR009,savings,2024-12-06,active
ACC001843,CUST00662,BR003,credit,2025-10-14,active
ACC001844,CUST01830,BR002,chequing,2023-10-12,active
ACC001845,CUST00580,BR008,credit,2023-05-14,closed
ACC001846,CUST00956,BR010,credit,2024-07-19,active
ACC001847,CUST01874,BR015,savings,2025-05-22,active
ACC001848,CUST00579,BR009,credit,2024-03-28,dormant
ACC001849,CUST00063,BR006,chequing,2024-11-28,active
ACC001850,CUST00713,BR011,savings,2024-03-02,active
ACC001851,CUST01594,BR009,savings,2023-10-26,closed
ACC001852,CUST00378,BR008,credit,2023-06-26,active
ACC001853,CUST00799,BR007,chequing,2025-01-10,active
ACC001854,CUST00054,BR005,savings,2023-01-17,active
ACC001855,CUST01359,BR001,chequing,2024-08-25,closed
ACC001856,CUST01340,BR015,savings,2023-08-16,active
ACC001857,CUST00011,BR014,savings,2025-11-08,active
ACC001858,CUST01969,BR007,chequing,2024-06-17,active
ACC001859,CUST01435,BR009,savings,2023-07-30,closed
ACC001860,CUST00008,BR011,savings,2025-04-17,active
ACC001861,CUST00121,BR011,savings,2023-07-25,active
ACC001862,CUST01099,BR003,chequing,2025-08-24,active
ACC001863,CUST00394,BR009,credit,2023-08-16,active
ACC001864,CUST01783,BR013,credit,2023-11-27,active
ACC001865,CUST00293,BR009,chequing,2024-01-06,active
ACC001866,CUST00318,BR005,chequing,2024-07-22,active
ACC001867,CUST01775,BR003,credit,2024-01-30,active
ACC001868,CUST01242,BR010,credit,2024-08-31,active
ACC001869,CUST00559,BR002,chequing,2024-07-02,active
ACC001870,CUST01644,BR002,chequing,2025-02-02,closed
ACC001871,CUST00209,BR012,chequing,2024-05-19,active
ACC001872,CUST00061,BR014,savings,2024-02-02,active
ACC001873,CUST01597,BR008,chequing,2023-12-04,active
ACC001874,CUST01087,BR010,chequing,2023-01-16,active
ACC001875,CUST00895,BR005,chequing,2025-01-06,dormant
ACC001876,CUST01140,BR001,credit,2025-08-09,active
ACC001877,CUST00060,BR003,credit,2023-02-05,closed
ACC001878,CUST00049,BR015,savings,2023-07-29,active
ACC001879,CUST01864,BR014,credit,2024-11-05,active
ACC001880,CUST00159,BR010,savings,2023-09-16,active
ACC001881,CUST01046,BR013,chequing,2024-06-21,active
ACC001882,CUST01139,BR007,savings,2024-08-12,active
ACC001883,CUST01288,BR003,credit,2023-03-16,active
ACC001884,CUST01314,BR009,credit,2024-04-02,active
ACC001885,CUST00455,BR013,savings,2025-10-16,dormant
ACC001886,CUST01146,BR011,credit,2023-02-21,active
ACC001887,CUST00466,BR008,credit,2023-08-25,active
ACC001888,CUST00200,BR004,credit,2025-06-29,active
ACC001889,CUST01880,BR015,chequing,2025-04-04,active
ACC001890,CUST00029,BR006,savings,2024-10-23,dormant
ACC001891,CUST01874,BR008,savings,2024-09-18,active
ACC001892,CUST00043,BR009,savings,2024-01-18,active
ACC001893,CUST01509,BR001,savings,2025-05-30,active
ACC001894,CUST00101,BR012,savings,2025-01-05,closed
ACC001895,CUST01065,BR010,credit,2025-05-28,active
ACC001896,CUST00137,BR012,chequing,2025-03-06,active
ACC001897,CUST00942,BR004,chequing,2025-07-15,active
ACC001898,CUST00761,BR008,chequing,2023-06-19,active
ACC001899,CUST00295,BR008,savings,2023-07-10,closed
ACC001900,CUST00857,BR011,credit,2023-05-22,active
ACC001901,CUST01841,BR009,chequing,2023-10-14,active
ACC001902,CUST01301,BR001,credit,2024-07-28,active
ACC001903,CUST01481,BR007,credit,2023-11-26,active
ACC001904,CUST01739,BR007,savings,2024-07-05,active
ACC001905,CUST01585,BR014,savings,2024-01-05,active
ACC001906,CUST01795,BR013,chequing,2025-12-24,active
ACC001907,CUST00378,BR004,credit,2023-10-16,closed
ACC001908,CUST00357,BR004,savings,2025-11-15,active
ACC001909,CUST00066,BR005,chequing,2025-07-19,active
ACC001910,CUST00631,BR002,credit,2024-11-08,active
ACC001911,CUST01930,BR014,savings,2023-08-10,active
ACC001912,CUST00693,BR006,savings,2024-07-31,active
ACC001913,CUST01198,BR015,chequing,2025-02-25,active
ACC001914,CUST01022,BR010,savings,2023-01-31,active
ACC001915,CUST00337,BR006,savings,2023-05-06,active
ACC001916,CUST01563,BR004,chequing,2023-10-23,active
ACC001917,CUST00693,BR011,credit,2024-08-19,active
ACC001918,CUST01907,BR004,chequing,2024-10-21,active
ACC001919,CUST01888,BR013,chequing,2025-12-11,active
ACC001920,CUST00095,BR005,chequing,2023-10-14,active
ACC001921,CUST00804,BR003,credit,2023-07-05,active
ACC001922,CUST00204,BR008,savings,2023-11-18,active
ACC001923,CUST01699,BR003,chequing,2024-09-10,active
ACC001924,CUST00951,BR009,chequing,2023-09-02,active
ACC001925,CUST00494,BR010,chequing,2025-04-11,active
ACC001926,CUST00430,BR008,chequing,2025-03-22,active
ACC001927,CUST00259,BR014,savings,2023-03-09,dormant
ACC001928,CUST00249,BR014,chequing,2023-11-18,active
ACC001929,CUST00619,BR009,savings,2023-01-16,active
ACC001930,CUST00093,BR007,chequing,2023-04-10,active
ACC001931,CUST00491,BR011,chequing,2024-03-09,active
ACC001932,CUST00463,BR008,credit,2025-09-24,active
ACC001933,CUST00127,BR001,chequing,2023-02-14,active
ACC001934,CUST01192,BR011,savings,2025-05-31,active
ACC001935,CUST00300,BR003,savings,2025-02-10,active
ACC001936,CUST01387,BR005,credit,2025-10-05,active
ACC001937,CUST01516,BR006,savings,2024-09-25,active
ACC001938,CUST00921,BR010,credit,2023-10-20,active
ACC001939,CUST00586,BR013,savings,2024-03-20,active
ACC001940,CUST00480,BR002,savings,2025-08-17,active
ACC001941,CUST01602,BR009,chequing,2024-08-06,active
ACC001942,CUST00594,BR008,credit,2024-08-12,active
ACC001943,CUST00910,BR001,credit,2023-08-31,active
ACC001944,CUST01936,BR013,savings,2024-02-06,active
ACC001945,CUST01433,BR015,chequing,2023-06-14,active
ACC001946,CUST01995,BR008,savings,2025-05-11,active
ACC001947,CUST00697,BR001,savings,2023-12-29,active
ACC001948,CUST01328,BR015,savings,2023-05-18,active
ACC001949,CUST01606,BR010,chequing,2023-06-27,active
ACC001950,CUST01328,BR006,savings,2023-04-23,active
ACC001951,CUST00152,BR013,credit,2023-05-03,active
ACC001952,CUST00504,BR002,credit,2023-08-22,active
ACC001953,CUST01283,BR009,credit,2025-06-23,active
ACC001954,CUST01289,BR014,savings,2025-05-25,active
ACC001955,CUST00504,BR003,chequing,2024-02-11,active
ACC001956,CUST00253,BR009,savings,2023-11-15,active
ACC001957,CUST00283,BR007,credit,2025-11-24,active
ACC001958,CUST01326,BR009,savings,2025-04-28,active
ACC001959,CUST01020,BR002,chequing,2024-08-08,active
ACC001960,CUST01242,BR005,chequing,2023-02-14,active
ACC001961,CUST01923,BR012,chequing,2025-07-17,active
ACC001962,CUST01583,BR015,chequing,2023-11-01,closed
ACC001963,CUST01440,BR012,chequing,2024-02-29,active
ACC001964,CUST00896,BR006,credit,2025-10-25,closed
ACC001965,CUST00779,BR010,chequing,2023-09-17,dormant
ACC001966,CUST01547,BR009,credit,2024-06-12,active
ACC001967,CUST01350,BR009,chequing,2025-10-14,active
ACC001968,CUST01168,BR002,savings,2024-03-06,closed
ACC001969,CUST00286,BR001,chequing,2023-07-21,active
ACC001970,CUST01367,BR014,chequing,2025-03-05,active
ACC001971,CUST00336,BR012,savings,2025-03-15,active
ACC001972,CUST00883,BR008,chequing,2025-01-25,active
ACC001973,CUST00296,BR008,chequing,2024-07-26,active
ACC001974,CUST00708,BR004,chequing,2025-09-28,dormant
ACC001975,CUST00749,BR011,savings,2024-10-05,closed
ACC001976,CUST00791,BR010,savings,2025-04-21,active
ACC001977,CUST00904,BR009,savings,2025-05-22,active
ACC001978,CUST00571,BR014,credit,2024-08-12,active
ACC001979,CUST01701,BR002,chequing,2024-09-20,active
ACC001980,CUST00283,BR006,chequing,2025-04-26,active
ACC001981,CUST01988,BR010,savings,2024-10-31,active
ACC001982,CUST01903,BR006,chequing,2023-10-20,active
ACC001983,CUST00112,BR014,savings,2023-09-16,active
ACC001984,CUST01794,BR007,credit,2025-10-05,active
ACC001985,CUST01935,BR004,credit,2024-10-16,active
ACC001986,CUST01258,BR008,credit,2024-03-17,active
ACC001987,CUST01797,BR005,chequing,2023-05-30,active
ACC001988,CUST00226,BR005,savings,2025-01-30,closed
ACC001989,CUST00382,BR003,chequing,2024-08-22,closed
ACC001990,CUST00946,BR009,credit,2023-01-13,active
ACC001991,CUST00707,BR008,credit,2025-08-07,closed
ACC001992,CUST00281,BR006,chequing,2025-11-30,active
ACC001993,CUST01343,BR001,savings,2023-02-19,active
ACC001994,CUST01331,BR010,credit,2023-10-02,active
ACC001995,CUST00928,BR009,credit,2023-10-22,active
ACC001996,CUST00396,BR008,credit,2023-11-16,active
ACC001997,CUST01898,BR010,credit,2024-07-06,active
ACC001998,CUST01470,BR015,savings,2025-09-26,active
ACC001999,CUST01495,BR008,chequing,2025-03-20,active
ACC002000,CUST01291,BR004,credit,2023-10-15,active
ACC002001,CUST01606,BR013,credit,2025-05-23,active
ACC002002,CUST00232,BR002,chequing,2023-11-07,active
ACC002003,CUST01944,BR014,chequing,2025-11-26,active
ACC002004,CUST01881,BR005,chequing,2025-03-05,active
ACC002005,CUST01584,BR014,credit,2024-02-21,active
ACC002006,CUST01542,BR004,savings,2025-07-13,active
ACC002007,CUST00781,BR001,credit,2023-12-07,closed
ACC002008,CUST01416,BR009,credit,2025-04-10,active
ACC002009,CUST01516,BR011,chequing,2024-02-28,active
ACC002010,CUST01745,BR006,credit,2024-06-02,active
ACC002011,CUST00586,BR015,savings,2023-09-30,active
ACC002012,CUST00759,BR015,savings,2024-07-27,active
ACC002013,CUST01708,BR001,chequing,2024-01-20,active
ACC002014,CUST01274,BR006,chequing,2024-03-16,active
ACC002015,CUST01690,BR011,chequing,2023-06-08,active
ACC002016,CUST00680,BR005,savings,2023-08-13,active
ACC002017,CUST01612,BR015,credit,2023-05-03,active
ACC002018,CUST00100,BR004,credit,2025-11-09,active
ACC002019,CUST01552,BR012,credit,2023-03-15,active
ACC002020,CUST01307,BR002,chequing,2024-07-31,active
ACC002021,CUST00496,BR002,savings,2025-04-10,active
ACC002022,CUST01043,BR006,chequing,2024-03-13,active
ACC002023,CUST00392,BR009,credit,2023-07-31,active
ACC002024,CUST01323,BR004,savings,2024-09-27,active
ACC002025,CUST00722,BR009,chequing,2024-02-08,active
ACC002026,CUST01310,BR001,chequing,2025-04-05,active
ACC002027,CUST00651,BR007,savings,2025-07-05,active
ACC002028,CUST01722,BR014,savings,2024-06-21,active
ACC002029,CUST01971,BR015,credit,2023-03-18,active
ACC002030,CUST00948,BR013,credit,2023-07-30,active
ACC002031,CUST01242,BR009,credit,2024-02-23,active
ACC002032,CUST00211,BR007,chequing,2023-08-07,active
ACC002033,CUST01901,BR007,savings,2025-11-25,dormant
ACC002034,CUST00232,BR002,credit,2025-08-20,active
ACC002035,CUST00790,BR008,savings,2025-12-03,active
ACC002036,CUST00408,BR003,savings,2023-05-15,active
ACC002037,CUST00086,BR012,savings,2023-02-27,active
ACC002038,CUST01099,BR004,savings,2024-01-24,active
ACC002039,CUST01319,BR009,chequing,2024-12-13,active
ACC002040,CUST00901,BR012,chequing,2025-01-26,active
ACC002041,CUST01950,BR004,chequing,2025-11-08,active
ACC002042,CUST00327,BR007,savings,2023-10-18,active
ACC002043,CUST01855,BR013,credit,2025-09-14,active
ACC002044,CUST00089,BR002,credit,2024-11-07,active
ACC002045,CUST00549,BR015,savings,2025-05-26,active
ACC002046,CUST01239,BR014,chequing,2023-01-09,active
ACC002047,CUST01591,BR004,chequing,2023-11-07,active
ACC002048,CUST00699,BR004,chequing,2025-08-04,active
ACC002049,CUST01545,BR007,savings,2024-03-30,active
ACC002050,CUST00143,BR011,savings,2023-05-06,active
ACC002051,CUST00258,BR014,credit,2025-01-29,closed
ACC002052,CUST00874,BR002,chequing,2023-01-10,active
ACC002053,CUST00957,BR014,chequing,2023-01-16,active
ACC002054,CUST01156,BR015,savings,2023-09-14,closed
ACC002055,CUST01726,BR001,credit,2025-07-24,active
ACC002056,CUST00459,BR009,credit,2023-12-08,dormant
ACC002057,CUST01625,BR008,savings,2025-07-22,closed
ACC002058,CUST01946,BR013,chequing,2023-09-05,closed
ACC002059,CUST01027,BR005,chequing,2024-10-15,active
ACC002060,CUST01501,BR008,credit,2025-10-29,closed
ACC002061,CUST00407,BR001,credit,2023-05-06,active
ACC002062,CUST01859,BR002,chequing,2023-05-30,active
ACC002063,CUST00290,BR012,savings,2023-10-16,active
ACC002064,CUST01383,BR005,savings,2024-03-19,closed
ACC002065,CUST01975,BR001,savings,2025-09-17,active
ACC002066,CUST01417,BR011,savings,2025-08-19,active
ACC002067,CUST01268,BR014,credit,2025-05-24,closed
ACC002068,CUST01389,BR010,credit,2025-08-30,active
ACC002069,CUST00748,BR012,credit,2025-06-08,active
ACC002070,CUST00817,BR007,savings,2025-04-12,active
ACC002071,CUST01244,BR010,credit,2025-02-12,active
ACC002072,CUST00481,BR004,savings,2024-06-28,active
ACC002073,CUST01260,BR012,savings,2023-11-08,active
ACC002074,CUST01688,BR014,savings,2023-10-11,dormant
ACC002075,CUST00778,BR011,credit,2025-01-16,active
ACC002076,CUST00940,BR010,chequing,2024-01-09,active
ACC002077,CUST00181,BR010,chequing,2024-06-13,active
ACC002078,CUST01278,BR012,chequing,2025-07-28,active
ACC002079,CUST01420,BR005,savings,2024-05-13,active
ACC002080,CUST01562,BR002,savings,2025-10-06,active
ACC002081,CUST01202,BR002,chequing,2024-11-04,active
ACC002082,CUST01438,BR002,chequing,2023-05-22,active
ACC002083,CUST01698,BR015,chequing,2025-05-08,active
ACC002084,CUST01033,BR001,chequing,2025-04-01,active
ACC002085,CUST01172,BR012,chequing,2024-06-19,active
ACC002086,CUST01864,BR006,credit,2025-07-22,closed
ACC002087,CUST01882,BR014,chequing,2024-03-27,active
ACC002088,CUST01040,BR009,credit,2024-02-28,active
ACC002089,CUST01832,BR002,credit,2024-01-18,active
ACC002090,CUST01169,BR007,savings,2023-07-06,active
ACC002091,CUST00788,BR004,credit,2025-10-31,closed
ACC002092,CUST01298,BR007,savings,2024-05-06,active
ACC002093,CUST00047,BR015,chequing,2023-07-07,closed
ACC002094,CUST01946,BR008,credit,2023-10-12,active
ACC002095,CUST00835,BR007,savings,2023-10-27,active
ACC002096,CUST00291,BR005,savings,2024-11-13,active
ACC002097,CUST01821,BR010,chequing,2025-10-17,active
ACC002098,CUST00595,BR001,chequing,2023-03-12,active
ACC002099,CUST01505,BR011,credit,2023-10-17,active
ACC002100,CUST00802,BR011,chequing,2023-06-26,active
ACC002101,CUST01529,BR007,chequing,2024-10-16,active
ACC002102,CUST00050,BR009,savings,2024-07-27,active
ACC002103,CUST00294,BR008,chequing,2025-03-31,dormant
ACC002104,CUST00416,BR012,chequing,2024-02-10,dormant
ACC002105,CUST00656,BR015,savings,2024-03-20,active
ACC002106,CUST01460,BR013,chequing,2023-01-27,active
ACC002107,CUST00120,BR001,credit,2023-03-19,active
ACC002108,CUST01078,BR014,credit,2024-04-25,active
ACC002109,CUST00909,BR009,chequing,2023-01-08,active
ACC002110,CUST00635,BR014,credit,2023-04-02,active
ACC002111,CUST01319,BR004,savings,2024-07-24,active
ACC002112,CUST01114,BR015,credit,2024-01-04,active
ACC002113,CUST00104,BR010,credit,2024-04-16,active
ACC002114,CUST00538,BR012,chequing,2025-06-27,active
ACC002115,CUST00182,BR004,savings,2025-03-17,active
ACC002116,CUST01877,BR011,chequing,2025-11-14,active
ACC002117,CUST00169,BR003,chequing,2025-05-28,active
ACC002118,CUST00715,BR014,credit,2024-09-12,active
ACC002119,CUST01832,BR012,savings,2025-07-26,active
ACC002120,CUST01786,BR006,credit,2024-03-27,active
ACC002121,CUST01697,BR014,chequing,2023-03-16,dormant
ACC002122,CUST01395,BR009,chequing,2024-05-15,active
ACC002123,CUST01256,BR007,savings,2024-02-20,active
ACC002124,CUST01268,BR009,savings,2023-10-13,active
ACC002125,CUST01198,BR002,credit,2024-09-23,active
ACC002126,CUST00865,BR010,chequing,2025-08-29,dormant
ACC002127,CUST01503,BR014,savings,2023-02-28,active
ACC002128,CUST00213,BR007,savings,2025-05-24,active
ACC002129,CUST01776,BR002,credit,2025-10-11,active
ACC002130,CUST01782,BR015,chequing,2025-12-23,active
ACC002131,CUST01963,BR004,savings,2024-04-28,active
ACC002132,CUST01078,BR015,credit,2025-01-02,active
ACC002133,CUST01493,BR011,savings,2023-11-27,active
ACC002134,CUST00823,BR003,credit,2023-11-22,active
ACC002135,CUST00886,BR007,savings,2025-11-20,active
ACC002136,CUST01055,BR001,credit,2024-02-03,active
ACC002137,CUST00814,BR002,savings,2024-10-27,active
ACC002138,CUST01128,BR015,credit,2023-01-02,active
ACC002139,CUST01190,BR010,chequing,2024-10-13,active
ACC002140,CUST00218,BR003,savings,2024-11-30,active
ACC002141,CUST00984,BR008,chequing,2025-06-07,active
ACC002142,CUST01236,BR014,savings,2025-02-17,active
ACC002143,CUST01125,BR014,chequing,2025-01-26,dormant
ACC002144,CUST01090,BR001,savings,2023-03-02,closed
ACC002145,CUST01881,BR012,savings,2023-09-13,active
ACC002146,CUST00224,BR015,savings,2024-11-06,active
ACC002147,CUST01194,BR004,credit,2023-05-24,dormant
ACC002148,CUST00285,BR010,savings,2025-03-22,active
ACC002149,CUST00191,BR009,credit,2025-06-22,active
ACC002150,CUST00234,BR014,savings,2025-12-12,active
ACC002151,CUST00115,BR014,credit,2025-01-09,active
ACC002152,CUST00009,BR012,credit,2024-01-12,active
ACC002153,CUST01218,BR012,credit,2024-01-06,active
ACC002154,CUST00916,BR009,savings,2024-12-16,active
ACC002155,CUST00102,BR011,chequing,2023-02-04,active
ACC002156,CUST01208,BR004,chequing,2023-09-10,active
ACC002157,CUST01797,BR003,savings,2023-01-28,active
ACC002158,CUST01039,BR007,credit,2023-03-15,active
ACC002159,CUST00351,BR010,chequing,2025-04-02,active
ACC002160,CUST01231,BR006,chequing,2024-01-07,active
ACC002161,CUST01743,BR004,savings,2024-03-07,active
ACC002162,CUST01299,BR009,chequing,2025-02-26,active
ACC002163,CUST00086,BR001,savings,2024-02-05,active
ACC002164,CUST00279,BR013,savings,2023-12-20,closed
ACC002165,CUST01334,BR012,savings,2023-10-12,active
ACC002166,CUST01649,BR010,savings,2025-01-14,active
ACC002167,CUST01936,BR013,credit,2024-08-13,dormant
ACC002168,CUST01429,BR013,savings,2025-10-10,closed
ACC002169,CUST01414,BR002,credit,2024-07-21,active
ACC002170,CUST01938,BR011,credit,2025-01-22,closed
ACC002171,CUST01390,BR013,savings,2024-06-07,active
ACC002172,CUST00780,BR009,savings,2024-03-02,active
ACC002173,CUST00623,BR005,savings,2024-03-24,active
ACC002174,CUST01484,BR002,savings,2025-02-18,active
ACC002175,CUST01836,BR009,credit,2025-05-07,active
ACC002176,CUST01790,BR009,chequing,2024-07-02,active
ACC002177,CUST01611,BR005,credit,2024-04-13,active
ACC002178,CUST01899,BR006,credit,2025-05-28,active
ACC002179,CUST01751,BR007,savings,2024-03-18,active
ACC002180,CUST00803,BR014,savings,2025-11-26,active
ACC002181,CUST00316,BR001,credit,2025-08-01,active
ACC002182,CUST01075,BR008,chequing,2025-11-06,closed
ACC002183,CUST00596,BR004,chequing,2025-04-16,active
ACC002184,CUST01250,BR009,chequing,2024-05-30,active
ACC002185,CUST01785,BR012,savings,2024-11-21,closed
ACC002186,CUST00065,BR006,chequing,2024-09-17,active
ACC002187,CUST00123,BR006,credit,2023-03-07,active
ACC002188,CUST01090,BR005,savings,2025-08-07,active
ACC002189,CUST01685,BR001,chequing,2025-07-26,active
ACC002190,CUST00353,BR015,credit,2024-02-06,active
ACC002191,CUST01428,BR008,savings,2024-04-10,closed
ACC002192,CUST01004,BR015,chequing,2024-10-06,active
ACC002193,CUST01615,BR015,savings,2023-01-10,active
ACC002194,CUST01896,BR001,chequing,2025-05-13,active
ACC002195,CUST01146,BR006,chequing,2024-12-26,active
ACC002196,CUST00272,BR012,credit,2023-01-10,active
ACC002197,CUST00704,BR001,credit,2024-01-14,dormant
ACC002198,CUST00193,BR005,chequing,2024-12-04,active
ACC002199,CUST00133,BR003,savings,2024-06-26,active
ACC002200,CUST01407,BR011,credit,2024-04-21,active
ACC002201,CUST01538,BR008,credit,2024-11-08,active
ACC002202,CUST01634,BR012,credit,2023-07-25,active
ACC002203,CUST00490,BR011,savings,2023-03-01,active
ACC002204,CUST01780,BR003,savings,2025-01-03,active
ACC002205,CUST00944,BR014,savings,2023-11-02,active
ACC002206,CUST01722,BR011,savings,2024-01-11,active
ACC002207,CUST00705,BR002,credit,2023-04-15,active
ACC002208,CUST01016,BR004,credit,2024-01-30,active
ACC002209,CUST01387,BR006,savings,2024-08-22,active
ACC002210,CUST00165,BR005,credit,2025-06-02,dormant
ACC002211,CUST01635,BR010,credit,2023-06-15,active
ACC002212,CUST00664,BR002,chequing,2025-09-03,active
ACC002213,CUST01891,BR005,savings,2025-01-02,active
ACC002214,CUST01402,BR004,credit,2025-07-18,active
ACC002215,CUST01892,BR013,savings,2023-10-05,active
ACC002216,CUST01114,BR014,chequing,2025-05-01,active
ACC002217,CUST00507,BR008,savings,2025-02-28,active
ACC002218,CUST01728,BR003,chequing,2024-10-12,active
ACC002219,CUST00768,BR007,credit,2023-12-08,active
ACC002220,CUST00528,BR015,chequing,2023-12-22,active
ACC002221,CUST00059,BR009,savings,2025-12-12,active
ACC002222,CUST01999,BR013,credit,2025-06-24,active
ACC002223,CUST00029,BR010,credit,2023-05-02,active
ACC002224,CUST00480,BR002,credit,2025-06-02,active
ACC002225,CUST01619,BR014,chequing,2024-11-19,closed
ACC002226,CUST00893,BR012,savings,2023-05-02,active
ACC002227,CUST00067,BR012,savings,2023-10-20,closed
ACC002228,CUST00257,BR015,credit,2025-05-07,active
ACC002229,CUST01386,BR013,chequing,2023-12-21,dormant
ACC002230,CUST00441,BR005,chequing,2025-12-23,closed
ACC002231,CUST01087,BR001,savings,2025-10-25,active
ACC002232,CUST01917,BR002,credit,2024-08-20,active
ACC002233,CUST00118,BR003,savings,2024-05-11,active
ACC002234,CUST00751,BR001,credit,2023-10-24,active
ACC002235,CUST01609,BR012,chequing,2023-08-08,active
ACC002236,CUST00272,BR008,savings,2025-01-29,active
ACC002237,CUST00956,BR003,credit,2023-05-11,active
ACC002238,CUST00679,BR005,credit,2023-02-19,active
ACC002239,CUST01288,BR005,chequing,2023-06-24,active
ACC002240,CUST01449,BR004,credit,2024-09-04,active
ACC002241,CUST01809,BR010,savings,2024-04-05,closed
ACC002242,CUST00174,BR015,chequing,2023-11-18,active
ACC002243,CUST01199,BR008,savings,2023-09-01,active
ACC002244,CUST00220,BR006,chequing,2025-04-15,active
ACC002245,CUST01198,BR002,credit,2025-08-15,active
ACC002246,CUST00799,BR015,savings,2023-05-12,closed
ACC002247,CUST00438,BR014,chequing,2025-11-08,active
ACC002248,CUST00876,BR003,credit,2023-06-20,active
ACC002249,CUST01498,BR009,savings,2024-04-13,active
ACC002250,CUST00319,BR003,chequing,2024-05-19,active
ACC002251,CUST01843,BR002,savings,2025-06-25,active
ACC002252,CUST00944,BR007,savings,2023-08-22,active
ACC002253,CUST00736,BR003,credit,2025-11-18,active
ACC002254,CUST00999,BR001,savings,2024-08-21,active
ACC002255,CUST01219,BR012,credit,2023-06-15,active
ACC002256,CUST00403,BR001,savings,2024-07-15,active
ACC002257,CUST00022,BR013,chequing,2023-01-13,active
ACC002258,CUST01324,BR007,credit,2025-12-02,active
ACC002259,CUST01013,BR009,credit,2023-03-12,closed
ACC002260,CUST01526,BR005,credit,2024-12-10,closed
ACC002261,CUST00349,BR010,savings,2025-10-27,active
ACC002262,CUST01560,BR007,chequing,2024-05-01,active
ACC002263,CUST00098,BR005,chequing,2024-02-26,active
ACC002264,CUST01403,BR012,savings,2024-12-13,active
ACC002265,CUST00141,BR009,credit,2023-10-27,active
ACC002266,CUST00869,BR009,credit,2023-07-17,active
ACC002267,CUST01820,BR004,credit,2023-09-28,active
ACC002268,CUST00147,BR001,savings,2023-07-25,active
ACC002269,CUST00576,BR007,chequing,2023-07-25,active
ACC002270,CUST00328,BR003,chequing,2023-07-21,active
ACC002271,CUST01347,BR009,chequing,2025-01-10,active
ACC002272,CUST00356,BR001,credit,2024-02-08,active
ACC002273,CUST00158,BR015,credit,2025-03-03,active
ACC002274,CUST01483,BR013,credit,2025-04-21,active
ACC002275,CUST01723,BR001,chequing,2023-06-26,active
ACC002276,CUST01437,BR008,chequing,2025-02-18,active
ACC002277,CUST00955,BR012,credit,2024-09-19,active
ACC002278,CUST00878,BR008,chequing,2023-04-05,active
ACC002279,CUST00725,BR003,chequing,2024-06-10,active
ACC002280,CUST00205,BR013,chequing,2025-08-28,closed
ACC002281,CUST00936,BR002,savings,2024-05-09,active
ACC002282,CUST00748,BR014,chequing,2025-12-27,active
ACC002283,CUST00657,BR002,chequing,2024-03-19,active
ACC002284,CUST01084,BR006,chequing,2023-08-14,closed
ACC002285,CUST01197,BR013,chequing,2024-06-26,active
ACC002286,CUST00623,BR006,savings,2025-01-14,active
ACC002287,CUST00968,BR003,credit,2025-03-20,active
ACC002288,CUST00798,BR014,chequing,2024-01-17,active
ACC002289,CUST01021,BR002,chequing,2025-06-18,active
ACC002290,CUST01402,BR013,chequing,2025-10-23,active
ACC002291,CUST01537,BR003,savings,2024-05-07,active
ACC002292,CUST00821,BR002,chequing,2025-04-02,active
ACC002293,CUST00782,BR015,savings,2024-03-24,closed
ACC002294,CUST00763,BR006,savings,2024-02-29,active
ACC002295,CUST00401,BR009,credit,2025-09-05,active
ACC002296,CUST01686,BR001,chequing,2023-10-14,active
ACC002297,CUST01343,BR015,credit,2024-08-14,active
ACC002298,CUST01969,BR002,savings,2024-08-31,active
ACC002299,CUST01815,BR007,chequing,2025-10-09,active
ACC002300,CUST01490,BR004,chequing,2024-08-30,dormant
ACC002301,CUST00227,BR002,savings,2025-05-02,active
ACC002302,CUST01402,BR005,chequing,2023-07-29,active
ACC002303,CUST00606,BR009,chequing,2023-08-19,active
ACC002304,CUST01090,BR012,savings,2024-02-29,closed
ACC002305,CUST00852,BR005,savings,2023-02-25,active
ACC002306,CUST00796,BR006,savings,2025-03-04,active
ACC002307,CUST01849,BR008,chequing,2024-03-19,active
ACC002308,CUST01145,BR013,chequing,2023-01-07,active
ACC002309,CUST01109,BR004,savings,2024-04-11,active
ACC002310,CUST00465,BR012,chequing,2024-12-06,active
ACC002311,CUST00371,BR012,chequing,2023-08-21,active
ACC002312,CUST00344,BR008,chequing,2025-02-24,active
ACC002313,CUST00457,BR005,chequing,2023-03-31,closed
ACC002314,CUST00103,BR007,credit,2023-10-25,active
ACC002315,CUST00168,BR009,savings,2023-12-15,active
ACC002316,CUST00322,BR005,savings,2023-09-12,active
ACC002317,CUST00042,BR002,credit,2023-08-22,active
ACC002318,CUST01195,BR013,savings,2023-04-20,active
ACC002319,CUST00984,BR006,credit,2025-07-06,active
ACC002320,CUST01494,BR013,credit,2025-12-02,active
ACC002321,CUST01706,BR010,savings,2024-08-06,active
ACC002322,CUST00920,BR010,credit,2023-04-27,active
ACC002323,CUST01905,BR014,chequing,2023-08-07,active
ACC002324,CUST00227,BR005,credit,2025-04-18,active
ACC002325,CUST00856,BR006,credit,2023-07-14,active
ACC002326,CUST01095,BR011,chequing,2023-01-20,active
ACC002327,CUST01009,BR004,credit,2024-10-03,active
ACC002328,CUST00499,BR002,savings,2024-02-14,active
ACC002329,CUST00345,BR010,savings,2025-01-20,active
ACC002330,CUST00919,BR014,chequing,2025-04-28,active
ACC002331,CUST01223,BR005,credit,2025-04-20,active
ACC002332,CUST01872,BR009,credit,2023-05-26,active
ACC002333,CUST01719,BR015,chequing,2025-12-12,closed
ACC002334,CUST01456,BR010,credit,2023-04-20,active
ACC002335,CUST01942,BR003,credit,2023-04-07,active
ACC002336,CUST00425,BR011,chequing,2025-10-20,active
ACC002337,CUST01012,BR006,chequing,2023-12-18,active
ACC002338,CUST00455,BR013,credit,2024-02-03,active
ACC002339,CUST00247,BR013,chequing,2023-06-07,active
ACC002340,CUST01764,BR009,savings,2024-07-02,active
ACC002341,CUST01545,BR014,chequing,2024-09-27,active
ACC002342,CUST01710,BR001,chequing,2025-09-02,active
ACC002343,CUST01232,BR006,credit,2024-08-28,active
ACC002344,CUST01591,BR006,credit,2024-04-05,active
ACC002345,CUST00863,BR015,chequing,2023-09-11,active
ACC002346,CUST01743,BR005,credit,2024-03-22,active
ACC002347,CUST00316,BR003,savings,2024-12-01,active
ACC002348,CUST01657,BR005,chequing,2024-01-13,active
ACC002349,CUST01804,BR015,chequing,2024-06-04,active
ACC002350,CUST01777,BR007,chequing,2023-08-06,active
ACC002351,CUST00374,BR012,chequing,2025-04-11,active
ACC002352,CUST00249,BR012,credit,2025-03-20,active
ACC002353,CUST01226,BR005,savings,2024-06-12,active
ACC002354,CUST00426,BR012,credit,2024-05-30,active
ACC002355,CUST00193,BR006,savings,2024-03-21,active
ACC002356,CUST01236,BR004,chequing,2025-08-21,active
ACC002357,CUST01068,BR011,credit,2024-11-22,active
ACC002358,CUST01274,BR001,credit,2025-05-27,active
ACC002359,CUST00627,BR006,credit,2025-08-09,active
ACC002360,CUST00569,BR015,credit,2023-03-07,active
ACC002361,CUST01535,BR010,credit,2023-12-27,active
ACC002362,CUST00944,BR008,credit,2024-01-21,active
ACC002363,CUST01937,BR013,chequing,2025-05-07,active
ACC002364,CUST00132,BR002,chequing,2024-03-17,dormant
ACC002365,CUST00964,BR004,savings,2025-07-16,active
ACC002366,CUST01419,BR003,chequing,2025-09-07,active
ACC002367,CUST01448,BR005,chequing,2024-01-05,active
ACC002368,CUST01333,BR003,credit,2023-12-16,active
ACC002369,CUST01936,BR005,chequing,2025-12-11,closed
ACC002370,CUST01720,BR012,chequing,2023-05-06,active
ACC002371,CUST01869,BR004,chequing,2024-04-25,active
ACC002372,CUST00632,BR015,chequing,2023-07-12,closed
ACC002373,CUST00205,BR011,savings,2024-08-17,active
ACC002374,CUST00608,BR013,credit,2024-07-08,active
ACC002375,CUST01369,BR001,chequing,2024-07-26,active
ACC002376,CUST01714,BR013,savings,2023-01-15,active
ACC002377,CUST00631,BR008,savings,2024-12-19,active
ACC002378,CUST01921,BR002,chequing,2025-11-20,active
ACC002379,CUST00134,BR006,savings,2024-07-15,active
ACC002380,CUST01644,BR010,savings,2023-07-31,active
ACC002381,CUST00720,BR004,credit,2023-05-14,closed
ACC002382,CUST00958,BR001,savings,2024-09-29,active
ACC002383,CUST00275,BR005,savings,2023-07-11,active
ACC002384,CUST01278,BR001,credit,2024-01-02,active
ACC002385,CUST00156,BR011,chequing,2023-02-25,active
ACC002386,CUST00652,BR007,savings,2024-07-01,active
ACC002387,CUST01184,BR010,chequing,2023-03-14,active
ACC002388,CUST00358,BR004,savings,2025-02-21,active
ACC002389,CUST00887,BR010,credit,2025-05-17,active
ACC002390,CUST01588,BR003,credit,2024-12-11,active
ACC002391,CUST01101,BR007,chequing,2024-05-27,active
ACC002392,CUST00134,BR011,credit,2024-01-28,active
ACC002393,CUST00034,BR014,credit,2024-04-17,active
ACC002394,CUST00626,BR003,savings,2023-11-01,active
ACC002395,CUST00776,BR007,credit,2023-12-30,active
ACC002396,CUST00385,BR005,savings,2024-01-27,active
ACC002397,CUST00615,BR011,credit,2024-04-16,dormant
ACC002398,CUST00528,BR004,savings,2025-01-29,active
ACC002399,CUST01961,BR012,credit,2025-02-19,active
ACC002400,CUST01254,BR005,credit,2023-03-18,active
ACC002401,CUST01590,BR013,savings,2024-08-12,active
ACC002402,CUST00511,BR012,credit,2023-12-28,active
ACC002403,CUST01271,BR003,credit,2024-11-06,active
ACC002404,CUST00922,BR005,chequing,2024-11-27,active
ACC002405,CUST00045,BR010,savings,2023-12-01,dormant
ACC002406,CUST01747,BR009,credit,2025-12-07,active
ACC002407,CUST00765,BR010,savings,2025-09-09,active
ACC002408,CUST01773,BR001,chequing,2025-05-24,active
ACC002409,CUST01240,BR014,savings,2024-08-03,active
ACC002410,CUST00661,BR010,chequing,2025-08-21,active
ACC002411,CUST00092,BR005,savings,2023-09-13,active
ACC002412,CUST01072,BR004,chequing,2023-03-19,active
ACC002413,CUST01635,BR010,savings,2024-07-15,active
ACC002414,CUST01042,BR008,chequing,2024-07-16,dormant
ACC002415,CUST01515,BR012,credit,2025-04-03,active
ACC002416,CUST01058,BR007,savings,2025-07-10,active
ACC002417,CUST01252,BR010,savings,2025-07-24,active
ACC002418,CUST01436,BR002,savings,2023-02-15,closed
ACC002419,CUST01775,BR014,savings,2023-04-16,active
ACC002420,CUST00535,BR010,savings,2023-06-18,active
ACC002421,CUST01973,BR013,chequing,2025-12-08,active
ACC002422,CUST01949,BR012,savings,2023-07-30,active
ACC002423,CUST00984,BR014,savings,2025-05-07,active
ACC002424,CUST00668,BR001,credit,2024-11-24,active
ACC002425,CUST01491,BR009,savings,2023-02-10,active
ACC002426,CUST00788,BR008,credit,2024-08-22,active
ACC002427,CUST01817,BR012,credit,2024-01-06,active
ACC002428,CUST01422,BR004,savings,2025-06-09,active
ACC002429,CUST00672,BR001,savings,2024-10-25,active
ACC002430,CUST00035,BR011,savings,2025-04-17,active
ACC002431,CUST01449,BR010,chequing,2025-09-19,active
ACC002432,CUST00094,BR003,credit,2024-06-25,closed
ACC002433,CUST01629,BR009,savings,2023-05-28,active
ACC002434,CUST01440,BR009,credit,2023-12-10,closed
ACC002435,CUST01642,BR008,chequing,2024-09-07,dormant
ACC002436,CUST01730,BR003,savings,2023-04-25,dormant
ACC002437,CUST01398,BR014,chequing,2024-10-24,closed
ACC002438,CUST01005,BR007,credit,2023-12-20,active
ACC002439,CUST01792,BR014,savings,2025-11-19,dormant
ACC002440,CUST00147,BR011,savings,2024-05-25,active
ACC002441,CUST00589,BR010,chequing,2025-04-13,closed
ACC002442,CUST01779,BR001,credit,2025-02-28,active
ACC002443,CUST01049,BR006,chequing,2023-02-08,active
ACC002444,CUST00174,BR001,chequing,2023-10-17,active
ACC002445,CUST01184,BR007,credit,2024-11-13,active
ACC002446,CUST01652,BR010,credit,2024-03-02,active
ACC002447,CUST00603,BR011,credit,2025-01-25,active
ACC002448,CUST01779,BR015,credit,2025-09-29,active
ACC002449,CUST01074,BR007,savings,2023-04-10,closed
ACC002450,CUST00794,BR006,savings,2023-10-28,active
ACC002451,CUST00398,BR012,savings,2024-03-17,active
ACC002452,CUST01393,BR005,chequing,2024-06-12,active
ACC002453,CUST01600,BR010,savings,2024-05-15,active
ACC002454,CUST01101,BR002,credit,2023-11-05,active
ACC002455,CUST00760,BR008,credit,2025-05-13,active
ACC002456,CUST01463,BR014,credit,2023-04-08,active
ACC002457,CUST00451,BR014,chequing,2025-07-03,active
ACC002458,CUST01775,BR006,savings,2025-08-03,closed
ACC002459,CUST00355,BR011,savings,2023-10-06,active
ACC002460,CUST01932,BR007,savings,2024-10-03,active
ACC002461,CUST01044,BR010,credit,2025-09-27,active
ACC002462,CUST00543,BR013,savings,2025-02-05,active
ACC002463,CUST01402,BR005,credit,2024-05-05,closed
ACC002464,CUST01719,BR009,credit,2024-11-15,active
ACC002465,CUST00726,BR014,chequing,2025-07-02,active
ACC002466,CUST01613,BR005,chequing,2024-05-06,active
ACC002467,CUST00954,BR007,credit,2025-08-31,active
ACC002468,CUST00544,BR014,chequing,2023-02-16,dormant
ACC002469,CUST00984,BR007,savings,2024-12-27,active
ACC002470,CUST01223,BR008,savings,2024-02-14,active
ACC002471,CUST00156,BR006,savings,2024-03-01,active
ACC002472,CUST00426,BR001,credit,2023-04-30,active
ACC002473,CUST01318,BR012,chequing,2024-07-22,active
ACC002474,CUST01631,BR007,savings,2025-03-26,active
ACC002475,CUST01037,BR003,chequing,2024-08-17,active
ACC002476,CUST00704,BR004,credit,2024-11-14,active
ACC002477,CUST00866,BR006,chequing,2024-12-01,dormant
ACC002478,CUST01872,BR004,credit,2023-09-24,closed
ACC002479,CUST00881,BR001,credit,2023-01-28,closed
ACC002480,CUST00076,BR005,savings,2023-03-01,closed
ACC002481,CUST01169,BR012,chequing,2023-05-24,active
ACC002482,CUST00503,BR014,savings,2025-01-10,active
ACC002483,CUST00160,BR002,credit,2025-10-24,active
ACC002484,CUST01507,BR007,savings,2023-06-14,active
ACC002485,CUST00209,BR011,savings,2025-10-25,active
ACC002486,CUST01970,BR008,savings,2025-04-02,active
ACC002487,CUST00639,BR012,savings,2025-08-21,active
ACC002488,CUST01891,BR002,credit,2025-04-16,active
ACC002489,CUST01370,BR001,savings,2025-08-03,active
ACC002490,CUST00843,BR007,credit,2025-02-24,active
ACC002491,CUST00302,BR012,credit,2023-02-02,active
ACC002492,CUST01459,BR003,savings,2025-04-07,active
ACC002493,CUST01230,BR010,savings,2023-02-04,active
ACC002494,CUST01268,BR002,savings,2023-12-03,active
ACC002495,CUST01417,BR004,chequing,2024-01-05,active
ACC002496,CUST00381,BR008,savings,2024-08-08,closed
ACC002497,CUST00647,BR005,savings,2024-05-10,active
ACC002498,CUST00865,BR003,chequing,2023-05-18,active
ACC002499,CUST00727,BR002,chequing,2023-06-30,active
ACC002500,CUST00771,BR001,savings,2025-09-19,active
ACC002501,CUST01777,BR004,chequing,2023-07-04,active
ACC002502,CUST01502,BR012,credit,2024-11-26,active
ACC002503,CUST00933,BR005,savings,2023-09-20,active
ACC002504,CUST00671,BR010,savings,2024-07-31,active
ACC002505,CUST01905,BR015,credit,2023-12-07,closed
ACC002506,CUST00463,BR013,credit,2025-09-11,active
ACC002507,CUST01717,BR006,chequing,2025-04-12,active
ACC002508,CUST01896,BR014,savings,2025-09-08,active
ACC002509,CUST00418,BR002,chequing,2025-01-20,active
ACC002510,CUST01381,BR004,chequing,2023-10-17,active
ACC002511,CUST00766,BR004,savings,2025-05-06,active
ACC002512,CUST01095,BR014,chequing,2024-12-16,active
ACC002513,CUST01274,BR015,credit,2025-01-16,active
ACC002514,CUST01421,BR002,savings,2024-11-02,active
ACC002515,CUST01276,BR013,credit,2023-04-29,active
ACC002516,CUST01071,BR005,credit,2023-06-05,closed
ACC002517,CUST01989,BR009,savings,2024-11-07,active
ACC002518,CUST01063,BR014,chequing,2025-02-10,active
ACC002519,CUST01553,BR010,chequing,2024-03-16,active
ACC002520,CUST01931,BR014,chequing,2024-03-27,active
ACC002521,CUST01561,BR010,chequing,2023-03-26,active
ACC002522,CUST00402,BR009,chequing,2024-06-12,closed
ACC002523,CUST00388,BR005,chequing,2023-12-21,active
ACC002524,CUST00322,BR002,credit,2025-01-27,active
ACC002525,CUST01525,BR014,chequing,2023-04-17,active
ACC002526,CUST01507,BR015,chequing,2023-12-22,active
ACC002527,CUST00644,BR003,savings,2024-01-31,active
ACC002528,CUST00179,BR005,credit,2025-04-02,active
ACC002529,CUST00511,BR002,savings,2024-12-30,active
ACC002530,CUST01739,BR001,chequing,2024-10-18,active
ACC002531,CUST00389,BR001,savings,2024-08-30,active
ACC002532,CUST00904,BR009,chequing,2023-07-24,closed
ACC002533,CUST01263,BR015,credit,2025-04-14,active
ACC002534,CUST01125,BR005,credit,2024-10-02,active
ACC002535,CUST00834,BR012,credit,2025-06-04,active
ACC002536,CUST01639,BR005,savings,2024-09-13,active
ACC002537,CUST01144,BR012,chequing,2023-07-21,active
ACC002538,CUST01923,BR010,credit,2024-06-30,active
ACC002539,CUST00113,BR007,savings,2023-06-18,closed
ACC002540,CUST01879,BR012,chequing,2023-02-16,active
ACC002541,CUST00215,BR015,credit,2025-02-22,dormant
ACC002542,CUST00780,BR012,credit,2023-07-11,active
ACC002543,CUST01834,BR013,credit,2025-12-14,active
ACC002544,CUST00328,BR011,savings,2023-10-02,active
ACC002545,CUST00253,BR007,credit,2023-10-17,active
ACC002546,CUST01032,BR015,chequing,2023-11-08,active
ACC002547,CUST01297,BR013,savings,2024-12-29,closed
ACC002548,CUST00824,BR003,credit,2025-02-19,active
ACC002549,CUST01165,BR013,savings,2023-10-27,active
ACC002550,CUST00397,BR011,savings,2025-10-13,active
ACC002551,CUST01910,BR012,chequing,2023-01-08,active
ACC002552,CUST01165,BR004,chequing,2024-12-21,active
ACC002553,CUST01557,BR003,credit,2025-07-22,active
ACC002554,CUST00413,BR003,chequing,2023-03-04,active
ACC002555,CUST01322,BR011,savings,2024-07-01,active
ACC002556,CUST01261,BR008,credit,2023-09-21,active
ACC002557,CUST00392,BR009,savings,2023-09-08,active
ACC002558,CUST00717,BR002,savings,2024-11-16,active
ACC002559,CUST01469,BR013,chequing,2024-11-09,active
ACC002560,CUST01049,BR015,credit,2023-02-17,active
ACC002561,CUST00302,BR015,credit,2025-11-22,active
ACC002562,CUST01651,BR007,chequing,2024-08-12,active
ACC002563,CUST00356,BR013,chequing,2024-06-20,active
ACC002564,CUST01604,BR006,savings,2025-09-04,active
ACC002565,CUST01956,BR013,savings,2024-11-29,active
ACC002566,CUST01187,BR001,savings,2023-06-20,active
ACC002567,CUST01991,BR012,credit,2025-10-31,active
ACC002568,CUST00804,BR012,savings,2024-02-23,active
ACC002569,CUST01845,BR007,savings,2024-12-26,active
ACC002570,CUST00276,BR004,credit,2025-10-04,active
ACC002571,CUST01898,BR009,savings,2025-02-19,active
ACC002572,CUST01428,BR015,credit,2024-05-01,active
ACC002573,CUST00798,BR011,chequing,2025-05-03,active
ACC002574,CUST01813,BR015,chequing,2023-02-17,closed
ACC002575,CUST00201,BR013,credit,2024-02-01,active
ACC002576,CUST00019,BR015,savings,2025-09-14,active
ACC002577,CUST00568,BR011,savings,2023-06-13,active
ACC002578,CUST01261,BR001,chequing,2025-11-08,active
ACC002579,CUST00675,BR002,credit,2024-06-09,closed
ACC002580,CUST01068,BR010,savings,2024-05-18,active
ACC002581,CUST01948,BR012,credit,2024-08-16,active
ACC002582,CUST01207,BR012,chequing,2024-06-15,active
ACC002583,CUST01154,BR012,chequing,2025-01-10,active
ACC002584,CUST00903,BR003,credit,2024-05-05,active
ACC002585,CUST01808,BR002,credit,2025-04-17,active
ACC002586,CUST01310,BR001,credit,2024-11-09,active
ACC002587,CUST00259,BR011,credit,2025-03-17,active
ACC002588,CUST01655,BR009,savings,2025-11-11,active
ACC002589,CUST00828,BR014,credit,2025-12-18,active
ACC002590,CUST00848,BR014,savings,2025-02-17,active
ACC002591,CUST00306,BR010,chequing,2025-01-22,active
ACC002592,CUST01924,BR011,credit,2024-01-16,closed
ACC002593,CUST00326,BR009,chequing,2023-01-04,active
ACC002594,CUST00227,BR009,chequing,2023-11-12,active
ACC002595,CUST00430,BR001,savings,2025-11-10,active
ACC002596,CUST00875,BR009,credit,2024-09-02,active
ACC002597,CUST01704,BR007,savings,2025-04-18,active
ACC002598,CUST01029,BR001,credit,2025-03-28,active
ACC002599,CUST01642,BR009,chequing,2025-09-09,dormant
ACC002600,CUST01504,BR005,credit,2024-10-28,active
ACC002601,CUST00973,BR006,chequing,2023-06-12,active
ACC002602,CUST01303,BR004,chequing,2025-09-05,active
ACC002603,CUST00706,BR011,credit,2024-11-06,active
ACC002604,CUST00325,BR015,credit,2025-09-27,active
ACC002605,CUST01452,BR008,savings,2023-06-28,dormant
ACC002606,CUST00132,BR012,credit,2024-08-19,dormant
ACC002607,CUST00791,BR011,chequing,2025-05-27,active
ACC002608,CUST01558,BR002,credit,2023-08-30,active
ACC002609,CUST01268,BR008,savings,2024-06-10,active
ACC002610,CUST00550,BR010,savings,2024-12-29,active
ACC002611,CUST00148,BR013,savings,2025-06-11,active
ACC002612,CUST00229,BR010,savings,2025-06-21,active
ACC002613,CUST00875,BR004,credit,2023-01-17,closed
ACC002614,CUST00103,BR010,chequing,2024-12-19,active
ACC002615,CUST01676,BR003,chequing,2023-08-14,active
ACC002616,CUST00393,BR014,chequing,2023-06-25,active
ACC002617,CUST00671,BR010,savings,2023-11-14,active
ACC002618,CUST00576,BR003,chequing,2025-12-09,active
ACC002619,CUST01109,BR013,credit,2024-03-16,active
ACC002620,CUST01358,BR010,chequing,2025-09-09,active
ACC002621,CUST01134,BR001,credit,2025-11-30,active
ACC002622,CUST00893,BR011,credit,2023-04-11,dormant
ACC002623,CUST01648,BR011,credit,2023-03-10,active
ACC002624,CUST01626,BR004,chequing,2024-09-06,active
ACC002625,CUST00148,BR014,savings,2024-03-24,active
ACC002626,CUST00496,BR006,credit,2025-03-28,active
ACC002627,CUST01530,BR008,chequing,2024-12-09,active
ACC002628,CUST00559,BR007,chequing,2024-12-07,active
ACC002629,CUST00316,BR015,savings,2023-03-25,active
ACC002630,CUST00896,BR008,savings,2025-04-05,active
ACC002631,CUST00283,BR008,chequing,2023-04-09,active
ACC002632,CUST01535,BR004,savings,2024-09-04,active
ACC002633,CUST00129,BR002,credit,2023-11-10,active
ACC002634,CUST01682,BR006,savings,2025-06-29,active
ACC002635,CUST01896,BR011,chequing,2025-10-23,active
ACC002636,CUST00088,BR003,chequing,2025-01-01,dormant
ACC002637,CUST01480,BR015,credit,2024-03-21,active
ACC002638,CUST01764,BR001,credit,2025-10-15,active
ACC002639,CUST01792,BR006,credit,2023-10-12,active
ACC002640,CUST00326,BR007,chequing,2025-05-03,active
ACC002641,CUST01931,BR010,savings,2025-03-25,active
ACC002642,CUST01049,BR005,savings,2025-03-20,active
ACC002643,CUST01150,BR010,chequing,2025-09-11,active
ACC002644,CUST00169,BR011,credit,2023-07-24,active
ACC002645,CUST00133,BR008,savings,2025-02-06,active
ACC002646,CUST00314,BR010,credit,2024-07-21,active
ACC002647,CUST01626,BR005,credit,2023-12-05,active
ACC002648,CUST01377,BR002,savings,2024-07-18,active
ACC002649,CUST00365,BR009,credit,2024-05-15,active
ACC002650,CUST01320,BR006,credit,2025-09-01,active
ACC002651,CUST00912,BR007,savings,2025-02-15,active
ACC002652,CUST01193,BR015,chequing,2025-09-12,active
ACC002653,CUST00668,BR005,credit,2024-06-23,active
ACC002654,CUST01451,BR004,credit,2024-09-18,active
ACC002655,CUST01569,BR007,credit,2025-08-22,active
ACC002656,CUST00209,BR006,savings,2023-12-24,dormant
ACC002657,CUST01487,BR001,credit,2024-06-28,active
ACC002658,CUST01759,BR015,chequing,2025-09-24,active
ACC002659,CUST01945,BR012,chequing,2024-09-03,closed
ACC002660,CUST00709,BR004,savings,2025-08-07,active
ACC002661,CUST00105,BR011,chequing,2023-08-13,active
ACC002662,CUST00683,BR011,savings,2025-08-04,active
ACC002663,CUST00469,BR013,savings,2024-06-22,active
ACC002664,CUST00147,BR014,credit,2024-06-21,active
ACC002665,CUST00991,BR003,chequing,2024-12-22,closed
ACC002666,CUST00960,BR009,savings,2025-04-01,active
ACC002667,CUST00458,BR006,savings,2025-09-26,active
ACC002668,CUST00806,BR009,savings,2025-02-05,active
ACC002669,CUST01269,BR011,savings,2023-11-07,active
ACC002670,CUST00297,BR009,savings,2025-02-02,active
ACC002671,CUST00037,BR014,credit,2024-12-05,active
ACC002672,CUST01225,BR005,savings,2025-01-11,closed
ACC002673,CUST00201,BR011,savings,2025-04-04,active
ACC002674,CUST01613,BR015,credit,2024-06-21,active
ACC002675,CUST00241,BR013,chequing,2025-04-20,active
ACC002676,CUST00438,BR012,credit,2024-09-10,active
ACC002677,CUST00616,BR001,savings,2023-07-28,active
ACC002678,CUST01653,BR010,savings,2023-07-16,active
ACC002679,CUST01010,BR011,credit,2025-09-28,active
ACC002680,CUST01652,BR014,credit,2024-05-17,dormant
ACC002681,CUST00255,BR009,savings,2024-10-16,active
ACC002682,CUST00086,BR009,credit,2024-03-19,active
ACC002683,CUST00581,BR006,credit,2025-04-04,active
ACC002684,CUST00946,BR001,chequing,2025-03-06,active
ACC002685,CUST00160,BR008,savings,2023-03-05,active
ACC002686,CUST00081,BR013,chequing,2025-06-16,active
ACC002687,CUST01926,BR007,savings,2024-07-06,active
ACC002688,CUST01002,BR009,savings,2023-12-31,closed
ACC002689,CUST00641,BR006,credit,2023-07-20,active
ACC002690,CUST01442,BR003,chequing,2025-01-17,active
ACC002691,CUST01599,BR004,credit,2025-05-18,active
ACC002692,CUST01387,BR004,savings,2024-02-10,active
ACC002693,CUST00997,BR004,savings,2024-12-30,active
ACC002694,CUST01218,BR007,chequing,2025-09-28,active
ACC002695,CUST00263,BR003,credit,2024-03-15,active
ACC002696,CUST00175,BR004,chequing,2024-12-08,active
ACC002697,CUST01543,BR004,credit,2023-01-15,active
ACC002698,CUST00389,BR001,credit,2025-08-16,closed
ACC002699,CUST00635,BR003,savings,2024-09-26,dormant
ACC002700,CUST00465,BR007,savings,2024-04-05,active
ACC002701,CUST01459,BR013,credit,2025-04-27,active
ACC002702,CUST01680,BR015,chequing,2024-07-02,active
ACC002703,CUST00046,BR004,credit,2023-01-23,active
ACC002704,CUST01873,BR008,credit,2024-04-12,active
ACC002705,CUST01586,BR011,savings,2025-01-17,active
ACC002706,CUST00315,BR007,chequing,2025-11-17,active
ACC002707,CUST01741,BR006,chequing,2025-04-30,active
ACC002708,CUST01494,BR008,credit,2024-06-25,active
ACC002709,CUST01639,BR002,chequing,2025-11-03,closed
ACC002710,CUST01072,BR007,savings,2023-08-01,active
ACC002711,CUST00259,BR011,chequing,2024-02-06,active
ACC002712,CUST00341,BR002,savings,2023-12-07,active
ACC002713,CUST00326,BR013,savings,2023-06-19,closed
ACC002714,CUST01200,BR008,credit,2023-10-28,active
ACC002715,CUST01659,BR010,savings,2025-03-18,dormant
ACC002716,CUST01554,BR006,savings,2024-06-24,active
ACC002717,CUST00559,BR007,savings,2024-03-15,active
ACC002718,CUST01406,BR014,savings,2024-07-27,active
ACC002719,CUST00157,BR002,credit,2023-07-19,active
ACC002720,CUST01409,BR009,credit,2024-12-02,active
ACC002721,CUST00783,BR015,savings,2024-01-20,active
ACC002722,CUST00038,BR011,savings,2023-10-23,active
ACC002723,CUST01132,BR014,credit,2023-07-25,active
ACC002724,CUST00444,BR008,credit,2025-05-28,active
ACC002725,CUST01599,BR002,credit,2024-07-26,closed
ACC002726,CUST01924,BR002,savings,2025-02-21,active
ACC002727,CUST00340,BR001,chequing,2024-06-18,active
ACC002728,CUST00500,BR004,chequing,2024-10-24,active
ACC002729,CUST00123,BR015,chequing,2023-08-16,active
ACC002730,CUST00347,BR009,chequing,2025-03-08,active
ACC002731,CUST00004,BR009,savings,2025-03-19,closed
ACC002732,CUST00960,BR015,savings,2023-04-05,active
ACC002733,CUST00022,BR007,credit,2025-09-16,active
ACC002734,CUST01990,BR009,chequing,2025-08-10,active
ACC002735,CUST01517,BR010,savings,2023-01-06,active
ACC002736,CUST01340,BR008,credit,2023-05-15,active
ACC002737,CUST00380,BR002,savings,2023-10-29,active
ACC002738,CUST01118,BR009,credit,2025-03-19,active
ACC002739,CUST01346,BR005,chequing,2025-10-23,active
ACC002740,CUST01177,BR004,chequing,2024-04-08,closed
ACC002741,CUST01375,BR003,savings,2024-09-01,active
ACC002742,CUST01630,BR007,savings,2025-05-29,active
ACC002743,CUST00224,BR010,credit,2023-06-20,active
ACC002744,CUST00662,BR012,credit,2024-04-17,active
ACC002745,CUST00042,BR007,savings,2023-03-09,dormant
ACC002746,CUST01474,BR012,savings,2023-02-01,active
ACC002747,CUST00268,BR006,credit,2023-08-23,active
ACC002748,CUST01221,BR008,credit,2023-04-19,active
ACC002749,CUST00142,BR012,savings,2023-07-24,active
ACC002750,CUST01116,BR003,credit,2025-03-12,active
ACC002751,CUST00023,BR008,savings,2023-12-25,active
ACC002752,CUST00681,BR015,chequing,2023-05-18,active
ACC002753,CUST01306,BR015,savings,2023-10-11,active
ACC002754,CUST00699,BR003,savings,2023-01-08,active
ACC002755,CUST00232,BR007,credit,2023-02-21,active
ACC002756,CUST01045,BR008,savings,2024-07-19,active
ACC002757,CUST00290,BR014,credit,2024-04-19,active
ACC002758,CUST00754,BR009,chequing,2025-10-28,active
ACC002759,CUST00394,BR011,credit,2023-06-19,active
ACC002760,CUST00742,BR008,chequing,2024-10-30,closed
ACC002761,CUST00984,BR005,savings,2024-06-03,active
ACC002762,CUST00446,BR013,credit,2024-12-07,active
ACC002763,CUST01795,BR003,credit,2023-06-16,active
ACC002764,CUST01859,BR013,chequing,2023-11-05,closed
ACC002765,CUST00501,BR004,chequing,2024-11-07,active
ACC002766,CUST01949,BR011,credit,2025-09-14,active
ACC002767,CUST00025,BR015,chequing,2024-11-25,active
ACC002768,CUST01767,BR010,savings,2023-07-24,active
ACC002769,CUST01010,BR002,savings,2023-02-24,active
ACC002770,CUST00708,BR007,credit,2025-07-14,closed
ACC002771,CUST01830,BR010,savings,2023-05-31,active
ACC002772,CUST01864,BR015,credit,2025-02-21,active
ACC002773,CUST00191,BR007,savings,2024-04-19,active
ACC002774,CUST01293,BR009,credit,2024-10-18,active
ACC002775,CUST00918,BR007,credit,2024-06-14,active
ACC002776,CUST01142,BR008,savings,2025-07-25,active
ACC002777,CUST01367,BR007,chequing,2023-01-20,active
ACC002778,CUST00460,BR005,savings,2025-07-20,active
ACC002779,CUST01369,BR014,chequing,2023-06-13,active
ACC002780,CUST00968,BR013,chequing,2023-04-02,active
ACC002781,CUST00363,BR005,credit,2025-05-10,active
ACC002782,CUST01480,BR012,savings,2024-11-13,closed
ACC002783,CUST01024,BR015,savings,2024-11-27,active
ACC002784,CUST00001,BR005,credit,2024-07-29,closed
ACC002785,CUST01759,BR001,credit,2024-09-13,active
ACC002786,CUST00899,BR012,chequing,2023-08-28,active
ACC002787,CUST00706,BR007,chequing,2024-11-29,active
ACC002788,CUST00333,BR008,chequing,2025-07-20,active
ACC002789,CUST01739,BR010,savings,2024-09-04,active
ACC002790,CUST00847,BR014,chequing,2023-08-04,active
ACC002791,CUST00992,BR010,savings,2025-03-14,active
ACC002792,CUST00921,BR006,savings,2024-12-20,active
ACC002793,CUST00945,BR003,credit,2025-07-22,active
ACC002794,CUST00794,BR011,credit,2024-03-06,active
ACC002795,CUST00692,BR005,credit,2023-02-20,active
ACC002796,CUST01188,BR001,credit,2025-11-05,active
ACC002797,CUST01404,BR007,credit,2024-12-15,active
ACC002798,CUST00024,BR014,savings,2025-02-15,active
ACC002799,CUST01493,BR010,chequing,2025-04-15,active
ACC002800,CUST01064,BR003,savings,2025-09-02,active
ACC002801,CUST01572,BR014,savings,2025-06-21,closed
ACC002802,CUST00900,BR010,savings,2025-08-17,active
ACC002803,CUST01340,BR004,credit,2025-04-12,active
ACC002804,CUST00457,BR008,savings,2024-01-12,closed
ACC002805,CUST01655,BR013,savings,2023-05-23,active
ACC002806,CUST00175,BR001,savings,2024-05-03,dormant
ACC002807,CUST00253,BR003,credit,2025-05-09,active
ACC002808,CUST01354,BR013,chequing,2025-04-13,active
ACC002809,CUST01846,BR011,chequing,2024-08-11,active
ACC002810,CUST00475,BR004,credit,2024-05-10,active
ACC002811,CUST00294,BR004,credit,2024-04-15,active
ACC002812,CUST00777,BR001,savings,2023-02-26,active
ACC002813,CUST01950,BR007,credit,2024-06-13,active
ACC002814,CUST01393,BR015,chequing,2025-03-27,active
ACC002815,CUST01341,BR003,chequing,2024-11-29,active
ACC002816,CUST01803,BR007,savings,2023-10-15,active
ACC002817,CUST00186,BR003,credit,2024-12-04,active
ACC002818,CUST01466,BR014,chequing,2023-03-09,active
ACC002819,CUST01765,BR005,savings,2025-12-23,closed
ACC002820,CUST01139,BR006,savings,2025-12-24,active
ACC002821,CUST01940,BR006,chequing,2023-08-07,active
ACC002822,CUST01186,BR011,credit,2023-01-21,active
ACC002823,CUST00742,BR006,savings,2023-10-21,active
ACC002824,CUST00014,BR006,chequing,2025-06-28,active
ACC002825,CUST00620,BR003,savings,2024-11-13,active
ACC002826,CUST00983,BR009,savings,2025-12-21,active
ACC002827,CUST00915,BR009,savings,2023-02-26,active
ACC002828,CUST00087,BR004,credit,2023-09-24,active
ACC002829,CUST00511,BR015,chequing,2025-09-11,active
ACC002830,CUST01842,BR002,credit,2024-10-29,active
ACC002831,CUST01976,BR007,chequing,2023-09-27,active
ACC002832,CUST00967,BR010,credit,2025-09-18,active
ACC002833,CUST01814,BR009,savings,2024-02-20,active
ACC002834,CUST01433,BR002,savings,2023-11-19,active
ACC002835,CUST01163,BR006,savings,2023-12-22,active
ACC002836,CUST00232,BR008,credit,2025-03-14,active
ACC002837,CUST00236,BR007,chequing,2024-04-25,active
ACC002838,CUST00375,BR009,credit,2025-11-03,active
ACC002839,CUST00010,BR001,savings,2023-06-10,active
ACC002840,CUST00367,BR009,savings,2024-10-01,active
ACC002841,CUST00163,BR003,chequing,2023-10-29,active
ACC002842,CUST01497,BR012,credit,2023-01-08,active
ACC002843,CUST01818,BR008,savings,2024-09-01,active
ACC002844,CUST00557,BR002,savings,2024-07-18,active
ACC002845,CUST01269,BR003,credit,2023-05-20,active
ACC002846,CUST01819,BR005,savings,2025-04-30,active
ACC002847,CUST00956,BR006,credit,2023-02-06,active
ACC002848,CUST00729,BR003,savings,2025-07-05,active
ACC002849,CUST00350,BR014,chequing,2024-04-15,closed
ACC002850,CUST00816,BR001,savings,2025-12-30,closed
ACC002851,CUST00700,BR005,credit,2024-01-22,active
ACC002852,CUST01174,BR006,credit,2025-10-07,active
ACC002853,CUST00488,BR012,credit,2024-03-18,active
ACC002854,CUST01449,BR011,chequing,2025-05-22,active
ACC002855,CUST00181,BR014,savings,2024-11-18,active
ACC002856,CUST01218,BR003,chequing,2023-10-03,active
ACC002857,CUST00155,BR005,credit,2025-12-24,active
ACC002858,CUST01442,BR002,credit,2025-07-31,active
ACC002859,CUST00748,BR001,credit,2023-08-07,active
ACC002860,CUST01017,BR010,savings,2023-09-28,active
ACC002861,CUST00265,BR006,chequing,2023-09-25,active
ACC002862,CUST01738,BR009,chequing,2024-12-23,active
ACC002863,CUST00465,BR012,chequing,2025-07-10,active
ACC002864,CUST01703,BR005,credit,2024-02-09,active
ACC002865,CUST01200,BR006,credit,2023-11-27,active
ACC002866,CUST00212,BR006,credit,2025-01-31,closed
ACC002867,CUST01661,BR002,chequing,2025-05-29,active
ACC002868,CUST01643,BR010,credit,2025-06-27,active
ACC002869,CUST01232,BR003,chequing,2025-08-13,active
ACC002870,CUST01918,BR008,savings,2023-08-15,dormant
ACC002871,CUST01973,BR005,chequing,2024-09-04,active
ACC002872,CUST00958,BR014,chequing,2025-04-23,active
ACC002873,CUST00267,BR006,credit,2023-06-13,active
ACC002874,CUST01118,BR004,credit,2023-05-24,active
ACC002875,CUST01338,BR010,savings,2025-07-09,active
ACC002876,CUST01893,BR011,savings,2025-08-02,active
ACC002877,CUST01807,BR013,savings,2024-08-31,active
ACC002878,CUST00627,BR004,credit,2024-12-02,closed
ACC002879,CUST01276,BR015,savings,2025-11-28,active
ACC002880,CUST01237,BR014,savings,2025-01-11,active
ACC002881,CUST00692,BR015,savings,2024-09-21,active
ACC002882,CUST01062,BR014,credit,2023-03-30,active
ACC002883,CUST01257,BR015,credit,2023-04-07,active
ACC002884,CUST00464,BR005,credit,2023-02-08,active
ACC002885,CUST00257,BR005,savings,2025-05-07,dormant
ACC002886,CUST01284,BR001,credit,2023-04-13,active
ACC002887,CUST00020,BR010,chequing,2025-05-08,active
ACC002888,CUST00990,BR004,savings,2025-04-30,active
ACC002889,CUST01801,BR003,savings,2025-02-21,active
ACC002890,CUST01985,BR012,chequing,2023-09-15,active
ACC002891,CUST01217,BR003,chequing,2024-03-28,active
ACC002892,CUST01228,BR004,chequing,2023-06-23,active
ACC002893,CUST00550,BR015,credit,2023-05-01,closed
ACC002894,CUST01391,BR006,chequing,2025-08-13,active
ACC002895,CUST01934,BR012,chequing,2025-07-31,active
ACC002896,CUST00374,BR007,savings,2023-05-15,active
ACC002897,CUST01967,BR014,savings,2025-05-12,active
ACC002898,CUST01614,BR001,chequing,2023-05-15,active
ACC002899,CUST00258,BR015,credit,2024-04-01,active
ACC002900,CUST00676,BR010,credit,2024-07-12,active
ACC002901,CUST00628,BR003,chequing,2024-05-11,active
ACC002902,CUST01972,BR013,credit,2024-10-23,active
ACC002903,CUST01402,BR007,credit,2025-09-12,active
ACC002904,CUST01633,BR015,chequing,2024-12-23,active
ACC002905,CUST01219,BR001,chequing,2023-12-07,active
ACC002906,CUST01870,BR003,credit,2024-09-08,active
ACC002907,CUST01597,BR004,savings,2024-10-26,active
ACC002908,CUST01474,BR004,chequing,2023-02-02,active
ACC002909,CUST01441,BR011,chequing,2025-06-04,active
ACC002910,CUST00929,BR007,chequing,2024-09-30,active
ACC002911,CUST00925,BR009,savings,2024-05-25,active
ACC002912,CUST01446,BR006,savings,2024-06-16,active
ACC002913,CUST00108,BR012,savings,2023-12-27,active
ACC002914,CUST00256,BR007,credit,2025-10-06,active
ACC002915,CUST01483,BR012,credit,2023-05-06,active
ACC002916,CUST00908,BR006,savings,2024-04-05,active
ACC002917,CUST00627,BR004,credit,2025-03-30,active
ACC002918,CUST00568,BR006,chequing,2024-01-11,active
ACC002919,CUST01411,BR006,chequing,2025-11-17,active
ACC002920,CUST01422,BR004,savings,2025-07-24,active
ACC002921,CUST01695,BR013,credit,2023-07-21,closed
ACC002922,CUST00505,BR001,savings,2024-04-21,active
ACC002923,CUST00510,BR011,credit,2024-03-02,active
ACC002924,CUST00472,BR007,savings,2023-07-27,active
ACC002925,CUST00313,BR005,savings,2024-06-03,active
ACC002926,CUST01168,BR009,savings,2024-01-26,active
ACC002927,CUST00940,BR003,chequing,2024-05-10,active
ACC002928,CUST00092,BR006,chequing,2025-03-29,active
ACC002929,CUST00510,BR014,chequing,2024-10-30,active
ACC002930,CUST00059,BR008,credit,2023-07-03,active
ACC002931,CUST00731,BR006,credit,2025-10-18,active
ACC002932,CUST01204,BR005,credit,2023-04-18,active
ACC002933,CUST00312,BR015,credit,2024-09-04,closed
ACC002934,CUST00806,BR005,chequing,2023-06-11,active
ACC002935,CUST00321,BR006,savings,2023-06-29,active
ACC002936,CUST00477,BR009,chequing,2025-09-22,active
ACC002937,CUST00155,BR010,chequing,2024-05-25,active
ACC002938,CUST01501,BR015,savings,2023-02-13,active
ACC002939,CUST01522,BR004,credit,2024-09-27,active
ACC002940,CUST00521,BR015,chequing,2025-08-21,active
ACC002941,CUST01418,BR008,savings,2025-01-03,active
ACC002942,CUST00249,BR015,savings,2025-06-04,active
ACC002943,CUST00356,BR009,credit,2023-09-27,dormant
ACC002944,CUST00839,BR004,chequing,2025-05-31,active
ACC002945,CUST00841,BR003,chequing,2025-01-16,closed
ACC002946,CUST01467,BR007,chequing,2024-10-09,active
ACC002947,CUST01790,BR013,chequing,2025-07-27,active
ACC002948,CUST00150,BR006,chequing,2024-08-15,active
ACC002949,CUST00644,BR010,credit,2025-02-28,active
ACC002950,CUST00735,BR011,credit,2025-05-10,active
ACC002951,CUST00944,BR015,chequing,2024-09-18,active
ACC002952,CUST00442,BR012,savings,2023-02-19,closed
ACC002953,CUST01035,BR001,credit,2023-03-19,active
ACC002954,CUST00162,BR015,savings,2025-05-05,active
ACC002955,CUST01740,BR001,credit,2024-03-19,active
ACC002956,CUST00995,BR014,credit,2025-12-10,active
ACC002957,CUST00202,BR009,credit,2024-02-29,active
ACC002958,CUST01637,BR015,savings,2023-08-23,active
ACC002959,CUST00498,BR009,credit,2023-08-22,active
ACC002960,CUST01041,BR008,credit,2024-12-22,active
ACC002961,CUST01674,BR011,savings,2025-05-11,closed
ACC002962,CUST00094,BR006,credit,2023-03-14,active
ACC002963,CUST00782,BR006,savings,2023-11-25,active
ACC002964,CUST00361,BR009,chequing,2023-01-25,active
ACC002965,CUST00320,BR012,savings,2023-11-17,active
ACC002966,CUST01483,BR011,credit,2023-08-18,active
ACC002967,CUST01933,BR014,savings,2025-07-05,active
ACC002968,CUST00396,BR008,chequing,2024-12-21,active
ACC002969,CUST00037,BR008,credit,2024-04-02,active
ACC002970,CUST01459,BR013,chequing,2025-12-28,active
ACC002971,CUST01575,BR007,credit,2025-06-27,dormant
ACC002972,CUST01066,BR013,credit,2025-01-30,active
ACC002973,CUST00523,BR006,savings,2024-02-23,active
ACC002974,CUST01827,BR002,savings,2025-03-04,active
ACC002975,CUST01156,BR001,savings,2025-02-15,active
ACC002976,CUST01482,BR007,savings,2025-02-02,active
ACC002977,CUST01150,BR006,savings,2023-07-26,active
ACC002978,CUST00624,BR006,savings,2023-04-04,active
ACC002979,CUST01245,BR013,savings,2025-04-03,active
ACC002980,CUST00622,BR004,chequing,2025-10-28,active
ACC002981,CUST01282,BR011,savings,2024-03-05,active
ACC002982,CUST00301,BR001,credit,2023-03-08,active
ACC002983,CUST01084,BR014,savings,2025-05-27,active
ACC002984,CUST01620,BR004,chequing,2025-08-19,active
ACC002985,CUST00988,BR013,chequing,2023-02-07,active
ACC002986,CUST00204,BR007,savings,2025-09-12,active
ACC002987,CUST01604,BR003,savings,2023-08-09,active
ACC002988,CUST01122,BR008,credit,2023-11-11,active
ACC002989,CUST00212,BR003,savings,2023-04-28,active
ACC002990,CUST00768,BR014,savings,2024-11-21,active
ACC002991,CUST01348,BR001,savings,2024-08-28,active
ACC002992,CUST00065,BR009,credit,2023-03-16,active
ACC002993,CUST01201,BR015,credit,2024-03-03,active
ACC002994,CUST01016,BR007,credit,2025-07-27,active
ACC002995,CUST01045,BR008,chequing,2024-09-26,active
ACC002996,CUST00803,BR004,chequing,2024-02-19,active
ACC002997,CUST01581,BR005,chequing,2025-12-13,active
ACC002998,CUST01375,BR001,chequing,2023-03-03,active
ACC002999,CUST00597,BR004,savings,2023-11-19,active
ACC003000,CUST01267,BR015,chequing,2023-02-06,active
ACC003001,CUST01995,BR012,savings,2023-08-06,active
ACC003002,CUST01164,BR010,credit,2025-04-25,active
ACC003003,CUST00556,BR007,savings,2023-11-09,active
ACC003004,CUST01017,BR012,chequing,2025-01-05,active
ACC003005,CUST01241,BR013,savings,2023-11-18,active
ACC003006,CUST00318,BR008,savings,2025-04-07,active
ACC003007,CUST00340,BR003,chequing,2023-03-18,active
ACC003008,CUST01837,BR005,chequing,2025-02-01,active
ACC003009,CUST00959,BR008,chequing,2024-01-13,active
ACC003010,CUST01351,BR006,credit,2023-03-31,active
ACC003011,CUST00210,BR015,credit,2023-12-06,active
ACC003012,CUST01039,BR015,chequing,2024-11-20,active
ACC003013,CUST00825,BR007,chequing,2023-08-24,active
ACC003014,CUST00446,BR010,chequing,2025-09-26,active
ACC003015,CUST00602,BR013,savings,2025-09-22,active
ACC003016,CUST00069,BR010,credit,2025-02-20,active
ACC003017,CUST00853,BR002,savings,2023-10-15,active
ACC003018,CUST01253,BR006,credit,2024-07-31,active
ACC003019,CUST00319,BR001,chequing,2023-11-24,active
ACC003020,CUST00532,BR012,credit,2023-11-02,active
ACC003021,CUST01115,BR014,savings,2024-01-27,active
ACC003022,CUST00501,BR014,savings,2024-04-25,active
ACC003023,CUST00615,BR006,chequing,2024-04-08,closed
ACC003024,CUST01716,BR014,chequing,2025-12-27,active
ACC003025,CUST00313,BR007,credit,2025-02-18,active
ACC003026,CUST01664,BR002,savings,2023-09-06,active
ACC003027,CUST00510,BR011,credit,2025-04-17,active
ACC003028,CUST00175,BR001,savings,2025-07-19,closed
ACC003029,CUST01614,BR002,credit,2023-09-12,active
ACC003030,CUST01669,BR010,credit,2023-09-14,active
ACC003031,CUST01735,BR007,credit,2023-10-20,closed
ACC003032,CUST01488,BR008,savings,2024-03-08,active
ACC003033,CUST01985,BR001,chequing,2024-06-20,active
ACC003034,CUST00191,BR004,chequing,2025-11-22,active
ACC003035,CUST01934,BR014,credit,2023-08-01,active
ACC003036,CUST01944,BR006,chequing,2024-04-19,active
ACC003037,CUST01303,BR002,savings,2023-01-05,active
ACC003038,CUST00923,BR001,credit,2025-01-09,active
ACC003039,CUST01173,BR012,savings,2023-04-08,active
ACC003040,CUST01849,BR007,savings,2023-07-24,active
ACC003041,CUST01675,BR009,savings,2025-12-14,active
ACC003042,CUST00045,BR004,chequing,2024-06-21,active
ACC003043,CUST00725,BR013,savings,2024-07-10,active
ACC003044,CUST00257,BR013,chequing,2025-07-26,active
ACC003045,CUST00968,BR010,savings,2023-04-22,active
ACC003046,CUST00549,BR001,chequing,2024-03-15,closed
ACC003047,CUST01920,BR008,savings,2024-06-12,active
ACC003048,CUST01190,BR010,credit,2025-07-10,active
ACC003049,CUST01931,BR004,chequing,2023-08-07,active
ACC003050,CUST00806,BR012,credit,2024-08-14,active
ACC003051,CUST01671,BR011,savings,2024-09-07,active
ACC003052,CUST01707,BR007,chequing,2024-04-04,active
ACC003053,CUST01555,BR013,savings,2024-12-19,active
ACC003054,CUST00134,BR012,credit,2023-04-04,active
ACC003055,CUST01896,BR007,chequing,2023-06-29,active
ACC003056,CUST00075,BR002,chequing,2025-12-29,active
ACC003057,CUST01319,BR006,savings,2025-04-13,active
ACC003058,CUST00340,BR006,chequing,2025-03-22,active
ACC003059,CUST01907,BR005,chequing,2023-05-06,active
ACC003060,CUST00596,BR009,savings,2025-08-08,active
ACC003061,CUST01796,BR009,savings,2025-11-28,active
ACC003062,CUST01042,BR005,credit,2023-05-23,active
ACC003063,CUST01840,BR011,chequing,2025-04-10,active
ACC003064,CUST00052,BR001,savings,2025-08-17,active
ACC003065,CUST00148,BR008,savings,2024-03-30,active
ACC003066,CUST00642,BR010,savings,2024-02-09,active
ACC003067,CUST01671,BR015,chequing,2025-06-28,active
ACC003068,CUST00227,BR015,chequing,2025-06-24,active
ACC003069,CUST01441,BR013,savings,2023-04-17,dormant
ACC003070,CUST00570,BR010,chequing,2023-12-15,closed
ACC003071,CUST00549,BR005,savings,2023-06-26,closed
ACC003072,CUST01660,BR006,savings,2025-05-16,active
ACC003073,CUST00466,BR004,chequing,2025-11-28,active
ACC003074,CUST01157,BR012,savings,2024-12-02,active
ACC003075,CUST00332,BR004,credit,2023-08-12,active
ACC003076,CUST01393,BR001,chequing,2024-04-24,active
ACC003077,CUST01858,BR001,chequing,2024-09-29,active
ACC003078,CUST01633,BR010,credit,2024-01-04,active
ACC003079,CUST00828,BR006,chequing,2025-03-01,active
ACC003080,CUST01961,BR012,credit,2025-09-05,active
ACC003081,CUST00935,BR004,chequing,2025-07-19,active
ACC003082,CUST01164,BR014,savings,2025-05-25,active
ACC003083,CUST00317,BR005,credit,2025-10-11,active
ACC003084,CUST00312,BR015,chequing,2024-12-15,active
ACC003085,CUST00771,BR014,savings,2024-05-13,active
ACC003086,CUST00315,BR014,savings,2025-03-05,active
ACC003087,CUST01360,BR002,savings,2023-06-10,dormant
ACC003088,CUST01964,BR004,savings,2024-02-16,active
ACC003089,CUST01833,BR013,savings,2025-03-10,active
ACC003090,CUST00069,BR007,chequing,2025-01-18,active
ACC003091,CUST01313,BR002,savings,2024-04-13,active
ACC003092,CUST00948,BR010,chequing,2023-08-31,closed
ACC003093,CUST00249,BR007,chequing,2024-11-25,active
ACC003094,CUST01429,BR013,credit,2024-01-20,closed
ACC003095,CUST00760,BR013,savings,2025-03-16,active
ACC003096,CUST00428,BR014,credit,2025-12-31,active
ACC003097,CUST00918,BR001,chequing,2024-08-29,active
ACC003098,CUST01287,BR011,savings,2025-01-08,active
ACC003099,CUST01735,BR014,chequing,2024-05-01,active
ACC003100,CUST00271,BR008,credit,2023-07-22,active
ACC003101,CUST00810,BR007,credit,2023-11-06,active
ACC003102,CUST00259,BR010,credit,2023-04-23,active
ACC003103,CUST01273,BR015,chequing,2025-03-08,dormant
ACC003104,CUST00015,BR001,credit,2023-06-14,active
ACC003105,CUST01631,BR014,chequing,2023-04-24,active
ACC003106,CUST00670,BR007,chequing,2025-04-30,active
ACC003107,CUST01199,BR008,chequing,2024-06-12,active
ACC003108,CUST01983,BR013,credit,2025-11-19,active
ACC003109,CUST01941,BR002,chequing,2023-01-03,active
ACC003110,CUST01516,BR009,credit,2023-10-14,active
ACC003111,CUST00396,BR009,savings,2025-02-07,active
ACC003112,CUST01279,BR001,credit,2025-04-09,active
ACC003113,CUST00403,BR011,chequing,2023-05-31,active
ACC003114,CUST01363,BR005,credit,2023-09-13,active
ACC003115,CUST01821,BR008,credit,2024-05-16,active
ACC003116,CUST00846,BR014,savings,2024-10-11,active
ACC003117,CUST00144,BR010,chequing,2023-09-16,dormant
ACC003118,CUST01582,BR009,credit,2023-10-06,closed
ACC003119,CUST00043,BR007,chequing,2023-06-17,active
ACC003120,CUST00815,BR014,savings,2023-09-06,active
ACC003121,CUST00130,BR011,credit,2024-04-02,active
ACC003122,CUST00319,BR004,savings,2024-06-20,active
ACC003123,CUST01414,BR011,savings,2024-05-03,active
ACC003124,CUST00388,BR006,credit,2023-05-16,active
ACC003125,CUST00948,BR007,savings,2023-01-31,active
ACC003126,CUST00302,BR004,credit,2023-05-19,active
ACC003127,CUST01504,BR004,credit,2024-01-03,dormant
ACC003128,CUST00287,BR013,credit,2023-11-02,closed
ACC003129,CUST01301,BR013,savings,2025-07-19,closed
ACC003130,CUST00359,BR007,credit,2024-05-07,active
ACC003131,CUST00533,BR010,credit,2024-10-19,active
ACC003132,CUST00339,BR015,chequing,2024-10-03,active
ACC003133,CUST01260,BR007,savings,2024-06-12,active
ACC003134,CUST01066,BR005,chequing,2025-05-29,active
ACC003135,CUST01495,BR009,savings,2025-11-04,active
ACC003136,CUST01991,BR015,chequing,2023-06-02,active
ACC003137,CUST01989,BR004,chequing,2023-04-05,active
ACC003138,CUST00050,BR010,credit,2025-11-30,active
ACC003139,CUST01151,BR008,savings,2023-06-24,active
ACC003140,CUST00650,BR012,savings,2023-04-25,active
ACC003141,CUST01864,BR007,credit,2023-12-08,active
ACC003142,CUST01087,BR008,credit,2023-04-17,active
ACC003143,CUST00730,BR010,chequing,2023-11-08,active
ACC003144,CUST01495,BR005,savings,2024-04-27,active
ACC003145,CUST00239,BR007,chequing,2025-03-23,active
ACC003146,CUST00047,BR004,chequing,2024-01-25,active
ACC003147,CUST00609,BR002,credit,2023-01-14,active
ACC003148,CUST00655,BR006,credit,2025-09-29,active
ACC003149,CUST00466,BR012,savings,2024-02-05,active
ACC003150,CUST00736,BR008,credit,2024-10-08,active
ACC003151,CUST00139,BR010,credit,2023-10-27,active
ACC003152,CUST00925,BR005,credit,2023-06-24,active
ACC003153,CUST00982,BR011,chequing,2025-03-12,dormant
ACC003154,CUST00934,BR001,chequing,2025-12-16,active
ACC003155,CUST01969,BR006,savings,2025-08-06,closed
ACC003156,CUST00214,BR002,chequing,2025-01-17,closed
ACC003157,CUST00598,BR012,chequing,2024-02-25,active
ACC003158,CUST01632,BR001,credit,2023-03-29,active
ACC003159,CUST01959,BR004,chequing,2025-11-06,active
ACC003160,CUST01184,BR003,credit,2024-06-01,dormant
ACC003161,CUST01145,BR003,credit,2025-08-13,active
ACC003162,CUST01862,BR014,chequing,2023-08-15,active
ACC003163,CUST00967,BR011,credit,2025-12-04,active
ACC003164,CUST00171,BR003,credit,2025-06-22,active
ACC003165,CUST00875,BR006,savings,2024-12-15,active
ACC003166,CUST00006,BR008,chequing,2023-01-14,active
ACC003167,CUST00920,BR014,chequing,2024-08-27,active
ACC003168,CUST00963,BR005,credit,2023-05-23,active
ACC003169,CUST01468,BR003,savings,2025-05-30,active
ACC003170,CUST00429,BR011,savings,2024-10-30,active
ACC003171,CUST01280,BR012,credit,2024-11-01,active
ACC003172,CUST00188,BR011,credit,2023-02-09,active
ACC003173,CUST00745,BR015,chequing,2023-03-08,active
ACC003174,CUST01267,BR005,credit,2024-06-08,active
ACC003175,CUST00264,BR007,chequing,2024-03-01,active
ACC003176,CUST00027,BR004,savings,2023-01-22,dormant
ACC003177,CUST00276,BR003,chequing,2024-10-21,active
ACC003178,CUST01528,BR011,credit,2024-04-17,active
ACC003179,CUST01853,BR004,credit,2024-07-10,active
ACC003180,CUST01797,BR014,credit,2024-07-16,active
ACC003181,CUST00936,BR006,chequing,2023-08-23,dormant
ACC003182,CUST01572,BR010,chequing,2023-03-03,closed
ACC003183,CUST00230,BR014,savings,2025-03-22,active
ACC003184,CUST00865,BR014,savings,2025-02-28,active
ACC003185,CUST00966,BR012,credit,2024-09-17,active
ACC003186,CUST00423,BR014,chequing,2024-06-04,active
ACC003187,CUST01864,BR005,chequing,2023-02-08,active
ACC003188,CUST00893,BR007,savings,2025-08-08,active
ACC003189,CUST01405,BR009,savings,2024-08-17,active
ACC003190,CUST00679,BR009,chequing,2023-07-24,active
ACC003191,CUST01344,BR002,savings,2025-04-13,active
ACC003192,CUST01189,BR007,credit,2023-12-15,active
ACC003193,CUST01201,BR003,savings,2023-07-16,active
ACC003194,CUST00013,BR006,chequing,2025-04-15,active
ACC003195,CUST01445,BR007,chequing,2024-02-04,active
ACC003196,CUST01714,BR003,credit,2024-11-09,active
ACC003197,CUST01430,BR004,credit,2023-11-30,active
ACC003198,CUST01625,BR009,chequing,2024-10-26,active
ACC003199,CUST01123,BR004,savings,2025-06-30,active
ACC003200,CUST00482,BR006,savings,2023-04-28,dormant
