customer_id,name,dob,segment,city,province,signup_date,record_date
CUST00001,Matthew Johnson,1970-11-15,retail,Toronto,ON,2025-10-31,2025-10-31
CUST00002,Sofia Khan,2002-11-13,retail,,AB,2024-07-23,2024-07-23
CUST00003,Sofia Kim,1969-04-26,retail,Surrey,BC,2024-11-20,2024-11-20
CUST00004,Daniel Roy,1991-03-21,premium,Vancouver,BC,2023-09-13,2023-09-13
CUST00005,Emma Gagnon,1982-06-12,premium,Quebec City,QC,2024-01-29,2024-01-29
CUST00006,Elizabeth Williams,1984-02-07,premium,Hamilton,ON,2024-07-23,2024-07-23
CUST00007,Daniel Miller,1956-05-28,retail,Winnipeg,MB,2023-12-17,2023-12-17
CUST00008,David Gagnon,1979-02-04,retail,Halifax,NS,2023-04-25,2023-04-25
CUST00009,David Williams,2000-11-19,business,Hamilton,ON,2024-10-06,2024-10-06
CUST00010,Chen Nguyen,1972-02-16,retail,Ottawa,ON,2024-06-22,2024-06-22
CUST00011,Daniel Davis,1958-02-26,retail,Ottawa,ON,2023-04-07,2023-04-07
CUST00012,Amir Kim,1984-03-27,retail,Quebec City,QC,2025-08-16,2025-08-16
CUST00013,James Cote,1998-03-05,retail,Halifax,NS,2024-06-30,2024-06-30
CUST00014,Jennifer Nguyen,1973-08-18,business,Toronto,ON,2025-10-22,2025-10-22
CUST00015,Elizabeth Gagnon,1963-09-18,retail,Montreal,QC,2025-02-04,2025-02-04
CUST00016,Lisa Smith,1951-10-01,retail,Quebec City,QC,2023-08-18,2023-08-18
CUST00017,ELIZABETH davis,2000-11-25,retail,Toronto,ON,2023-06-11,2023-06-11
CUST00017,ELIZABETH davis,2000-11-25,premium,Montreal,QC,2023-06-11,2024-09-02
CUST00018,Robert Cote,1964-10-24,business,Edmonton,AB,2024-06-26,2024-06-26
CUST00019,Priya Miller,1983-07-03,retail,Halifax,NS,2025-06-16,2025-06-16
CUST00020,JOHN wilson,1970-08-24,retail,Toronto,ON,2024-03-27,2024-03-27
CUST00020,JOHN wilson,1970-08-24,business,Toronto,ON,2024-03-27,2024-06-29
CUST00021,John Chan,1993-07-20,retail,Hamilton,ON,2024-03-14,2024-03-14
CUST00022,WEI singh,1986-07-09,premium,Hamilton,ON,2024-01-25,2024-01-25
CUST00023,Matthew Nguyen,1958-10-30,retail,Halifax,NS,2023-05-05,2023-05-05
CUST00024,Linda Miller,1962-07-30,retail,Hamilton,ON,2025-05-14,2025-05-14
CUST00025,John Nguyen,1998-07-01,retail,Montreal,QC,2023-01-31,2023-01-31
CUST00026,Jennifer Kim,1985-12-24,retail,,AB,2023-05-01,2023-05-01
CUST00027,Olivia Nguyen,1999-11-11,retail,Vancouver,BC,2025-09-23,2025-09-23
CUST00028,Wei Khan,1955-02-17,premium,Toronto,ON,2023-04-13,2023-04-13
CUST00029,Jennifer Johnson,1966-09-03,retail,Montreal,QC,2023-05-21,2023-05-21
CUST00030,Patricia Tremblay,1953-07-26,retail,Hamilton,ON,2023-06-17,2023-06-17
CUST00031,David Miller,1971-06-01,premium,Winnipeg,MB,2024-06-27,2024-06-27
CUST00032,SARAH williams,2000-07-05,retail,Toronto,ON,2023-07-24,2023-07-24
CUST00033,Daniel Williams,1964-02-26,retail,Hamilton,ON,2025-06-16,2025-06-16
CUST00034,Olivia Gagnon,1999-10-04,retail,Montreal,QC,2024-09-05,2024-09-05
CUST00035,David Brown,1963-12-12,premium,Mississauga,ON,2024-07-11,2024-07-11
CUST00036,AMIR gagnon,1972-07-12,retail,Vancouver,BC,2023-04-15,2023-04-15
CUST00037,James Wilson,1973-07-02,retail,Ottawa,ON,2023-11-27,2023-11-27
CUST00038,James Brown,1963-05-17,business,Mississauga,ON,2023-03-15,2023-03-15
CUST00038,James Brown,1963-05-17,retail,Toronto,ON,2023-03-15,2023-07-18
CUST00039,Olivia Johnson,1972-05-21,retail,Surrey,BC,2023-07-30,2023-07-30
CUST00040,FATIMA jones,1965-11-19,premium,Hamilton,ON,2025-04-24,2025-04-24
CUST00041,Matthew Cote,1973-12-08,premium,Halifax,NS,2023-11-23,2023-11-23
CUST00042,Ava Singh,1991-04-19,retail,Hamilton,ON,2024-12-17,2024-12-17
CUST00043,James Cote,1974-12-30,retail,Hamilton,ON,2023-05-23,2023-05-23
CUST00044,Karen Cote,1952-06-23,retail,Montreal,QC,2023-08-25,2023-08-25
CUST00045,David Johnson,1981-01-05,retail,Mississauga,ON,2024-10-04,2024-10-04
CUST00045,David Johnson,1981-01-05,retail,Hamilton,ON,2024-10-04,2025-09-24
CUST00046,Sofia Kim,1998-04-22,retail,Toronto,ON,2024-02-08,2024-02-08
CUST00047,Sarah Roy,1961-03-07,retail,Surrey,BC,2024-09-07,2024-09-07
CUST00048,Sofia Martinez,1987-09-21,retail,Montreal,QC,2025-02-15,2025-02-15
CUST00049,Elizabeth Patel,1977-04-06,premium,Montreal,QC,2024-08-10,2024-08-10
CUST00050,Sarah Nguyen,1969-03-04,retail,Edmonton,AB,2025-11-12,2025-11-12
CUST00051,Jennifer Cote,1980-01-27,retail,Mississauga,ON,2023-07-11,2023-07-11
CUST00052,Linda Miller,1971-12-20,retail,Ottawa,ON,2025-08-31,2025-08-31
CUST00053,Chen Tremblay,1984-06-13,premium,Hamilton,ON,2025-10-09,2025-10-09
CUST00054,NOAH brown,1996-06-20,retail,Calgary,AB,2025-08-09,2025-08-09
CUST00055,Nancy Jones,2000-02-22,retail,Edmonton,AB,2024-10-11,2024-10-11
CUST00056,Liam Chan,1999-02-25,premium,Calgary,AB,2025-07-02,2025-07-02
CUST00057,David Davis,1996-10-07,retail,Winnipeg,MB,2025-09-19,2025-09-19
CUST00058,Linda Rodriguez,1998-06-17,retail,Surrey,BC,2023-06-15,2023-06-15
CUST00059,Sofia Miller,1979-09-08,retail,Mississauga,ON,2025-08-12,2025-08-12
CUST00060,Noah Tremblay,2001-08-25,retail,Halifax,NS,2025-02-18,2025-02-18
CUST00061,Karen Kim,1998-12-30,premium,Montreal,QC,2024-03-27,2024-03-27
CUST00062,Karen Wilson,1986-04-10,retail,Winnipeg,MB,2023-12-05,2023-12-05
CUST00063,Priya Smith,1952-06-07,retail,Calgary,AB,2023-06-21,2023-06-21
CUST00064,Mary Rodriguez,1990-10-17,retail,Calgary,AB,2024-10-31,2024-10-31
CUST00065,Emma Kim,1992-03-12,premium,Vancouver,BC,2023-02-09,2023-02-09
CUST00066,Linda Gagnon,1953-08-12,premium,Mississauga,ON,2023-03-05,2023-03-05
CUST00066,Linda Gagnon,1953-08-12,retail,Hamilton,ON,2023-03-05,2023-07-21
CUST00067,Amir Brown,1991-09-21,business,Quebec City,QC,2024-06-08,2024-06-08
CUST00068,Liam Brown,1959-09-13,business,Ottawa,ON,2023-02-22,2023-02-22
CUST00069,Karen Patel,2003-02-13,retail,Halifax,NS,2024-05-12,2024-05-12
CUST00070,Fatima Brown,1981-02-24,premium,Quebec City,QC,2025-12-27,2025-12-27
CUST00071,Sarah Smith,1959-06-21,premium,Calgary,AB,2025-06-06,2025-06-06
CUST00072,Sofia Jones,1996-10-22,retail,Calgary,AB,2024-07-07,2024-07-07
CUST00073,Nancy Kim,1978-12-01,retail,Halifax,NS,2024-05-17,2024-05-17
CUST00074,LINDA nguyen,1984-01-01,retail,Quebec City,QC,2024-11-19,2024-11-19
CUST00075,Michael Lee,2003-06-26,retail,Vancouver,BC,2024-07-19,2024-07-19
CUST00076,Linda Kim,1971-07-24,retail,Edmonton,AB,2025-09-02,2025-09-02
CUST00077,John Martinez,1971-10-30,retail,Hamilton,ON,2024-09-19,2024-09-19
CUST00078,Daniel Kim,1981-07-25,retail,Halifax,NS,2025-07-18,2025-07-18
CUST00078,Daniel Kim,1981-07-25,retail,Surrey,BC,2025-07-18,2025-12-23
CUST00079,Priya Garcia,1993-06-10,retail,Hamilton,ON,2024-07-20,2024-07-20
CUST00080,Elizabeth Brown,1982-05-18,retail,Hamilton,ON,2024-01-03,2024-01-03
CUST00080,Elizabeth Brown,1982-05-18,premium,Toronto,ON,2024-01-03,2024-03-26
CUST00081,Sofia Jones,1994-01-15,premium,Winnipeg,MB,2023-07-30,2023-07-30
CUST00082,Nancy Wilson,1972-08-26,business,Ottawa,ON,2025-09-05,2025-09-05
CUST00083,WEI gagnon,1963-05-21,retail,Winnipeg,MB,2024-09-14,2024-09-14
CUST00084,Matthew Roy,1970-04-01,premium,Quebec City,QC,2025-12-06,2025-12-06
CUST00085,Wei Kim,1955-05-28,retail,Vancouver,BC,2023-07-23,2023-07-23
CUST00086,Amir Williams,1999-07-10,retail,Ottawa,ON,2023-06-03,2023-06-03
CUST00087,ANTHONY martinez,1975-05-14,retail,Toronto,ON,2025-07-18,2025-07-18
CUST00088,Olivia Gagnon,1967-10-01,retail,Quebec City,QC,2025-05-20,2025-05-20
CUST00088,Olivia Gagnon,1967-10-01,retail,Ottawa,ON,2025-05-20,2025-12-02
CUST00089,Jennifer Martinez,2001-01-24,premium,Quebec City,QC,2024-08-14,2024-08-14
CUST00090,Karen Rodriguez,1989-04-10,retail,Montreal,QC,2023-06-14,2023-06-14
CUST00091,Fatima Rodriguez,2001-08-09,retail,Toronto,ON,2023-02-12,2023-02-12
CUST00092,Mary Garcia,1989-09-03,retail,Edmonton,AB,2024-07-23,2024-07-23
CUST00093,Anthony Williams,1979-11-26,retail,Edmonton,AB,2024-10-19,2024-10-19
CUST00094,Sofia Singh,1985-12-05,retail,Vancouver,BC,2023-03-17,2023-03-17
CUST00095,Noah Patel,1950-02-07,premium,Montreal,QC,2025-08-04,2025-08-04
CUST00096,Noah Singh,1954-08-19,retail,Winnipeg,MB,2024-02-21,2024-02-21
CUST00097,Sofia Singh,1971-06-21,retail,,ON,2023-11-21,2023-11-21
CUST00098,Linda Brown,1963-10-25,business,Edmonton,AB,2025-10-17,2025-10-17
CUST00099,Matthew Singh,1999-06-16,retail,Edmonton,AB,2023-10-24,2023-10-24
CUST00100,Robert Williams,1987-03-24,premium,Vancouver,BC,2024-11-27,2024-11-27
CUST00101,Elizabeth Martinez,1993-12-05,retail,Quebec City,QC,2023-11-01,2023-11-01
CUST00102,Noah Khan,1978-11-14,retail,Calgary,AB,2024-01-22,2024-01-22
CUST00103,Ava Kim,1992-06-07,retail,Toronto,ON,2025-02-19,2025-02-19
CUST00104,Robert Singh,2002-12-13,retail,Toronto,ON,2024-11-10,2024-11-10
CUST00105,LISA nguyen,1986-10-13,premium,Toronto,ON,2023-11-13,2023-11-13
CUST00106,Fatima Patel,1979-06-24,retail,Winnipeg,MB,2025-12-28,2025-12-28
CUST00107,Noah Singh,1956-02-21,retail,Montreal,QC,2024-04-25,2024-04-25
CUST00108,Liam Williams,1959-01-07,business,Calgary,AB,2025-06-27,2025-06-27
CUST00109,Olivia Johnson,1988-08-21,retail,Vancouver,BC,2023-10-26,2023-10-26
CUST00110,Jennifer Garcia,1984-04-27,retail,Ottawa,ON,2024-05-08,2024-05-08
CUST00111,Chen Rodriguez,1950-11-04,retail,Edmonton,AB,2025-08-10,2025-08-10
CUST00112,Nancy Lee,1988-01-25,retail,Quebec City,QC,2024-05-27,2024-05-27
CUST00113,Ava Singh,2001-04-23,retail,Mississauga,ON,2025-01-05,2025-01-05
CUST00114,Emma Cote,2000-10-09,retail,Calgary,AB,2023-04-11,2023-04-11
CUST00115,Elizabeth Davis,1969-08-25,premium,Quebec City,QC,2024-01-25,2024-01-25
CUST00116,Amir Cote,1953-07-15,retail,Ottawa,ON,2024-09-24,2024-09-24
CUST00117,Robert Williams,1987-04-12,retail,Vancouver,BC,2023-12-26,2023-12-26
CUST00118,Daniel Chan,1964-10-05,business,Montreal,QC,2024-06-10,2024-06-10
CUST00119,Elizabeth Wilson,1956-10-03,retail,Mississauga,ON,2023-10-16,2023-10-16
CUST00120,Amir Patel,1985-05-26,retail,Montreal,QC,2023-01-29,2023-01-29
CUST00121,Liam Cote,1983-04-30,retail,Vancouver,BC,2023-08-10,2023-08-10
CUST00122,Priya Wilson,1955-09-03,retail,Quebec City,QC,2025-08-08,2025-08-08
CUST00123,ROBERT johnson,1994-03-13,retail,Toronto,ON,2023-08-26,2023-08-26
CUST00123,ROBERT johnson,1994-03-13,premium,Surrey,BC,2023-08-26,2024-06-13
CUST00124,Liam Khan,1963-11-12,retail,Calgary,AB,2025-04-29,2025-04-29
CUST00125,David Johnson,1989-10-11,retail,Halifax,NS,2025-06-29,2025-06-29
CUST00126,Daniel Khan,1985-09-20,retail,Winnipeg,MB,2024-07-19,2024-07-19
CUST00127,NANCY williams,2003-07-29,retail,Winnipeg,MB,2023-02-13,2023-02-13
CUST00128,Olivia Tremblay,1999-09-21,retail,Hamilton,ON,2024-02-29,2024-02-29
CUST00129,Noah Jones,1962-12-25,retail,Quebec City,QC,2023-09-24,2023-09-24
CUST00129,Noah Jones,1962-12-25,retail,Ottawa,ON,2023-09-24,2023-12-06
CUST00130,OLIVIA davis,1965-08-19,retail,Quebec City,QC,2024-06-27,2024-06-27
CUST00131,Liam Williams,1982-06-25,retail,Edmonton,AB,2025-11-17,2025-11-17
CUST00132,Fatima Johnson,1996-10-12,premium,Halifax,NS,2024-09-09,2024-09-09
CUST00132,Fatima Johnson,1996-10-12,retail,Calgary,AB,2024-09-09,2025-07-11
CUST00133,Patricia Singh,1956-08-05,business,Halifax,NS,2023-06-15,2023-06-15
CUST00133,Patricia Singh,1956-08-05,premium,Winnipeg,MB,2023-06-15,2024-06-28
CUST00134,Sofia Wilson,1997-08-07,business,Calgary,AB,2024-08-26,2024-08-26
CUST00134,Sofia Wilson,1997-08-07,business,Mississauga,ON,2024-08-26,2025-10-19
CUST00135,Chen Khan,1988-08-01,premium,Halifax,NS,2025-07-13,2025-07-13
CUST00136,Karen Kim,1988-04-15,retail,Halifax,NS,2024-10-02,2024-10-02
CUST00137,ANTHONY williams,1958-05-13,premium,Mississauga,ON,2025-06-03,2025-06-03
CUST00138,Priya Johnson,2000-05-23,business,Quebec City,QC,2024-11-06,2024-11-06
CUST00139,Noah Kim,1975-10-22,retail,Halifax,NS,2024-10-01,2024-10-01
CUST00140,Amir Singh,1981-05-30,premium,Hamilton,ON,2025-01-22,2025-01-22
CUST00141,Matthew Khan,1999-12-13,retail,Quebec City,QC,2023-02-23,2023-02-23
CUST00142,James Garcia,1977-09-20,premium,Vancouver,BC,2024-11-26,2024-11-26
CUST00142,James Garcia,1977-09-20,retail,Calgary,AB,2024-11-26,2025-12-27
CUST00143,Liam Gagnon,1997-08-04,retail,Toronto,ON,2024-03-16,2024-03-16
CUST00144,Elizabeth Wilson,1954-09-20,retail,Quebec City,QC,2023-11-15,2023-11-15
CUST00145,David Nguyen,1989-08-28,retail,Winnipeg,MB,2025-04-28,2025-04-28
CUST00146,Patricia Martinez,1993-08-28,retail,Winnipeg,MB,2025-12-15,2025-12-15
CUST00147,Fatima Johnson,1968-12-13,retail,Toronto,ON,2023-10-09,2023-10-09
CUST00147,Fatima Johnson,1968-12-13,retail,Halifax,NS,2023-10-09,2024-08-18
CUST00148,ROBERT patel,1994-11-18,premium,Montreal,QC,2024-12-26,2024-12-26
CUST00148,ROBERT patel,1994-11-18,business,Edmonton,AB,2024-12-26,2025-03-05
CUST00149,Ava Wilson,1986-04-14,retail,Quebec City,QC,2025-05-05,2025-05-05
CUST00150,Jennifer Roy,1982-06-19,premium,Edmonton,AB,2023-06-30,2023-06-30
CUST00151,Karen Chan,1977-11-02,retail,Mississauga,ON,2024-11-26,2024-11-26
CUST00151,Karen Chan,1977-11-02,premium,Mississauga,ON,2024-11-26,2025-12-15
CUST00152,Michael Lee,1963-04-02,premium,Surrey,BC,2024-04-28,2024-04-28
CUST00153,Robert Gagnon,1994-05-01,retail,Mississauga,ON,2025-08-08,2025-08-08
CUST00154,Wei Gagnon,1978-12-30,business,Winnipeg,MB,2024-10-09,2024-10-09
CUST00155,Elizabeth Rodriguez,1995-07-08,retail,Quebec City,QC,2023-06-01,2023-06-01
CUST00155,Elizabeth Rodriguez,1995-07-08,retail,Vancouver,BC,2023-06-01,2024-09-28
CUST00156,Ava Williams,1984-06-29,retail,Quebec City,QC,2025-08-05,2025-08-05
CUST00157,Mary Nguyen,1978-11-05,retail,Quebec City,QC,2025-09-01,2025-09-01
CUST00158,Olivia Wilson,1965-06-25,retail,Halifax,NS,2023-03-22,2023-03-22
CUST00159,Lisa Roy,1975-05-19,retail,Ottawa,ON,2025-03-04,2025-03-04
CUST00160,Olivia Gagnon,1979-07-31,retail,Winnipeg,MB,2023-07-13,2023-07-13
CUST00161,Ava Cote,1979-11-28,premium,Quebec City,QC,2023-06-16,2023-06-16
CUST00162,Chen Cote,1957-08-08,retail,Calgary,AB,2024-09-26,2024-09-26
CUST00163,Robert Cote,1997-03-23,premium,Halifax,NS,2023-07-11,2023-07-11
CUST00164,Daniel Martinez,1980-08-28,business,Ottawa,ON,2025-09-22,2025-09-22
CUST00165,Elizabeth Brown,1997-03-28,premium,Montreal,QC,2023-03-19,2023-03-19
CUST00166,FATIMA patel,1964-11-07,retail,Ottawa,ON,2025-06-15,2025-06-15
CUST00167,Nancy Roy,1990-04-11,premium,Vancouver,BC,2024-04-24,2024-04-24
CUST00168,Anthony Miller,2001-03-05,retail,Surrey,BC,2025-06-21,2025-06-21
CUST00169,LISA kim,1962-06-02,premium,Ottawa,ON,2024-05-27,2024-05-27
CUST00170,Patricia Chan,1964-05-20,retail,Mississauga,ON,2024-07-12,2024-07-12
CUST00171,JOHN davis,1952-05-23,premium,Edmonton,AB,2025-04-29,2025-04-29
CUST00172,John Lee,1958-11-21,retail,Hamilton,ON,2024-11-17,2024-11-17
CUST00173,Emma Singh,1992-02-01,premium,Halifax,NS,2025-07-07,2025-07-07
CUST00173,Emma Singh,1992-02-01,premium,Ottawa,ON,2025-07-07,2025-12-24
CUST00174,Liam Roy,1975-11-06,retail,Montreal,QC,2024-05-01,2024-05-01
CUST00175,Olivia Roy,1994-11-04,retail,Edmonton,AB,2023-02-03,2023-02-03
CUST00176,Elizabeth Kim,1971-08-01,retail,Toronto,ON,2025-05-03,2025-05-03
CUST00177,Daniel Williams,1995-07-17,retail,Montreal,QC,2023-02-11,2023-02-11
CUST00178,Daniel Rodriguez,1956-01-23,retail,Halifax,NS,2024-12-07,2024-12-07
CUST00178,Daniel Rodriguez,1956-01-23,premium,Halifax,NS,2024-12-07,2025-11-29
CUST00179,Robert Johnson,1965-09-16,retail,Surrey,BC,2025-08-09,2025-08-09
CUST00180,Robert Williams,1991-01-23,premium,Halifax,NS,2023-03-17,2023-03-17
CUST00181,Mary Wilson,1998-09-20,retail,Vancouver,BC,2025-08-27,2025-08-27
CUST00182,Daniel Johnson,1961-03-02,retail,Winnipeg,MB,2025-01-23,2025-01-23
CUST00183,Karen Wilson,1994-08-20,retail,Ottawa,ON,2025-01-22,2025-01-22
CUST00184,Liam Kim,1966-03-11,retail,Mississauga,ON,2024-08-24,2024-08-24
CUST00185,Elizabeth Nguyen,1964-12-13,premium,Quebec City,QC,2025-06-28,2025-06-28
CUST00186,Daniel Roy,1955-02-23,retail,Calgary,AB,2023-06-03,2023-06-03
CUST00187,LIAM cote,1962-10-23,business,Ottawa,ON,2025-06-16,2025-06-16
CUST00188,Daniel Lee,1952-11-27,business,Calgary,AB,2023-11-11,2023-11-11
CUST00189,Noah Williams,1982-12-03,retail,Quebec City,QC,2025-03-26,2025-03-26
CUST00190,James Garcia,2000-05-22,retail,Edmonton,AB,2023-08-30,2023-08-30
CUST00191,Fatima Martinez,1994-01-25,business,Halifax,NS,2024-02-14,2024-02-14
CUST00192,Sofia Nguyen,1978-09-03,premium,Mississauga,ON,2024-12-12,2024-12-12
CUST00193,Elizabeth Garcia,1965-08-14,premium,Halifax,NS,2025-01-10,2025-01-10
CUST00194,Robert Davis,1999-09-15,retail,Edmonton,AB,2025-01-25,2025-01-25
CUST00194,Robert Davis,1999-09-15,retail,Mississauga,ON,2025-01-25,2025-05-09
CUST00195,Sofia Singh,1986-09-25,retail,Montreal,QC,2023-06-01,2023-06-01
CUST00195,Sofia Singh,1986-09-25,premium,Winnipeg,MB,2023-06-01,2024-03-25
CUST00196,Robert Khan,1961-07-30,retail,Winnipeg,MB,2025-06-05,2025-06-05
CUST00197,Lisa Jones,1978-12-12,retail,Vancouver,BC,2024-04-06,2024-04-06
CUST00198,Ava Williams,1999-06-02,retail,Vancouver,BC,2024-07-16,2024-07-16
CUST00199,Lisa Gagnon,2002-02-03,retail,Ottawa,ON,2023-11-12,2023-11-12
CUST00200,SARAH tremblay,1952-07-18,premium,Toronto,ON,2023-06-16,2023-06-16
CUST00201,Chen Miller,1952-09-19,retail,Quebec City,QC,2025-10-16,2025-10-16
CUST00202,Elizabeth Singh,1986-06-07,premium,Hamilton,ON,2024-09-01,2024-09-01
CUST00203,Matthew Singh,1962-11-21,retail,Edmonton,AB,2024-10-02,2024-10-02
CUST00204,Daniel Patel,1996-03-14,premium,Ottawa,ON,2023-08-06,2023-08-06
CUST00205,Linda Jones,1984-06-18,retail,Mississauga,ON,2025-05-06,2025-05-06
CUST00206,Sarah Tremblay,1964-04-18,retail,Halifax,NS,2025-10-17,2025-10-17
CUST00207,Anthony Smith,1995-05-07,business,Mississauga,ON,2025-07-25,2025-07-25
CUST00208,Mary Martinez,1992-03-21,retail,Edmonton,AB,2024-08-08,2024-08-08
CUST00209,David Lee,1985-12-09,retail,Calgary,AB,2023-04-15,2023-04-15
CUST00210,John Patel,1999-05-01,retail,Montreal,QC,2024-07-26,2024-07-26
CUST00211,Robert Brown,1980-06-03,retail,Calgary,AB,2025-01-18,2025-01-18
CUST00212,Lisa Johnson,1979-11-18,retail,Toronto,ON,2025-08-28,2025-08-28
CUST00213,Robert Wilson,1985-04-03,retail,Quebec City,QC,2024-09-04,2024-09-04
CUST00214,Anthony Tremblay,1951-06-30,retail,Vancouver,BC,2025-01-24,2025-01-24
CUST00215,Elizabeth Gagnon,1973-10-27,retail,Toronto,ON,2024-04-11,2024-04-11
CUST00216,Chen Roy,1971-09-24,retail,Calgary,AB,2023-03-06,2023-03-06
CUST00217,Nancy Wilson,1968-04-17,retail,Calgary,AB,2025-04-20,2025-04-20
CUST00218,Ava Johnson,1968-08-08,retail,Halifax,NS,2024-10-27,2024-10-27
CUST00219,Jennifer Nguyen,1981-10-14,retail,Montreal,QC,2024-06-25,2024-06-25
CUST00220,Priya Martinez,1976-09-13,business,Hamilton,ON,2024-08-14,2024-08-14
CUST00221,Anthony Lee,1974-07-14,business,Montreal,QC,2024-08-12,2024-08-12
CUST00222,Karen Lee,1975-10-22,retail,Ottawa,ON,2023-06-11,2023-06-11
CUST00223,Anthony Miller,1974-04-29,premium,Hamilton,ON,2024-07-10,2024-07-10
CUST00224,LINDA johnson,1970-03-31,business,Winnipeg,MB,2024-04-21,2024-04-21
CUST00225,Patricia Cote,1999-05-17,retail,Ottawa,ON,2023-11-20,2023-11-20
CUST00226,Anthony Gagnon,1975-10-09,premium,Hamilton,ON,2024-10-19,2024-10-19
CUST00227,Chen Tremblay,1953-05-07,retail,Hamilton,ON,2023-12-25,2023-12-25
CUST00228,MARY patel,1975-12-21,retail,Edmonton,AB,2023-03-18,2023-03-18
CUST00228,MARY patel,1975-12-21,retail,Vancouver,BC,2023-03-18,2023-11-04
CUST00229,Chen Khan,1962-01-15,retail,Montreal,QC,2025-10-29,2025-10-29
CUST00230,Liam Nguyen,1966-09-15,retail,Winnipeg,MB,2023-01-29,2023-01-29
CUST00231,Noah Miller,1986-05-19,retail,Ottawa,ON,2025-05-25,2025-05-25
CUST00232,Jennifer Jones,1972-04-03,retail,Edmonton,AB,2023-01-14,2023-01-14
CUST00233,Sarah Martinez,1951-01-10,premium,Quebec City,QC,2024-06-19,2024-06-19
CUST00233,Sarah Martinez,1951-01-10,retail,Edmonton,AB,2024-06-19,2024-10-17
CUST00234,Karen Cote,1977-11-25,business,Montreal,QC,2023-08-29,2023-08-29
CUST00235,Linda Davis,1990-10-26,retail,Ottawa,ON,2025-02-04,2025-02-04
CUST00236,Priya Cote,2003-06-15,premium,Hamilton,ON,2023-06-17,2023-06-17
CUST00237,Wei Brown,1995-05-08,premium,Toronto,ON,2024-02-19,2024-02-19
CUST00238,LISA nguyen,2002-04-26,retail,Mississauga,ON,2025-09-28,2025-09-28
CUST00239,Nancy Jones,2000-08-04,retail,Montreal,QC,2023-04-29,2023-04-29
CUST00240,JAMES patel,1969-07-20,premium,Vancouver,BC,2023-05-30,2023-05-30
CUST00240,JAMES patel,1969-07-20,business,Mississauga,ON,2023-05-30,2023-08-28
CUST00241,Anthony Johnson,1962-02-24,retail,Vancouver,BC,2025-05-10,2025-05-10
CUST00242,Karen Patel,1998-05-20,retail,Mississauga,ON,2023-09-30,2023-09-30
CUST00243,Priya Patel,1969-12-24,retail,Montreal,QC,2023-01-08,2023-01-08
CUST00244,Liam Khan,1970-08-09,retail,Calgary,AB,2024-05-21,2024-05-21
CUST00245,Liam Brown,1987-08-12,premium,Toronto,ON,2023-02-02,2023-02-02
CUST00246,Nancy Roy,1954-05-15,premium,Winnipeg,MB,2024-05-16,2024-05-16
CUST00247,Michael Johnson,1975-12-14,retail,Ottawa,ON,2024-04-24,2024-04-24
CUST00248,Fatima Cote,1962-11-08,retail,Surrey,BC,2025-12-03,2025-12-03
CUST00249,LIAM garcia,1999-11-14,retail,Winnipeg,MB,2025-10-12,2025-10-12
CUST00250,Karen Chan,1986-08-17,retail,Surrey,BC,2023-11-02,2023-11-02
CUST00251,Linda Davis,1962-12-14,premium,Vancouver,BC,2025-08-06,2025-08-06
CUST00252,Priya Chan,1972-11-16,retail,Ottawa,ON,2024-02-21,2024-02-21
CUST00253,Daniel Williams,1967-02-02,premium,Montreal,QC,2023-04-16,2023-04-16
CUST00254,Ava Williams,2002-09-18,premium,Hamilton,ON,2024-03-20,2024-03-20
CUST00255,James Miller,1960-07-11,business,Hamilton,ON,2025-09-07,2025-09-07
CUST00256,Karen Davis,1975-05-25,retail,Montreal,QC,2025-02-18,2025-02-18
CUST00257,Daniel Chan,1992-02-14,retail,Edmonton,AB,2024-10-17,2024-10-17
CUST00258,Wei Davis,1973-05-25,retail,Halifax,NS,2025-05-05,2025-05-05
CUST00259,Wei Davis,1980-04-14,retail,Edmonton,AB,2024-06-11,2024-06-11
CUST00260,Liam Singh,1981-08-06,retail,Edmonton,AB,2023-12-13,2023-12-13
CUST00261,Priya Gagnon,1956-09-01,retail,Toronto,ON,2023-04-10,2023-04-10
CUST00262,Linda Williams,1969-08-16,retail,Halifax,NS,2025-11-01,2025-11-01
CUST00263,Fatima Singh,1950-08-05,retail,,MB,2025-12-25,2025-12-25
CUST00264,David Khan,1988-08-18,retail,Vancouver,BC,2024-01-03,2024-01-03
CUST00264,David Khan,1988-08-18,premium,Quebec City,QC,2024-01-03,2024-06-09
CUST00265,Emma Lee,1957-02-02,premium,Vancouver,BC,2025-02-03,2025-02-03
CUST00266,SOFIA davis,1957-03-26,retail,Vancouver,BC,2023-03-06,2023-03-06
CUST00267,Mary Gagnon,1957-06-02,premium,Toronto,ON,2025-10-20,2025-10-20
CUST00268,Ava Brown,1970-08-12,business,Montreal,QC,2024-03-08,2024-03-08
CUST00269,David Johnson,1975-02-26,retail,Mississauga,ON,2023-03-09,2023-03-09
CUST00269,David Johnson,1975-02-26,retail,Quebec City,QC,2023-03-09,2023-08-22
CUST00270,Emma Patel,2000-08-05,retail,Mississauga,ON,2024-05-07,2024-05-07
CUST00271,Priya Wilson,1962-07-22,premium,Calgary,AB,2023-06-10,2023-06-10
CUST00271,Priya Wilson,1962-07-22,premium,Hamilton,ON,2023-06-10,2024-03-19
CUST00272,SARAH roy,1985-08-04,business,Quebec City,QC,2024-10-30,2024-10-30
CUST00273,Anthony Davis,1983-09-06,retail,Surrey,BC,2025-06-03,2025-06-03
CUST00274,Noah Roy,1956-08-05,premium,Vancouver,BC,2023-06-18,2023-06-18
CUST00275,Robert Patel,1958-03-18,retail,Surrey,BC,2023-01-11,2023-01-11
CUST00276,Patricia Jones,1990-04-08,retail,,ON,2025-11-15,2025-11-15
CUST00277,John Roy,1984-07-24,premium,Quebec City,QC,2023-01-26,2023-01-26
CUST00277,John Roy,1984-07-24,premium,Hamilton,ON,2023-01-26,2024-01-07
CUST00278,Jennifer Cote,1974-02-15,retail,Calgary,AB,2024-09-08,2024-09-08
CUST00279,David Kim,1956-11-25,retail,Vancouver,BC,2025-01-09,2025-01-09
CUST00280,FATIMA roy,1962-02-26,retail,Hamilton,ON,2024-09-15,2024-09-15
CUST00281,Karen Wilson,2003-04-30,retail,Edmonton,AB,2023-10-06,2023-10-06
CUST00282,Anthony Wilson,1978-08-19,business,Ottawa,ON,2024-08-19,2024-08-19
CUST00283,Olivia Davis,1985-04-02,retail,Surrey,BC,2025-01-17,2025-01-17
CUST00284,Priya Garcia,1952-05-31,premium,Winnipeg,MB,2025-08-03,2025-08-03
CUST00285,Emma Williams,1962-06-27,retail,Calgary,AB,2024-09-12,2024-09-12
CUST00286,Olivia Patel,2003-08-24,retail,Mississauga,ON,2025-09-08,2025-09-08
CUST00287,Ava Kim,1982-04-04,retail,Montreal,QC,2023-06-24,2023-06-24
CUST00288,Jennifer Gagnon,1985-11-07,retail,Quebec City,QC,2024-11-10,2024-11-10
CUST00288,Jennifer Gagnon,1985-11-07,premium,Hamilton,ON,2024-11-10,2025-05-21
CUST00289,Lisa Khan,1969-10-30,retail,Quebec City,QC,2025-07-01,2025-07-01
CUST00290,Sofia Chan,1952-03-15,retail,Ottawa,ON,2025-09-15,2025-09-15
CUST00291,Patricia Jones,1990-11-07,retail,Surrey,BC,2024-02-28,2024-02-28
CUST00291,Patricia Jones,1990-11-07,retail,Halifax,NS,2024-02-28,2025-05-02
CUST00292,John Martinez,1960-04-29,premium,Toronto,ON,2023-02-16,2023-02-16
CUST00293,Jennifer Davis,1964-05-14,retail,Montreal,QC,2024-11-08,2024-11-08
CUST00294,KAREN gagnon,1988-10-08,retail,Ottawa,ON,2025-03-21,2025-03-21
CUST00295,Wei Kim,1969-04-09,retail,Calgary,AB,2024-02-26,2024-02-26
CUST00296,Wei Brown,1979-03-31,retail,Montreal,QC,2024-02-08,2024-02-08
CUST00297,Lisa Gagnon,1985-03-20,retail,Surrey,BC,2023-08-22,2023-08-22
CUST00298,Emma Cote,2002-12-12,premium,Halifax,NS,2023-06-23,2023-06-23
CUST00299,Patricia Garcia,1995-10-30,retail,Surrey,BC,2025-03-06,2025-03-06
CUST00300,Jennifer Singh,1965-07-17,retail,Winnipeg,MB,2023-12-08,2023-12-08
CUST00301,Nancy Roy,1950-11-11,premium,Toronto,ON,2025-09-19,2025-09-19
CUST00302,Lisa Gagnon,1994-02-11,retail,Edmonton,AB,2025-05-01,2025-05-01
CUST00303,Wei Smith,1974-08-29,retail,Hamilton,ON,2024-04-05,2024-04-05
CUST00304,Liam Singh,2001-05-19,retail,Montreal,QC,2023-08-22,2023-08-22
CUST00305,Priya Johnson,1969-08-10,retail,Halifax,NS,2025-05-20,2025-05-20
CUST00306,Elizabeth Johnson,1957-10-21,retail,Edmonton,AB,2025-06-18,2025-06-18
CUST00307,Michael Tremblay,1988-05-31,retail,Halifax,NS,2023-12-06,2023-12-06
CUST00308,Olivia Johnson,1975-03-21,retail,Quebec City,QC,2023-12-11,2023-12-11
CUST00309,David Chan,1962-03-01,premium,Winnipeg,MB,2025-04-22,2025-04-22
CUST00310,Robert Jones,1978-11-24,retail,Hamilton,ON,2024-05-21,2024-05-21
CUST00311,WEI gagnon,1983-08-29,retail,Vancouver,BC,2025-07-14,2025-07-14
CUST00312,Karen Chan,1983-02-10,retail,Halifax,NS,2025-07-20,2025-07-20
CUST00313,Ava Williams,1982-02-20,business,Halifax,NS,2023-05-10,2023-05-10
CUST00314,Emma Miller,1975-06-11,retail,Edmonton,AB,2024-11-22,2024-11-22
CUST00315,Olivia Wilson,1954-02-14,premium,Winnipeg,MB,2023-07-23,2023-07-23
CUST00315,Olivia Wilson,1954-02-14,retail,Ottawa,ON,2023-07-23,2024-12-03
CUST00316,James Kim,1961-11-01,business,Hamilton,ON,2024-09-10,2024-09-10
CUST00317,Chen Lee,1964-11-06,retail,Vancouver,BC,2023-04-17,2023-04-17
CUST00318,Linda Kim,1958-07-16,retail,Winnipeg,MB,2023-01-03,2023-01-03
CUST00319,Lisa Cote,1980-10-28,retail,Edmonton,AB,2023-09-04,2023-09-04
CUST00319,Lisa Cote,1980-10-28,retail,Hamilton,ON,2023-09-04,2023-12-09
CUST00320,Liam Brown,1976-11-05,retail,Mississauga,ON,2023-10-08,2023-10-08
CUST00321,Chen Cote,2000-07-14,retail,Ottawa,ON,2023-01-18,2023-01-18
CUST00322,Michael Gagnon,1986-12-08,retail,Halifax,NS,2025-06-25,2025-06-25
CUST00323,Patricia Tremblay,1988-07-10,retail,Halifax,NS,2024-10-06,2024-10-06
CUST00324,Linda Khan,1975-07-25,retail,Quebec City,QC,2023-02-24,2023-02-24
CUST00325,Lisa Roy,1985-02-22,retail,Montreal,QC,2024-08-28,2024-08-28
CUST00326,Linda Singh,1994-10-27,retail,Calgary,AB,2023-05-26,2023-05-26
CUST00327,Sarah Jones,2000-12-28,premium,Calgary,AB,2025-05-11,2025-05-11
CUST00328,Noah Williams,1951-03-28,retail,Toronto,ON,2024-06-20,2024-06-20
CUST00329,Karen Chan,1994-12-14,retail,Vancouver,BC,2025-04-30,2025-04-30
CUST00330,Priya Roy,1977-10-21,retail,Ottawa,ON,2023-06-11,2023-06-11
CUST00331,Priya Wilson,1955-12-07,retail,Calgary,AB,2024-09-27,2024-09-27
CUST00332,Mary Davis,1960-05-28,business,Mississauga,ON,2025-07-17,2025-07-17
CUST00333,Amir Garcia,1962-04-24,retail,Mississauga,ON,2023-01-24,2023-01-24
CUST00334,Olivia Rodriguez,1974-02-10,retail,,ON,2023-08-30,2023-08-30
CUST00335,David Chan,2001-09-25,retail,Mississauga,ON,2023-06-07,2023-06-07
CUST00335,David Chan,2001-09-25,retail,Quebec City,QC,2023-06-07,2024-10-18
CUST00336,Jennifer Rodriguez,1960-05-07,premium,,ON,2024-04-12,2024-04-12
CUST00337,James Davis,1984-05-11,retail,Toronto,ON,2023-11-04,2023-11-04
CUST00337,James Davis,1984-05-11,premium,Halifax,NS,2023-11-04,2025-02-17
CUST00338,Matthew Davis,1978-09-14,retail,Surrey,BC,2024-07-09,2024-07-09
CUST00338,Matthew Davis,1978-09-14,retail,Toronto,ON,2024-07-09,2025-08-17
CUST00339,Olivia Chan,1956-03-08,business,Toronto,ON,2025-08-10,2025-08-10
CUST00340,John Khan,1968-01-02,retail,Edmonton,AB,2024-08-20,2024-08-20
CUST00341,Nancy Lee,1967-07-14,business,Quebec City,QC,2024-05-17,2024-05-17
CUST00341,Nancy Lee,1967-07-14,premium,Surrey,BC,2024-05-17,2025-04-19
CUST00342,Sofia Smith,1983-10-04,retail,Surrey,BC,2024-09-21,2024-09-21
CUST00343,Anthony Johnson,1958-05-07,premium,Ottawa,ON,2023-03-31,2023-03-31
CUST00344,Sofia Lee,1957-08-14,business,Edmonton,AB,2023-07-15,2023-07-15
CUST00345,Wei Tremblay,1961-09-23,retail,Toronto,ON,2024-04-29,2024-04-29
CUST00346,Karen Wilson,1970-12-16,retail,Surrey,BC,2023-06-02,2023-06-02
CUST00347,Patricia Jones,1991-10-24,retail,Mississauga,ON,2024-10-05,2024-10-05
CUST00348,Michael Nguyen,1960-10-04,retail,Vancouver,BC,2023-07-05,2023-07-05
CUST00349,SOFIA roy,1979-05-30,retail,Toronto,ON,2023-10-31,2023-10-31
CUST00350,Lisa Johnson,1965-08-07,retail,Winnipeg,MB,2023-03-05,2023-03-05
CUST00351,PRIYA davis,1962-07-17,retail,Mississauga,ON,2023-09-06,2023-09-06
CUST00352,Robert Miller,1957-07-16,retail,Calgary,AB,2024-06-14,2024-06-14
CUST00353,Michael Gagnon,1958-04-02,premium,Edmonton,AB,2024-11-10,2024-11-10
CUST00353,Michael Gagnon,1958-04-02,premium,Calgary,AB,2024-11-10,2025-10-29
CUST00354,Karen Singh,1988-04-11,retail,Toronto,ON,2023-12-20,2023-12-20
CUST00355,Nancy Jones,1972-01-19,retail,Toronto,ON,2024-08-27,2024-08-27
CUST00356,John Rodriguez,1967-11-23,retail,Calgary,AB,2025-12-12,2025-12-12
CUST00357,James Patel,1998-11-07,retail,Halifax,NS,2025-09-19,2025-09-19
CUST00358,David Garcia,1969-08-25,retail,Toronto,ON,2023-03-02,2023-03-02
CUST00358,David Garcia,1969-08-25,retail,Montreal,QC,2023-03-02,2023-12-28
CUST00359,Wei Davis,1971-08-21,retail,Ottawa,ON,2024-06-29,2024-06-29
CUST00360,Noah Davis,1984-11-05,premium,Quebec City,QC,2024-12-27,2024-12-27
CUST00361,Linda Tremblay,1982-03-10,premium,Surrey,BC,2023-02-27,2023-02-27
CUST00362,Robert Tremblay,1994-02-28,premium,Hamilton,ON,2024-09-24,2024-09-24
CUST00362,Robert Tremblay,1994-02-28,retail,Hamilton,ON,2024-09-24,2025-09-27
CUST00363,Anthony Smith,1968-01-28,business,Surrey,BC,2023-09-25,2023-09-25
CUST00364,Ava Wilson,2002-08-18,retail,Toronto,ON,2023-10-18,2023-10-18
CUST00365,John Lee,1985-06-28,business,Halifax,NS,2023-07-26,2023-07-26
CUST00366,Liam Kim,1978-06-19,business,Winnipeg,MB,2023-12-23,2023-12-23
CUST00367,Fatima Lee,1965-09-24,retail,Hamilton,ON,2025-02-13,2025-02-13
CUST00368,James Tremblay,2000-11-29,premium,Calgary,AB,2023-03-08,2023-03-08
CUST00369,Fatima Davis,1994-07-07,retail,Winnipeg,MB,2023-10-16,2023-10-16
CUST00370,Sarah Garcia,1957-12-17,premium,Winnipeg,MB,2024-11-18,2024-11-18
CUST00371,John Lee,1950-02-11,premium,Vancouver,BC,2023-04-09,2023-04-09
CUST00372,Matthew Singh,1983-09-04,retail,Calgary,AB,2023-07-27,2023-07-27
CUST00373,Noah Cote,1956-08-12,retail,Hamilton,ON,2023-03-10,2023-03-10
CUST00374,John Wilson,1964-06-08,premium,Ottawa,ON,2023-06-03,2023-06-03
CUST00374,John Wilson,1964-06-08,business,Quebec City,QC,2023-06-03,2024-06-01
CUST00375,Sofia Smith,1964-10-20,business,Calgary,AB,2025-06-08,2025-06-08
CUST00376,Michael Kim,1998-06-16,retail,Halifax,NS,2024-06-27,2024-06-27
CUST00376,Michael Kim,1998-06-16,premium,Quebec City,QC,2024-06-27,2025-03-15
CUST00377,Anthony Jones,1988-05-12,retail,Toronto,ON,2023-06-29,2023-06-29
CUST00378,Michael Brown,1976-03-07,retail,Toronto,ON,2023-06-17,2023-06-17
CUST00379,Anthony Singh,1998-10-25,retail,Winnipeg,MB,2025-03-04,2025-03-04
CUST00380,Nancy Johnson,1973-08-19,retail,Vancouver,BC,2024-04-08,2024-04-08
CUST00381,Sofia Cote,1980-11-04,retail,Mississauga,ON,2025-04-27,2025-04-27
CUST00382,Emma Patel,1998-01-16,retail,Montreal,QC,2025-08-30,2025-08-30
CUST00383,Karen Johnson,1996-05-14,retail,Montreal,QC,2023-10-29,2023-10-29
CUST00384,Jennifer Miller,1987-12-26,retail,Hamilton,ON,2023-06-10,2023-06-10
CUST00385,Chen Jones,1956-01-05,retail,Quebec City,QC,2023-06-28,2023-06-28
CUST00386,David Chan,1951-02-10,business,Edmonton,AB,2025-12-06,2025-12-06
CUST00387,Wei Tremblay,2000-06-25,business,Mississauga,ON,2023-07-26,2023-07-26
CUST00388,MATTHEW rodriguez,2001-04-27,retail,Calgary,AB,2025-08-26,2025-08-26
CUST00389,AMIR patel,1979-09-28,retail,Toronto,ON,2024-05-01,2024-05-01
CUST00390,Daniel Smith,1977-03-10,premium,Surrey,BC,2024-09-28,2024-09-28
CUST00391,Patricia Davis,1989-10-02,retail,Ottawa,ON,2024-10-19,2024-10-19
CUST00392,Michael Nguyen,1986-07-13,business,Hamilton,ON,2025-09-19,2025-09-19
CUST00393,Lisa Garcia,1995-06-20,retail,Mississauga,ON,2025-04-06,2025-04-06
CUST00394,James Garcia,1968-01-04,premium,Hamilton,ON,2023-04-29,2023-04-29
CUST00395,Sofia Miller,1991-08-25,retail,Vancouver,BC,2025-10-31,2025-10-31
CUST00396,Linda Lee,1965-12-07,retail,Edmonton,AB,2025-08-29,2025-08-29
CUST00397,David Williams,1954-06-15,retail,Vancouver,BC,2023-11-30,2023-11-30
CUST00398,Linda Gagnon,1974-02-21,retail,Hamilton,ON,2025-04-18,2025-04-18
CUST00399,Amir Smith,1965-07-16,business,Edmonton,AB,2023-01-18,2023-01-18
CUST00400,Sofia Gagnon,1983-10-11,retail,Vancouver,BC,2024-12-15,2024-12-15
CUST00401,Lisa Roy,1950-08-29,retail,Calgary,AB,2025-11-13,2025-11-13
CUST00402,Priya Gagnon,1976-10-11,retail,Quebec City,QC,2023-08-10,2023-08-10
CUST00403,Sarah Rodriguez,1976-10-21,retail,Vancouver,BC,2024-01-21,2024-01-21
CUST00404,Olivia Roy,1962-07-22,retail,Calgary,AB,2023-02-22,2023-02-22
CUST00405,Matthew Patel,2002-04-22,premium,Calgary,AB,2024-01-24,2024-01-24
CUST00406,Chen Singh,1976-12-06,retail,Winnipeg,MB,2023-12-15,2023-12-15
CUST00407,Patricia Singh,2000-02-26,premium,Ottawa,ON,2024-01-10,2024-01-10
CUST00408,Linda Lee,1977-07-20,premium,Hamilton,ON,2025-05-11,2025-05-11
CUST00409,Elizabeth Nguyen,2002-05-10,retail,Mississauga,ON,2023-05-26,2023-05-26
CUST00409,Elizabeth Nguyen,2002-05-10,premium,Calgary,AB,2023-05-26,2024-07-07
CUST00410,Matthew Johnson,1967-12-21,retail,Ottawa,ON,2024-12-02,2024-12-02
CUST00411,Nancy Jones,1966-03-07,premium,Surrey,BC,2023-06-15,2023-06-15
CUST00412,Chen Johnson,1968-10-14,retail,Toronto,ON,2023-12-12,2023-12-12
CUST00413,Noah Williams,1988-07-10,retail,Ottawa,ON,2025-04-06,2025-04-06
CUST00414,MICHAEL lee,1997-08-22,premium,,ON,2024-01-26,2024-01-26
CUST00415,Linda Lee,1984-05-30,retail,Vancouver,BC,2025-10-27,2025-10-27
CUST00416,Elizabeth Martinez,2003-07-03,premium,Edmonton,AB,2025-12-09,2025-12-09
CUST00417,SARAH singh,1964-10-16,premium,Surrey,BC,2025-04-06,2025-04-06
CUST00418,Michael Smith,1961-01-18,retail,Quebec City,QC,2025-01-20,2025-01-20
CUST00419,Chen Rodriguez,2003-04-14,retail,Montreal,QC,2023-04-09,2023-04-09
CUST00419,Chen Rodriguez,2003-04-14,retail,Mississauga,ON,2023-04-09,2024-05-26
CUST00420,Karen Brown,1963-09-27,retail,Montreal,QC,2024-02-25,2024-02-25
CUST00421,Amir Brown,1962-04-22,retail,Winnipeg,MB,2025-05-07,2025-05-07
CUST00422,Patricia Martinez,1994-08-27,premium,Mississauga,ON,2024-02-11,2024-02-11
CUST00423,Michael Lee,1964-05-22,retail,Halifax,NS,2023-03-22,2023-03-22
CUST00424,Anthony Wilson,1957-12-26,retail,Hamilton,ON,2023-08-15,2023-08-15
CUST00424,Anthony Wilson,1957-12-26,retail,Montreal,QC,2023-08-15,2023-11-29
CUST00425,Liam Brown,1990-12-23,retail,Vancouver,BC,2024-08-29,2024-08-29
CUST00426,Ava Johnson,1978-01-20,retail,Vancouver,BC,2025-05-22,2025-05-22
CUST00427,Mary Smith,1965-04-19,retail,Ottawa,ON,2024-11-04,2024-11-04
CUST00428,Liam Williams,1966-05-29,premium,Surrey,BC,2023-08-22,2023-08-22
CUST00429,Karen Singh,1964-12-18,retail,Calgary,AB,2023-08-20,2023-08-20
CUST00430,Ava Garcia,2002-12-31,retail,Mississauga,ON,2025-09-15,2025-09-15
CUST00431,Karen Lee,1961-09-21,retail,Quebec City,QC,2025-09-16,2025-09-16
CUST00432,Mary Williams,1951-02-10,retail,Vancouver,BC,2025-12-10,2025-12-10
CUST00433,Amir Wilson,1958-07-18,retail,Montreal,QC,2025-06-05,2025-06-05
CUST00434,AMIR gagnon,2000-02-03,retail,Calgary,AB,2023-04-22,2023-04-22
CUST00435,Anthony Singh,1994-02-09,retail,Ottawa,ON,2024-10-18,2024-10-18
CUST00435,Anthony Singh,1994-02-09,premium,Montreal,QC,2024-10-18,2025-04-10
CUST00436,KAREN davis,2001-05-30,retail,Mississauga,ON,2025-07-06,2025-07-06
CUST00437,Anthony Gagnon,1986-12-29,retail,,ON,2023-03-15,2023-03-15
CUST00437,Anthony Gagnon,1986-12-29,premium,Quebec City,QC,2023-03-15,2024-03-18
CUST00438,Lisa Khan,1990-12-06,retail,Hamilton,ON,2024-11-29,2024-11-29
CUST00439,Nancy Wilson,2003-10-29,premium,Montreal,QC,2025-08-26,2025-08-26
CUST00440,Patricia Cote,1981-11-11,retail,Hamilton,ON,2024-08-20,2024-08-20
CUST00440,Patricia Cote,1981-11-11,retail,Edmonton,AB,2024-08-20,2025-01-11
CUST00441,Sofia Kim,1967-07-30,retail,Mississauga,ON,2024-01-20,2024-01-20
CUST00442,Emma Miller,1987-03-09,retail,Halifax,NS,2023-04-06,2023-04-06
CUST00443,Noah Nguyen,1995-03-27,retail,,AB,2023-10-03,2023-10-03
CUST00444,Priya Kim,1995-08-10,retail,Quebec City,QC,2023-12-29,2023-12-29
CUST00445,Patricia Patel,1978-11-16,retail,Winnipeg,MB,2025-10-29,2025-10-29
CUST00446,Sofia Davis,1980-10-04,retail,Vancouver,BC,2024-08-25,2024-08-25
CUST00447,Sofia Chan,1999-02-23,premium,Vancouver,BC,2024-10-04,2024-10-04
CUST00448,Michael Miller,1980-12-23,premium,Quebec City,QC,2023-09-29,2023-09-29
CUST00449,Lisa Khan,1960-05-09,retail,Halifax,NS,2024-12-22,2024-12-22
CUST00450,Sofia Kim,1997-11-24,premium,Winnipeg,MB,2024-08-08,2024-08-08
CUST00450,Sofia Kim,1997-11-24,retail,Toronto,ON,2024-08-08,2024-11-30
CUST00451,Mary Cote,1964-06-09,retail,Toronto,ON,2024-08-09,2024-08-09
CUST00451,Mary Cote,1964-06-09,retail,Vancouver,BC,2024-08-09,2025-11-13
CUST00452,Priya Johnson,1959-03-13,premium,Surrey,BC,2024-04-04,2024-04-04
CUST00453,Olivia Martinez,1984-03-26,retail,Halifax,NS,2025-03-04,2025-03-04
CUST00454,Priya Johnson,1968-03-21,premium,Toronto,ON,2025-06-26,2025-06-26
CUST00455,Chen Lee,1967-08-17,retail,Quebec City,QC,2024-02-01,2024-02-01
CUST00456,Jennifer Garcia,1983-11-04,retail,Halifax,NS,2023-03-25,2023-03-25
CUST00456,Jennifer Garcia,1983-11-04,retail,Vancouver,BC,2023-03-25,2024-03-18
CUST00457,Nancy Jones,1978-12-11,retail,Toronto,ON,2023-04-15,2023-04-15
CUST00458,Elizabeth Singh,1956-07-16,retail,Quebec City,QC,2024-10-12,2024-10-12
CUST00459,OLIVIA chan,1998-03-07,retail,Ottawa,ON,2025-04-06,2025-04-06
CUST00460,Sarah Wilson,1997-08-05,retail,Surrey,BC,2025-08-30,2025-08-30
CUST00461,James Brown,1971-07-25,retail,Winnipeg,MB,2024-05-14,2024-05-14
CUST00462,Olivia Brown,1975-05-17,retail,Calgary,AB,2023-02-20,2023-02-20
CUST00463,Olivia Chan,1976-08-05,retail,Edmonton,AB,2024-01-30,2024-01-30
CUST00463,Olivia Chan,1976-08-05,premium,Montreal,QC,2024-01-30,2025-04-29
CUST00464,Chen Williams,1969-02-15,retail,Hamilton,ON,2025-05-18,2025-05-18
CUST00465,LIAM kim,1956-06-21,premium,Winnipeg,MB,2023-11-11,2023-11-11
CUST00465,LIAM kim,1956-06-21,retail,Toronto,ON,2023-11-11,2024-02-16
CUST00466,David Khan,1970-06-04,retail,Mississauga,ON,2024-06-13,2024-06-13
CUST00467,Sarah Smith,1997-12-25,retail,Calgary,AB,2023-01-13,2023-01-13
CUST00468,Wei Johnson,1982-02-03,premium,Halifax,NS,2025-10-26,2025-10-26
CUST00469,John Martinez,1952-10-06,retail,Edmonton,AB,2025-08-28,2025-08-28
CUST00470,Olivia Khan,1962-12-05,business,Vancouver,BC,2024-09-02,2024-09-02
CUST00471,Liam Gagnon,1951-01-01,business,,BC,2023-10-17,2023-10-17
CUST00472,Priya Khan,1980-11-06,retail,Mississauga,ON,2024-03-09,2024-03-09
CUST00473,Jennifer Garcia,1972-09-03,retail,Hamilton,ON,2024-02-02,2024-02-02
CUST00474,Mary Khan,1956-07-24,retail,Edmonton,AB,2024-08-18,2024-08-18
CUST00475,Wei Singh,1971-01-16,retail,Surrey,BC,2023-07-24,2023-07-24
CUST00476,Anthony Nguyen,1977-06-04,retail,Surrey,BC,2023-11-09,2023-11-09
CUST00477,Matthew Garcia,1969-11-15,retail,Toronto,ON,2025-06-12,2025-06-12
CUST00478,Sarah Singh,1977-05-28,retail,Edmonton,AB,2025-09-24,2025-09-24
CUST00479,Emma Rodriguez,1967-08-16,premium,Ottawa,ON,2024-06-23,2024-06-23
CUST00480,James Chan,2002-03-16,retail,Winnipeg,MB,2025-04-09,2025-04-09
CUST00480,James Chan,2002-03-16,business,Montreal,QC,2025-04-09,2025-10-19
CUST00481,Priya Singh,1982-10-27,premium,Winnipeg,MB,2025-03-14,2025-03-14
CUST00482,Elizabeth Jones,1958-02-15,retail,,AB,2025-03-23,2025-03-23
CUST00483,Olivia Roy,1996-02-16,retail,Winnipeg,MB,2023-10-15,2023-10-15
CUST00484,Amir Jones,1982-03-11,premium,Halifax,NS,2023-03-24,2023-03-24
CUST00484,Amir Jones,1982-03-11,retail,Hamilton,ON,2023-03-24,2023-11-28
CUST00485,MICHAEL chan,1990-10-15,retail,Surrey,BC,2023-04-06,2023-04-06
CUST00485,MICHAEL chan,1990-10-15,premium,Winnipeg,MB,2023-04-06,2024-02-26
CUST00486,Emma Rodriguez,1965-08-06,retail,Quebec City,QC,2025-02-10,2025-02-10
CUST00487,Emma Williams,1969-12-30,retail,Montreal,QC,2025-11-23,2025-11-23
CUST00488,Olivia Singh,1962-06-20,retail,Quebec City,QC,2025-06-19,2025-06-19
CUST00489,Michael Jones,1960-08-13,retail,Ottawa,ON,2024-04-16,2024-04-16
CUST00489,Michael Jones,1960-08-13,retail,Edmonton,AB,2024-04-16,2025-05-26
CUST00490,WEI garcia,1952-01-06,premium,Winnipeg,MB,2024-05-14,2024-05-14
CUST00491,Chen Chan,1963-03-06,premium,Toronto,ON,2023-04-25,2023-04-25
CUST00492,Karen Roy,1975-06-07,retail,Quebec City,QC,2023-06-25,2023-06-25
CUST00493,Anthony Garcia,2003-11-27,premium,Hamilton,ON,2023-10-20,2023-10-20
CUST00494,Amir Chan,1980-09-28,retail,Vancouver,BC,2025-07-17,2025-07-17
CUST00495,Robert Brown,1995-04-01,retail,Toronto,ON,2025-05-09,2025-05-09
CUST00496,Fatima Roy,1997-09-04,premium,Toronto,ON,2025-10-27,2025-10-27
CUST00497,Fatima Khan,1988-09-17,premium,Toronto,ON,2025-12-05,2025-12-05
CUST00498,Matthew Davis,1984-03-15,premium,Edmonton,AB,2024-12-18,2024-12-18
CUST00499,Sofia Tremblay,1972-11-01,retail,Mississauga,ON,2025-09-04,2025-09-04
CUST00500,Priya Kim,1950-08-22,retail,,BC,2025-12-06,2025-12-06
CUST00501,Sofia Wilson,1963-11-20,retail,Calgary,AB,2025-05-22,2025-05-22
CUST00502,Matthew Tremblay,1985-08-28,retail,Surrey,BC,2024-02-22,2024-02-22
CUST00503,Daniel Khan,1977-07-06,retail,Montreal,QC,2024-12-06,2024-12-06
CUST00504,Patricia Davis,1964-07-07,premium,Edmonton,AB,2023-07-25,2023-07-25
CUST00505,Priya Roy,1954-09-02,retail,Halifax,NS,2023-11-26,2023-11-26
CUST00506,EMMA jones,1989-01-22,business,Edmonton,AB,2023-06-30,2023-06-30
CUST00506,EMMA jones,1989-01-22,retail,Halifax,NS,2023-06-30,2023-09-17
CUST00507,Karen Roy,2003-08-08,retail,Winnipeg,MB,2023-04-28,2023-04-28
CUST00508,Nancy Smith,1996-06-26,premium,Hamilton,ON,2024-08-08,2024-08-08
CUST00509,Sofia Davis,1953-03-27,retail,,QC,2025-01-06,2025-01-06
CUST00510,David Patel,1986-05-17,retail,Surrey,BC,2024-02-15,2024-02-15
CUST00510,David Patel,1986-05-17,retail,Montreal,QC,2024-02-15,2024-05-31
CUST00511,Emma Khan,1974-10-22,retail,Quebec City,QC,2024-04-08,2024-04-08
CUST00512,Wei Smith,1995-06-02,retail,Vancouver,BC,2023-08-07,2023-08-07
CUST00513,Patricia Chan,2001-07-30,premium,Vancouver,BC,2024-05-27,2024-05-27
CUST00514,Noah Davis,1991-03-02,business,Surrey,BC,2025-08-01,2025-08-01
CUST00515,David Williams,1969-10-09,retail,Calgary,AB,2024-04-15,2024-04-15
CUST00516,PRIYA smith,1972-04-09,premium,Halifax,NS,2024-08-11,2024-08-11
CUST00517,John Khan,1981-09-19,retail,Ottawa,ON,2024-03-23,2024-03-23
CUST00518,Amir Miller,1971-01-26,premium,Edmonton,AB,2024-05-10,2024-05-10
CUST00519,Linda Roy,1959-07-28,retail,Surrey,BC,2023-09-03,2023-09-03
CUST00520,Fatima Smith,1993-04-08,business,Montreal,QC,2025-01-30,2025-01-30
CUST00521,Wei Rodriguez,1995-11-09,retail,Edmonton,AB,2024-07-27,2024-07-27
CUST00521,Wei Rodriguez,1995-11-09,retail,Calgary,AB,2024-07-27,2025-06-21
CUST00522,Priya Johnson,1965-09-06,retail,Montreal,QC,2025-07-25,2025-07-25
CUST00523,Sofia Smith,1984-01-16,retail,Toronto,ON,2023-07-26,2023-07-26
CUST00524,Priya Rodriguez,1980-10-12,retail,Hamilton,ON,2025-01-19,2025-01-19
CUST00525,Noah Lee,1975-02-01,premium,Surrey,BC,2025-07-12,2025-07-12
CUST00526,Linda Brown,1971-02-26,retail,Halifax,NS,2025-06-04,2025-06-04
CUST00527,Liam Jones,1965-11-05,premium,Edmonton,AB,2025-05-13,2025-05-13
CUST00528,Lisa Khan,1993-08-28,retail,Halifax,NS,2024-09-06,2024-09-06
CUST00528,Lisa Khan,1993-08-28,retail,Halifax,NS,2024-09-06,2024-12-25
CUST00529,Michael Rodriguez,1958-08-22,premium,Edmonton,AB,2025-07-10,2025-07-10
CUST00530,Priya Rodriguez,1960-11-16,retail,Surrey,BC,2024-12-20,2024-12-20
CUST00531,Wei Gagnon,1975-07-15,retail,Winnipeg,MB,2024-12-28,2024-12-28
CUST00532,Nancy Williams,1991-08-10,retail,Calgary,AB,2023-10-24,2023-10-24
CUST00533,Matthew Gagnon,1956-05-26,retail,Quebec City,QC,2023-06-12,2023-06-12
CUST00534,Elizabeth Rodriguez,1974-05-03,retail,Quebec City,QC,2025-06-30,2025-06-30
CUST00535,Lisa Nguyen,1952-01-27,retail,Calgary,AB,2023-09-14,2023-09-14
CUST00536,SOFIA williams,1959-03-30,retail,Hamilton,ON,2023-07-15,2023-07-15
CUST00537,James Patel,1957-06-20,premium,Montreal,QC,2023-08-01,2023-08-01
CUST00538,Karen Martinez,1975-06-30,retail,Hamilton,ON,2025-06-26,2025-06-26
CUST00539,James Johnson,1979-03-06,retail,Winnipeg,MB,2025-09-02,2025-09-02
CUST00540,Priya Nguyen,1998-05-20,business,Ottawa,ON,2023-12-29,2023-12-29
CUST00541,Wei Kim,1997-11-21,retail,Montreal,QC,2024-09-26,2024-09-26
CUST00542,John Nguyen,1973-04-23,retail,,BC,2023-11-15,2023-11-15
CUST00543,Ava Jones,1998-01-03,retail,Surrey,BC,2023-01-18,2023-01-18
CUST00544,Elizabeth Smith,2003-07-24,premium,Calgary,AB,2024-04-18,2024-04-18
CUST00545,Priya Kim,1984-12-18,retail,Calgary,AB,2025-02-13,2025-02-13
CUST00546,Lisa Roy,1975-07-17,retail,Halifax,NS,2025-12-25,2025-12-25
CUST00547,Jennifer Jones,1990-11-07,retail,Vancouver,BC,2025-07-16,2025-07-16
CUST00548,James Jones,1951-12-27,business,Toronto,ON,2024-01-16,2024-01-16
CUST00548,James Jones,1951-12-27,retail,Halifax,NS,2024-01-16,2024-10-26
CUST00549,John Jones,1980-09-03,retail,Toronto,ON,2025-05-10,2025-05-10
CUST00550,Nancy Johnson,1963-02-09,retail,Surrey,BC,2023-04-25,2023-04-25
CUST00551,Jennifer Miller,1951-02-18,premium,Vancouver,BC,2023-09-07,2023-09-07
CUST00552,Nancy Davis,1967-11-14,business,Halifax,NS,2025-08-01,2025-08-01
CUST00553,Michael Singh,1978-01-01,retail,Calgary,AB,2024-10-23,2024-10-23
CUST00554,Priya Chan,1976-10-22,retail,Mississauga,ON,2024-02-11,2024-02-11
CUST00555,Patricia Davis,1951-05-09,retail,Winnipeg,MB,2023-12-09,2023-12-09
CUST00556,Linda Smith,1992-08-21,retail,Toronto,ON,2023-11-14,2023-11-14
CUST00557,John Cote,1955-05-22,retail,Quebec City,QC,2023-05-03,2023-05-03
CUST00558,Patricia Jones,2000-02-04,retail,Edmonton,AB,2024-12-12,2024-12-12
CUST00559,Sofia Patel,1972-06-28,premium,Surrey,BC,2023-03-22,2023-03-22
CUST00560,Sofia Singh,1998-10-09,retail,Hamilton,ON,2024-12-13,2024-12-13
CUST00561,Fatima Khan,1963-11-28,retail,Ottawa,ON,2025-07-09,2025-07-09
CUST00562,James Gagnon,1966-08-24,retail,Montreal,QC,2023-02-08,2023-02-08
CUST00563,Sarah Williams,1984-10-06,business,Winnipeg,MB,2024-01-24,2024-01-24
CUST00564,FATIMA martinez,1978-11-22,retail,Surrey,BC,2023-08-15,2023-08-15
CUST00564,FATIMA martinez,1978-11-22,business,Ottawa,ON,2023-08-15,2023-12-19
CUST00565,Michael Brown,1952-11-08,retail,Edmonton,AB,2025-03-06,2025-03-06
CUST00566,David Johnson,1956-05-11,retail,Surrey,BC,2023-01-27,2023-01-27
CUST00567,Emma Williams,1955-06-13,premium,Edmonton,AB,2025-01-09,2025-01-09
CUST00568,Daniel Johnson,1953-08-25,retail,Quebec City,QC,2023-05-25,2023-05-25
CUST00569,Lisa Brown,1997-09-12,premium,Mississauga,ON,2025-02-28,2025-02-28
CUST00570,Chen Garcia,1987-04-01,premium,Montreal,QC,2023-08-05,2023-08-05
CUST00571,Sofia Cote,1964-12-19,premium,Calgary,AB,2024-01-05,2024-01-05
CUST00572,Priya Roy,1978-04-10,business,Edmonton,AB,2024-10-26,2024-10-26
CUST00573,Emma Wilson,1998-12-14,retail,Quebec City,QC,2024-03-14,2024-03-14
CUST00574,Daniel Nguyen,1950-01-07,business,Edmonton,AB,2023-03-12,2023-03-12
CUST00575,ELIZABETH smith,1969-04-10,business,Vancouver,BC,2024-10-06,2024-10-06
CUST00576,DAVID khan,2001-04-13,retail,Montreal,QC,2023-11-13,2023-11-13
CUST00577,DAVID lee,1972-12-27,retail,Quebec City,QC,2024-09-07,2024-09-07
CUST00578,Liam Williams,1993-04-16,retail,Halifax,NS,2023-12-21,2023-12-21
CUST00579,EMMA brown,1953-05-09,retail,Quebec City,QC,2025-02-20,2025-02-20
CUST00580,Daniel Kim,1960-10-24,business,Calgary,AB,2024-04-09,2024-04-09
CUST00581,Chen Gagnon,1997-01-16,retail,Calgary,AB,2023-03-26,2023-03-26
CUST00582,Sofia Davis,1985-03-31,retail,Ottawa,ON,2025-07-01,2025-07-01
CUST00583,Elizabeth Patel,1957-05-28,retail,Ottawa,ON,2025-09-01,2025-09-01
CUST00584,John Patel,1961-09-12,retail,Montreal,QC,2023-10-04,2023-10-04
CUST00585,Wei Miller,1997-01-12,retail,Montreal,QC,2024-05-19,2024-05-19
CUST00586,Amir Tremblay,1987-02-08,retail,Mississauga,ON,2025-05-17,2025-05-17
CUST00587,Chen Smith,1981-05-17,retail,Vancouver,BC,2025-06-24,2025-06-24
CUST00588,Linda Miller,1957-09-12,retail,Winnipeg,MB,2023-08-19,2023-08-19
CUST00589,Robert Martinez,1959-12-26,retail,,ON,2024-09-16,2024-09-16
CUST00590,Priya Miller,1973-03-16,retail,Hamilton,ON,2025-09-16,2025-09-16
CUST00591,Amir Smith,1997-04-06,retail,Calgary,AB,2023-03-31,2023-03-31
CUST00592,Sofia Roy,1950-10-01,retail,Vancouver,BC,2023-05-17,2023-05-17
CUST00593,Amir Lee,1984-09-04,retail,Mississauga,ON,2024-04-18,2024-04-18
CUST00594,Sarah Singh,1966-09-22,retail,Quebec City,QC,2024-02-12,2024-02-12
CUST00595,James Johnson,1977-05-10,business,Hamilton,ON,2024-11-14,2024-11-14
CUST00595,James Johnson,1977-05-10,retail,Surrey,BC,2024-11-14,2025-12-29
CUST00596,Elizabeth Davis,1955-07-25,retail,Montreal,QC,2024-06-11,2024-06-11
CUST00597,James Khan,1980-08-30,retail,Vancouver,BC,2025-03-15,2025-03-15
CUST00598,Amir Roy,1987-06-11,retail,Winnipeg,MB,2024-05-07,2024-05-07
CUST00599,Fatima Wilson,1968-07-20,retail,Edmonton,AB,2023-10-11,2023-10-11
CUST00600,Robert Martinez,1996-12-29,premium,Halifax,NS,2023-10-04,2023-10-04
CUST00601,Chen Tremblay,2000-01-01,retail,Ottawa,ON,2025-12-27,2025-12-27
CUST00602,Robert Smith,1987-02-23,premium,Surrey,BC,2025-04-22,2025-04-22
CUST00603,Chen Rodriguez,1959-07-31,premium,Ottawa,ON,2023-09-27,2023-09-27
CUST00604,David Roy,2003-07-03,retail,,QC,2024-04-20,2024-04-20
CUST00604,David Roy,2003-07-03,retail,Edmonton,AB,2024-04-20,2025-07-23
CUST00605,Ava Roy,1983-07-20,premium,Edmonton,AB,2024-01-12,2024-01-12
CUST00605,Ava Roy,1983-07-20,retail,Hamilton,ON,2024-01-12,2024-06-18
CUST00606,Noah Smith,1969-12-19,business,Vancouver,BC,2024-02-20,2024-02-20
CUST00607,Nancy Roy,1991-01-18,retail,Edmonton,AB,2024-05-20,2024-05-20
CUST00608,Emma Patel,2001-04-24,retail,Halifax,NS,2025-12-11,2025-12-11
CUST00609,Nancy Nguyen,1972-01-17,premium,Toronto,ON,2025-11-28,2025-11-28
CUST00610,Lisa Gagnon,1989-06-08,retail,Toronto,ON,2025-03-26,2025-03-26
CUST00611,Jennifer Kim,1954-11-23,retail,Vancouver,BC,2025-11-24,2025-11-24
CUST00612,John Chan,2002-07-10,retail,Mississauga,ON,2023-10-05,2023-10-05
CUST00612,John Chan,2002-07-10,business,Quebec City,QC,2023-10-05,2024-07-23
CUST00613,MICHAEL nguyen,1964-09-17,retail,Mississauga,ON,2023-09-11,2023-09-11
CUST00614,John Chan,1995-11-27,retail,Halifax,NS,2023-11-24,2023-11-24
CUST00615,Sarah Tremblay,1964-07-18,premium,Winnipeg,MB,2023-10-24,2023-10-24
CUST00616,Elizabeth Nguyen,1960-07-19,retail,,BC,2023-09-27,2023-09-27
CUST00617,James Nguyen,1998-10-05,premium,Edmonton,AB,2023-01-12,2023-01-12
CUST00618,Amir Singh,1957-02-14,retail,Edmonton,AB,2023-01-14,2023-01-14
CUST00619,PRIYA miller,1954-12-10,retail,Toronto,ON,2024-12-15,2024-12-15
CUST00620,Emma Roy,1957-11-13,retail,Vancouver,BC,2023-04-11,2023-04-11
CUST00621,Elizabeth Roy,2003-05-18,retail,Winnipeg,MB,2023-12-30,2023-12-30
CUST00622,Mary Williams,1983-12-31,retail,Vancouver,BC,2023-05-19,2023-05-19
CUST00622,Mary Williams,1983-12-31,retail,Ottawa,ON,2023-05-19,2024-03-15
CUST00623,Ava Rodriguez,1997-01-25,retail,Surrey,BC,2024-03-05,2024-03-05
CUST00623,Ava Rodriguez,1997-01-25,premium,Winnipeg,MB,2024-03-05,2025-05-12
CUST00624,John Singh,1975-10-07,retail,Halifax,NS,2025-05-24,2025-05-24
CUST00625,Fatima Lee,1994-07-14,retail,Ottawa,ON,2025-11-30,2025-11-30
CUST00626,Fatima Davis,1967-05-14,retail,Halifax,NS,2023-01-04,2023-01-04
CUST00627,Liam Miller,1987-02-23,business,Quebec City,QC,2023-04-04,2023-04-04
CUST00628,James Gagnon,1972-10-28,retail,Hamilton,ON,2023-05-19,2023-05-19
CUST00629,James Brown,1985-07-13,retail,Winnipeg,MB,2023-03-01,2023-03-01
CUST00630,Amir Singh,1962-03-07,premium,Edmonton,AB,2025-09-13,2025-09-13
CUST00631,Sarah Nguyen,1955-01-10,business,Calgary,AB,2025-12-03,2025-12-03
CUST00632,PRIYA smith,1979-10-05,retail,Hamilton,ON,2024-12-25,2024-12-25
CUST00633,Sarah Patel,1964-11-21,retail,Winnipeg,MB,2025-03-08,2025-03-08
CUST00634,Elizabeth Wilson,1987-02-17,retail,Halifax,NS,2023-06-27,2023-06-27
CUST00635,Elizabeth Miller,1960-01-26,retail,Montreal,QC,2025-02-05,2025-02-05
CUST00636,Nancy Chan,1994-11-11,premium,Toronto,ON,2023-11-12,2023-11-12
CUST00637,Lisa Martinez,1958-10-25,retail,Surrey,BC,2025-11-23,2025-11-23
CUST00638,Nancy Patel,1960-05-23,premium,Halifax,NS,2023-01-09,2023-01-09
CUST00639,Ava Williams,1954-02-20,retail,Surrey,BC,2023-07-31,2023-07-31
CUST00640,Wei Martinez,1978-10-15,premium,Winnipeg,MB,2024-02-15,2024-02-15
CUST00641,Nancy Cote,1964-02-17,retail,Mississauga,ON,2024-07-14,2024-07-14
CUST00642,Patricia Miller,1978-07-29,retail,Montreal,QC,2024-07-09,2024-07-09
CUST00643,LINDA garcia,1980-05-22,retail,,ON,2025-06-27,2025-06-27
CUST00644,Mary Brown,1988-04-05,retail,Calgary,AB,2025-03-13,2025-03-13
CUST00645,Emma Nguyen,1979-10-25,retail,Quebec City,QC,2024-02-10,2024-02-10
CUST00646,Noah Nguyen,1992-01-05,retail,Quebec City,QC,2023-07-19,2023-07-19
CUST00647,Nancy Singh,1962-11-23,business,Hamilton,ON,2024-06-12,2024-06-12
CUST00648,Amir Wilson,1952-09-18,retail,Surrey,BC,2023-05-14,2023-05-14
CUST00649,Jennifer Martinez,1961-06-06,retail,Surrey,BC,2025-11-06,2025-11-06
CUST00650,Sarah Khan,1977-02-07,retail,Winnipeg,MB,2025-12-27,2025-12-27
CUST00651,Linda Khan,1984-06-07,business,Ottawa,ON,2023-05-16,2023-05-16
CUST00652,Olivia Kim,1998-11-08,premium,Quebec City,QC,2024-04-28,2024-04-28
CUST00653,Sofia Tremblay,2003-06-24,retail,Edmonton,AB,2025-08-06,2025-08-06
CUST00654,Elizabeth Patel,2003-07-05,retail,Mississauga,ON,2025-02-15,2025-02-15
CUST00654,Elizabeth Patel,2003-07-05,business,Ottawa,ON,2025-02-15,2025-08-05
CUST00655,Noah Gagnon,1963-05-22,premium,Toronto,ON,2025-07-16,2025-07-16
CUST00656,Michael Miller,1976-11-21,premium,Winnipeg,MB,2024-09-15,2024-09-15
CUST00657,Daniel Williams,1995-10-17,retail,Quebec City,QC,2025-04-07,2025-04-07
CUST00658,Mary Smith,1982-03-25,retail,Halifax,NS,2023-08-13,2023-08-13
CUST00659,Sofia Tremblay,1984-05-05,retail,Calgary,AB,2025-04-11,2025-04-11
CUST00660,Anthony Jones,1982-04-28,retail,Hamilton,ON,2025-05-04,2025-05-04
CUST00661,Robert Smith,1962-12-02,retail,Mississauga,ON,2025-09-23,2025-09-23
CUST00662,Chen Kim,1988-03-11,premium,Edmonton,AB,2024-01-04,2024-01-04
CUST00663,Karen Lee,1950-09-01,retail,Hamilton,ON,2025-10-17,2025-10-17
CUST00664,Matthew Khan,1953-05-25,retail,Quebec City,QC,2025-09-16,2025-09-16
CUST00665,Sofia Williams,1997-03-24,premium,Ottawa,ON,2024-07-26,2024-07-26
CUST00666,John Davis,1957-01-02,retail,Edmonton,AB,2024-10-01,2024-10-01
CUST00667,James Singh,1992-02-05,retail,Edmonton,AB,2024-11-09,2024-11-09
CUST00668,Elizabeth Garcia,2003-08-14,retail,Toronto,ON,2024-09-14,2024-09-14
CUST00668,Elizabeth Garcia,2003-08-14,retail,Quebec City,QC,2024-09-14,2025-07-13
CUST00669,Mary Cote,1952-06-13,premium,Vancouver,BC,2024-08-10,2024-08-10
CUST00669,Mary Cote,1952-06-13,retail,Vancouver,BC,2024-08-10,2025-11-14
CUST00670,Fatima Rodriguez,1951-04-11,premium,Vancouver,BC,2023-08-17,2023-08-17
CUST00671,Amir Nguyen,1973-06-09,premium,Surrey,BC,2024-04-28,2024-04-28
CUST00672,Sarah Williams,1963-10-31,retail,Ottawa,ON,2025-10-12,2025-10-12
CUST00673,AMIR nguyen,1968-12-01,retail,Halifax,NS,2024-12-07,2024-12-07
CUST00674,Mary Garcia,1977-01-14,retail,Edmonton,AB,2025-09-02,2025-09-02
CUST00675,Karen Cote,1973-07-24,retail,Halifax,NS,2023-10-25,2023-10-25
CUST00676,OLIVIA nguyen,1997-07-28,retail,Calgary,AB,2023-03-26,2023-03-26
CUST00677,Ava Kim,1974-06-16,business,Quebec City,QC,2024-11-17,2024-11-17
CUST00678,Wei Patel,1971-09-11,premium,Edmonton,AB,2024-02-04,2024-02-04
CUST00679,Sarah Khan,1956-02-05,retail,Toronto,ON,2023-01-25,2023-01-25
CUST00680,DANIEL davis,1967-04-28,retail,Halifax,NS,2023-03-11,2023-03-11
CUST00681,Amir Miller,1960-10-06,retail,Quebec City,QC,2023-06-26,2023-06-26
CUST00682,Chen Tremblay,1966-07-13,premium,Ottawa,ON,2024-06-02,2024-06-02
CUST00682,Chen Tremblay,1966-07-13,premium,Vancouver,BC,2024-06-02,2025-03-21
CUST00683,Sofia Cote,1956-08-21,retail,Surrey,BC,2024-07-21,2024-07-21
CUST00684,Mary Rodriguez,1956-03-24,retail,Vancouver,BC,2025-10-04,2025-10-04
CUST00685,Chen Singh,1988-09-09,retail,Mississauga,ON,2024-03-23,2024-03-23
CUST00686,David Brown,2001-04-04,retail,,ON,2024-05-28,2024-05-28
CUST00687,Chen Gagnon,1985-01-12,business,Toronto,ON,2024-06-29,2024-06-29
CUST00688,James Chan,1994-01-08,business,Halifax,NS,2025-09-06,2025-09-06
CUST00689,Olivia Williams,1984-06-27,retail,Montreal,QC,2025-09-14,2025-09-14
CUST00690,Sarah Cote,1958-02-18,retail,Vancouver,BC,2025-01-18,2025-01-18
CUST00690,Sarah Cote,1958-02-18,premium,Vancouver,BC,2025-01-18,2025-11-09
CUST00691,Jennifer Khan,1967-02-19,business,Toronto,ON,2024-09-04,2024-09-04
CUST00692,Daniel Singh,1989-04-17,premium,Mississauga,ON,2024-01-24,2024-01-24
CUST00693,Wei Davis,1998-06-30,retail,Edmonton,AB,2024-09-22,2024-09-22
CUST00694,James Johnson,1953-11-03,retail,Surrey,BC,2025-04-10,2025-04-10
CUST00695,Nancy Cote,2001-12-23,retail,Montreal,QC,2024-04-22,2024-04-22
CUST00695,Nancy Cote,2001-12-23,retail,Toronto,ON,2024-04-22,2025-05-21
CUST00696,Fatima Johnson,1961-09-17,premium,Hamilton,ON,2023-01-30,2023-01-30
CUST00697,Olivia Brown,2003-01-10,retail,Edmonton,AB,2023-05-11,2023-05-11
CUST00698,Olivia Roy,1968-03-07,retail,Hamilton,ON,2025-05-22,2025-05-22
CUST00699,Karen Wilson,2001-09-03,business,Mississauga,ON,2023-10-09,2023-10-09
CUST00700,Mary Tremblay,1960-10-31,retail,Ottawa,ON,2024-07-14,2024-07-14
CUST00701,Priya Garcia,2002-03-19,retail,Edmonton,AB,2023-03-25,2023-03-25
CUST00702,KAREN garcia,1957-03-30,premium,Toronto,ON,2023-01-14,2023-01-14
CUST00703,Wei Martinez,1992-09-14,retail,Calgary,AB,2023-09-17,2023-09-17
CUST00704,Matthew Davis,1953-05-17,retail,Ottawa,ON,2024-01-04,2024-01-04
CUST00704,Matthew Davis,1953-05-17,retail,Vancouver,BC,2024-01-04,2025-05-01
CUST00705,James Khan,1997-07-26,retail,Hamilton,ON,2023-07-15,2023-07-15
CUST00706,LISA davis,1968-09-02,premium,Edmonton,AB,2024-07-20,2024-07-20
CUST00706,LISA davis,1968-09-02,retail,Edmonton,AB,2024-07-20,2025-11-24
CUST00707,Jennifer Cote,1982-09-03,retail,Toronto,ON,2024-08-06,2024-08-06
CUST00708,Noah Nguyen,1954-09-15,retail,,ON,2023-12-27,2023-12-27
CUST00709,John Davis,2002-01-05,retail,Halifax,NS,2024-10-29,2024-10-29
CUST00710,Linda Brown,1971-04-10,retail,Surrey,BC,2025-04-24,2025-04-24
CUST00711,Anthony Tremblay,1989-02-07,retail,Edmonton,AB,2023-10-24,2023-10-24
CUST00712,Daniel Jones,1982-03-04,premium,Edmonton,AB,2024-07-06,2024-07-06
CUST00713,Mary Rodriguez,1991-10-07,retail,Ottawa,ON,2025-07-28,2025-07-28
CUST00714,ELIZABETH roy,1965-03-31,premium,Ottawa,ON,2024-04-15,2024-04-15
CUST00715,Michael Tremblay,1975-01-17,premium,Edmonton,AB,2023-01-30,2023-01-30
CUST00716,Sarah Kim,2003-02-03,retail,Quebec City,QC,2023-11-02,2023-11-02
CUST00717,Mary Johnson,1995-03-28,premium,Edmonton,AB,2023-03-10,2023-03-10
CUST00718,Sofia Brown,1957-06-15,retail,Edmonton,AB,2023-01-26,2023-01-26
CUST00719,Daniel Martinez,1958-02-21,retail,Hamilton,ON,2023-02-02,2023-02-02
CUST00720,Ava Tremblay,1990-10-22,retail,Halifax,NS,2025-08-07,2025-08-07
CUST00721,Olivia Lee,1950-02-14,retail,Winnipeg,MB,2023-05-25,2023-05-25
CUST00722,Elizabeth Kim,1998-08-31,retail,Vancouver,BC,2024-02-29,2024-02-29
CUST00723,Liam Johnson,1982-08-28,business,Montreal,QC,2023-04-16,2023-04-16
CUST00724,Daniel Lee,1956-01-05,retail,Ottawa,ON,2024-02-24,2024-02-24
CUST00725,Chen Singh,2002-01-17,business,Halifax,NS,2024-03-05,2024-03-05
CUST00726,David Chan,1954-11-20,retail,Winnipeg,MB,2023-05-10,2023-05-10
CUST00727,Emma Brown,1997-10-21,premium,Edmonton,AB,2024-08-21,2024-08-21
CUST00728,SOFIA williams,1991-01-29,premium,Hamilton,ON,2023-06-28,2023-06-28
CUST00729,John Brown,1963-04-11,retail,Ottawa,ON,2025-10-13,2025-10-13
CUST00730,James Martinez,1998-07-29,business,Calgary,AB,2023-09-28,2023-09-28
CUST00731,James Martinez,1970-11-04,retail,Hamilton,ON,2025-11-30,2025-11-30
CUST00732,Chen Wilson,1997-07-25,retail,Edmonton,AB,2025-06-30,2025-06-30
CUST00733,Elizabeth Garcia,1983-05-14,retail,Vancouver,BC,2024-08-13,2024-08-13
CUST00734,Nancy Garcia,1998-01-10,business,Quebec City,QC,2024-08-07,2024-08-07
CUST00735,Amir Jones,1953-09-10,retail,Ottawa,ON,2024-10-10,2024-10-10
CUST00736,Michael Khan,1978-06-08,retail,Halifax,NS,2024-12-05,2024-12-05
CUST00737,Priya Martinez,1986-04-18,business,Mississauga,ON,2025-10-19,2025-10-19
CUST00738,Robert Smith,1995-07-10,retail,Halifax,NS,2024-11-09,2024-11-09
CUST00739,Noah Tremblay,2000-09-16,retail,Winnipeg,MB,2025-06-24,2025-06-24
CUST00740,Mary Jones,1977-08-22,retail,Winnipeg,MB,2023-02-20,2023-02-20
CUST00741,John Wilson,1967-07-05,retail,Toronto,ON,2025-12-14,2025-12-14
CUST00742,James Williams,1957-11-03,premium,Montreal,QC,2025-11-14,2025-11-14
CUST00743,Lisa Johnson,1963-04-10,retail,Winnipeg,MB,2025-05-25,2025-05-25
CUST00744,Daniel Martinez,1957-11-10,premium,Edmonton,AB,2024-03-17,2024-03-17
CUST00745,Olivia Nguyen,1988-01-10,retail,Vancouver,BC,2025-04-28,2025-04-28
CUST00745,Olivia Nguyen,1988-01-10,retail,Vancouver,BC,2025-04-28,2025-10-11
CUST00746,AVA chan,2002-12-29,retail,Surrey,BC,2025-02-08,2025-02-08
CUST00747,Matthew Garcia,2000-12-13,retail,Montreal,QC,2023-10-08,2023-10-08
CUST00748,Anthony Johnson,1977-04-07,premium,Vancouver,BC,2025-10-08,2025-10-08
CUST00748,Anthony Johnson,1977-04-07,retail,Ottawa,ON,2025-10-08,2025-12-08
CUST00749,Chen Gagnon,1975-10-23,retail,Edmonton,AB,2025-05-04,2025-05-04
CUST00750,James Brown,1955-12-27,retail,Vancouver,BC,2025-01-10,2025-01-10
CUST00751,Chen Cote,1960-09-23,business,Edmonton,AB,2025-02-03,2025-02-03
CUST00752,Jennifer Tremblay,1991-05-13,retail,Toronto,ON,2023-10-05,2023-10-05
CUST00753,Chen Lee,1997-07-07,retail,Toronto,ON,2023-06-07,2023-06-07
CUST00754,Patricia Roy,1978-05-15,retail,Ottawa,ON,2024-09-08,2024-09-08
CUST00755,Priya Tremblay,1951-02-27,premium,Surrey,BC,2023-10-08,2023-10-08
CUST00756,Sarah Garcia,1995-02-28,retail,Mississauga,ON,2024-03-28,2024-03-28
CUST00757,Sofia Chan,1960-03-23,premium,Montreal,QC,2025-05-04,2025-05-04
CUST00758,James Singh,1982-07-12,retail,Surrey,BC,2023-10-12,2023-10-12
CUST00759,Noah Wilson,1952-07-31,premium,Ottawa,ON,2023-08-31,2023-08-31
CUST00759,Noah Wilson,1952-07-31,retail,Vancouver,BC,2023-08-31,2024-02-23
CUST00760,ROBERT williams,1960-01-09,retail,Calgary,AB,2023-06-09,2023-06-09
CUST00761,Michael Brown,1996-01-25,premium,Toronto,ON,2023-05-02,2023-05-02
CUST00761,Michael Brown,1996-01-25,retail,Winnipeg,MB,2023-05-02,2023-12-02
CUST00762,Patricia Brown,1967-12-12,retail,,QC,2024-01-14,2024-01-14
CUST00762,Patricia Brown,1967-12-12,business,Vancouver,BC,2024-01-14,2025-03-31
CUST00763,Daniel Lee,1971-09-12,premium,Ottawa,ON,2025-10-31,2025-10-31
CUST00764,James Chan,1975-04-15,premium,Hamilton,ON,2023-12-18,2023-12-18
CUST00765,Patricia Miller,1992-08-03,premium,Montreal,QC,2025-01-20,2025-01-20
CUST00766,Patricia Garcia,1988-01-18,business,Surrey,BC,2024-03-14,2024-03-14
CUST00767,Sarah Brown,1962-03-12,retail,Edmonton,AB,2025-10-12,2025-10-12
CUST00768,Mary Williams,1984-07-09,retail,Surrey,BC,2024-08-03,2024-08-03
CUST00769,Emma Nguyen,1976-01-27,retail,Hamilton,ON,2025-05-26,2025-05-26
CUST00770,Anthony Cote,1994-02-09,retail,Surrey,BC,2023-08-04,2023-08-04
CUST00771,Patricia Jones,2002-12-25,retail,Calgary,AB,2023-07-28,2023-07-28
CUST00772,Daniel Miller,1986-04-09,retail,Surrey,BC,2023-09-09,2023-09-09
CUST00773,Noah Tremblay,1985-11-27,retail,Quebec City,QC,2024-12-30,2024-12-30
CUST00774,Anthony Chan,1990-10-15,retail,Vancouver,BC,2023-08-10,2023-08-10
CUST00775,Robert Smith,1956-02-14,premium,Mississauga,ON,2025-10-17,2025-10-17
CUST00776,Amir Wilson,1958-08-23,retail,Ottawa,ON,2023-06-06,2023-06-06
CUST00777,Nancy Miller,1993-12-25,retail,Vancouver,BC,2025-10-30,2025-10-30
CUST00778,Priya Smith,1960-09-08,business,Toronto,ON,2025-02-24,2025-02-24
CUST00779,Mary Johnson,1977-03-10,retail,Ottawa,ON,2023-12-03,2023-12-03
CUST00780,Anthony Brown,1999-09-07,retail,Quebec City,QC,2025-08-20,2025-08-20
CUST00781,Karen Rodriguez,1983-11-23,retail,Edmonton,AB,2024-12-23,2024-12-23
CUST00781,Karen Rodriguez,1983-11-23,retail,Toronto,ON,2024-12-23,2025-12-20
CUST00782,DANIEL lee,1980-08-13,retail,Halifax,NS,2025-02-18,2025-02-18
CUST00783,Daniel Johnson,1971-01-19,retail,Winnipeg,MB,2024-10-01,2024-10-01
CUST00783,Daniel Johnson,1971-01-19,retail,Mississauga,ON,2024-10-01,2025-05-05
CUST00784,James Khan,1987-11-26,retail,Surrey,BC,2025-11-20,2025-11-20
CUST00785,Wei Smith,1985-01-06,retail,Surrey,BC,2024-10-22,2024-10-22
CUST00785,Wei Smith,1985-01-06,retail,Hamilton,ON,2024-10-22,2025-12-01
CUST00786,Lisa Cote,1976-11-14,retail,Surrey,BC,2025-01-14,2025-01-14
CUST00787,Olivia Williams,1973-10-15,retail,Montreal,QC,2023-04-08,2023-04-08
CUST00788,Fatima Williams,1958-07-02,premium,Halifax,NS,2024-11-20,2024-11-20
CUST00789,Matthew Miller,1977-01-29,premium,Surrey,BC,2025-10-30,2025-10-30
CUST00790,Michael Kim,1996-03-27,retail,Calgary,AB,2025-07-17,2025-07-17
CUST00791,Chen Chan,1969-02-08,retail,Ottawa,ON,2025-08-15,2025-08-15
CUST00792,Ava Kim,1955-05-17,premium,Quebec City,QC,2025-12-05,2025-12-05
CUST00793,Liam Cote,1986-10-22,premium,Vancouver,BC,2024-10-14,2024-10-14
CUST00794,Ava Kim,1964-05-29,premium,Vancouver,BC,2024-06-09,2024-06-09
CUST00795,Robert Miller,1977-11-10,retail,Toronto,ON,2025-08-08,2025-08-08
CUST00796,Mary Miller,1952-08-12,retail,Ottawa,ON,2024-06-13,2024-06-13
CUST00797,Chen Johnson,1951-10-15,retail,Halifax,NS,2023-04-24,2023-04-24
CUST00798,Ava Williams,1958-02-07,premium,Calgary,AB,2025-03-23,2025-03-23
CUST00798,Ava Williams,1958-02-07,premium,Quebec City,QC,2025-03-23,2025-07-18
CUST00799,Patricia Chan,1997-02-14,premium,Winnipeg,MB,2024-05-30,2024-05-30
CUST00800,Noah Wilson,1984-12-25,premium,Surrey,BC,2024-04-28,2024-04-28
CUST00800,Noah Wilson,1984-12-25,retail,Vancouver,BC,2024-04-28,2024-10-14
CUST00801,David Tremblay,1983-08-14,retail,Toronto,ON,2023-08-20,2023-08-20
CUST00802,DAVID jones,1982-12-29,retail,Surrey,BC,2024-09-23,2024-09-23
CUST00803,Emma Cote,1971-07-03,retail,Toronto,ON,2024-06-02,2024-06-02
CUST00804,Daniel Cote,1971-03-17,retail,Mississauga,ON,2025-06-25,2025-06-25
CUST00805,David Martinez,1971-02-15,business,Mississauga,ON,2024-09-01,2024-09-01
CUST00806,Chen Wilson,1953-01-15,retail,Winnipeg,MB,2024-07-15,2024-07-15
CUST00807,Anthony Kim,1959-01-03,premium,Surrey,BC,2023-11-25,2023-11-25
CUST00808,Fatima Khan,1952-06-15,retail,Halifax,NS,2023-04-17,2023-04-17
CUST00809,Chen Jones,1977-05-31,retail,Toronto,ON,2024-10-04,2024-10-04
CUST00810,Sofia Gagnon,1986-10-24,premium,Ottawa,ON,2024-10-16,2024-10-16
CUST00810,Sofia Gagnon,1986-10-24,premium,Winnipeg,MB,2024-10-16,2025-03-13
CUST00811,Sarah Martinez,1982-12-24,retail,Hamilton,ON,2024-01-08,2024-01-08
CUST00812,Wei Davis,2000-02-09,business,Toronto,ON,2024-04-13,2024-04-13
CUST00813,Sofia Garcia,1988-06-24,retail,Toronto,ON,2024-06-16,2024-06-16
CUST00814,Wei Brown,1989-01-15,premium,Toronto,ON,2025-07-18,2025-07-18
CUST00815,Michael Miller,1994-05-02,retail,Vancouver,BC,2025-02-21,2025-02-21
CUST00816,Emma Martinez,1987-07-13,retail,Halifax,NS,2024-01-05,2024-01-05
CUST00817,David Davis,1972-04-11,retail,Quebec City,QC,2025-01-27,2025-01-27
CUST00817,David Davis,1972-04-11,business,Ottawa,ON,2025-01-27,2025-11-23
CUST00818,Sofia Patel,1984-05-28,retail,Winnipeg,MB,2025-05-16,2025-05-16
CUST00818,Sofia Patel,1984-05-28,retail,Toronto,ON,2025-05-16,2025-08-14
CUST00819,LINDA singh,2003-09-02,business,Surrey,BC,2023-04-04,2023-04-04
CUST00820,Karen Cote,2000-03-14,retail,Surrey,BC,2023-03-26,2023-03-26
CUST00821,Sarah Nguyen,1997-08-02,retail,Ottawa,ON,2025-06-05,2025-06-05
CUST00821,Sarah Nguyen,1997-08-02,business,Edmonton,AB,2025-06-05,2025-10-08
CUST00822,Emma Rodriguez,1988-08-02,retail,Halifax,NS,2024-08-02,2024-08-02
CUST00823,David Chan,1964-10-20,retail,Surrey,BC,2024-10-08,2024-10-08
CUST00824,Priya Cote,1954-10-10,premium,Winnipeg,MB,2024-01-22,2024-01-22
CUST00824,Priya Cote,1954-10-10,premium,Ottawa,ON,2024-01-22,2024-08-02
CUST00825,Matthew Brown,1981-12-26,retail,Edmonton,AB,2025-09-20,2025-09-20
CUST00826,Robert Brown,1975-06-28,retail,Surrey,BC,2024-01-05,2024-01-05
CUST00827,Wei Cote,1950-05-16,retail,Quebec City,QC,2025-12-13,2025-12-13
CUST00828,Linda Singh,1979-06-27,retail,Winnipeg,MB,2023-02-23,2023-02-23
CUST00828,Linda Singh,1979-06-27,business,Quebec City,QC,2023-02-23,2023-11-01
CUST00829,Patricia Wilson,1991-04-16,retail,Ottawa,ON,2025-09-09,2025-09-09
CUST00830,James Wilson,1990-08-26,retail,Toronto,ON,2024-10-27,2024-10-27
CUST00831,Olivia Tremblay,1954-05-15,retail,Ottawa,ON,2024-08-02,2024-08-02
CUST00831,Olivia Tremblay,1954-05-15,retail,Calgary,AB,2024-08-02,2025-08-05
CUST00832,DAVID garcia,1985-10-15,business,Hamilton,ON,2023-07-02,2023-07-02
CUST00833,Karen Martinez,1963-10-30,premium,Winnipeg,MB,2023-09-04,2023-09-04
CUST00834,Elizabeth Cote,1958-08-16,retail,Quebec City,QC,2025-01-22,2025-01-22
CUST00835,Anthony Rodriguez,1958-02-04,retail,Quebec City,QC,2025-05-15,2025-05-15
CUST00836,Matthew Williams,1991-08-02,retail,Toronto,ON,2024-04-04,2024-04-04
CUST00837,Lisa Gagnon,1976-01-30,retail,Winnipeg,MB,2025-08-16,2025-08-16
CUST00838,Robert Jones,1972-04-22,business,Winnipeg,MB,2025-12-07,2025-12-07
CUST00839,Mary Chan,1987-01-20,retail,Mississauga,ON,2023-07-13,2023-07-13
CUST00840,Daniel Rodriguez,1995-03-02,retail,Quebec City,QC,2023-02-03,2023-02-03
CUST00841,Jennifer Patel,1976-09-14,retail,Toronto,ON,2024-10-04,2024-10-04
CUST00842,Fatima Rodriguez,1966-10-17,business,Surrey,BC,2024-03-08,2024-03-08
CUST00843,Ava Cote,1951-08-11,retail,,ON,2023-01-12,2023-01-12
CUST00844,Nancy Patel,2003-12-31,business,Winnipeg,MB,2025-09-23,2025-09-23
CUST00845,Sofia Cote,1977-02-25,retail,,NS,2023-06-29,2023-06-29
CUST00845,Sofia Cote,1977-02-25,business,Halifax,NS,2023-06-29,2023-09-05
CUST00846,Ava Smith,1963-01-09,retail,Hamilton,ON,2024-05-10,2024-05-10
CUST00847,Michael Williams,1963-04-18,premium,Vancouver,BC,2025-08-28,2025-08-28
CUST00848,Liam Nguyen,1990-04-30,retail,Edmonton,AB,2024-05-11,2024-05-11
CUST00849,Mary Wilson,1988-09-26,retail,Toronto,ON,2025-05-01,2025-05-01
CUST00850,Priya Martinez,1993-08-11,retail,Toronto,ON,2025-11-17,2025-11-17
CUST00851,Emma Singh,1997-05-25,premium,Hamilton,ON,2023-02-08,2023-02-08
CUST00851,Emma Singh,1997-05-25,business,Calgary,AB,2023-02-08,2024-03-05
CUST00852,Patricia Singh,1981-02-09,business,,QC,2025-07-07,2025-07-07
CUST00853,Michael Singh,1995-07-18,retail,Surrey,BC,2024-03-25,2024-03-25
CUST00854,Ava Cote,1976-04-27,retail,Edmonton,AB,2025-03-10,2025-03-10
CUST00855,Liam Lee,1964-07-15,premium,Edmonton,AB,2024-02-29,2024-02-29
CUST00856,Robert Garcia,1994-02-26,retail,Hamilton,ON,2023-07-26,2023-07-26
CUST00857,Linda Miller,1951-08-18,retail,Montreal,QC,2025-01-04,2025-01-04
CUST00858,Emma Chan,1980-04-19,premium,Toronto,ON,2025-05-31,2025-05-31
CUST00859,Anthony Rodriguez,1954-03-10,premium,Surrey,BC,2024-07-01,2024-07-01
CUST00860,Fatima Cote,1989-04-12,premium,Mississauga,ON,2025-07-25,2025-07-25
CUST00861,Olivia Roy,1959-02-21,premium,Quebec City,QC,2023-03-27,2023-03-27
CUST00861,Olivia Roy,1959-02-21,retail,Surrey,BC,2023-03-27,2023-09-08
CUST00862,Elizabeth Nguyen,1958-11-28,retail,Montreal,QC,2023-11-12,2023-11-12
CUST00862,Elizabeth Nguyen,1958-11-28,retail,Hamilton,ON,2023-11-12,2025-03-20
CUST00863,Matthew Smith,1992-06-30,premium,Hamilton,ON,2024-11-30,2024-11-30
CUST00864,Sofia Kim,1972-01-08,retail,Surrey,BC,2023-11-07,2023-11-07
CUST00865,Robert Kim,1991-02-27,business,Calgary,AB,2025-11-23,2025-11-23
CUST00866,Noah Smith,1956-03-30,premium,Halifax,NS,2023-06-23,2023-06-23
CUST00867,Matthew Johnson,1963-07-18,premium,Calgary,AB,2023-04-29,2023-04-29
CUST00868,Lisa Martinez,1999-09-01,retail,Calgary,AB,2024-09-15,2024-09-15
CUST00869,Emma Rodriguez,1963-03-06,retail,Montreal,QC,2025-04-07,2025-04-07
CUST00870,Olivia Roy,1980-12-22,retail,Winnipeg,MB,2025-04-08,2025-04-08
CUST00871,Sarah Patel,1961-04-21,premium,Halifax,NS,2025-12-01,2025-12-01
CUST00872,ELIZABETH chan,1964-05-10,premium,Surrey,BC,2023-02-17,2023-02-17
CUST00873,Linda Martinez,1995-05-01,retail,Halifax,NS,2023-08-15,2023-08-15
CUST00874,Lisa Lee,1961-03-11,retail,Mississauga,ON,2025-07-08,2025-07-08
CUST00875,Linda Tremblay,1997-11-04,premium,Quebec City,QC,2024-04-23,2024-04-23
CUST00876,Sofia Tremblay,1983-11-19,retail,Winnipeg,MB,2025-11-30,2025-11-30
CUST00877,MICHAEL lee,1988-03-11,retail,Edmonton,AB,2025-04-23,2025-04-23
CUST00878,Anthony Miller,1997-03-19,retail,Edmonton,AB,2025-04-04,2025-04-04
CUST00879,David Tremblay,1989-06-25,retail,Edmonton,AB,2025-09-29,2025-09-29
CUST00880,Lisa Jones,1961-08-10,premium,Edmonton,AB,2025-11-17,2025-11-17
CUST00881,Anthony Johnson,2000-02-26,retail,Halifax,NS,2025-01-26,2025-01-26
CUST00882,Patricia Brown,1953-08-12,retail,Surrey,BC,2025-12-06,2025-12-06
CUST00883,Elizabeth Martinez,1962-10-26,retail,Edmonton,AB,2023-10-19,2023-10-19
CUST00884,Elizabeth Martinez,1993-11-07,retail,Hamilton,ON,2023-01-05,2023-01-05
CUST00885,Matthew Singh,1990-08-02,retail,Quebec City,QC,2024-11-22,2024-11-22
CUST00886,Fatima Jones,1991-05-09,retail,Ottawa,ON,2025-07-10,2025-07-10
CUST00887,John Roy,1984-09-27,retail,Winnipeg,MB,2024-04-21,2024-04-21
CUST00887,John Roy,1984-09-27,premium,Edmonton,AB,2024-04-21,2025-05-29
CUST00888,Chen Williams,2001-04-26,premium,Ottawa,ON,2024-09-24,2024-09-24
CUST00889,Michael Roy,1954-09-29,retail,Montreal,QC,2025-12-04,2025-12-04
CUST00890,Patricia Cote,1951-09-14,retail,Montreal,QC,2024-07-17,2024-07-17
CUST00891,Wei Nguyen,1978-09-30,premium,Mississauga,ON,2025-04-02,2025-04-02
CUST00892,Sarah Kim,1997-05-12,retail,Ottawa,ON,2024-10-11,2024-10-11
CUST00893,Priya Garcia,1972-12-05,retail,Vancouver,BC,2023-07-03,2023-07-03
CUST00894,Mary Roy,1955-04-01,retail,Surrey,BC,2024-09-02,2024-09-02
CUST00895,Sarah Rodriguez,1960-11-07,business,Calgary,AB,2023-04-17,2023-04-17
CUST00896,ANTHONY chan,1960-04-28,retail,Montreal,QC,2024-07-05,2024-07-05
CUST00897,Anthony Smith,1951-09-03,retail,Calgary,AB,2024-07-05,2024-07-05
CUST00897,Anthony Smith,1951-09-03,premium,Montreal,QC,2024-07-05,2025-09-28
CUST00898,Robert Martinez,1957-07-12,retail,Quebec City,QC,2025-10-21,2025-10-21
CUST00899,JENNIFER davis,1999-10-22,business,Montreal,QC,2025-07-14,2025-07-14
CUST00900,Fatima Martinez,1950-01-18,business,Winnipeg,MB,2023-05-04,2023-05-04
CUST00901,Emma Cote,1969-02-01,business,Calgary,AB,2025-11-11,2025-11-11
CUST00902,John Martinez,1961-01-12,retail,Mississauga,ON,2023-10-14,2023-10-14
CUST00903,Michael Roy,1978-07-23,business,Montreal,QC,2024-12-02,2024-12-02
CUST00904,David Davis,1980-08-25,business,Winnipeg,MB,2024-03-07,2024-03-07
CUST00904,David Davis,1980-08-25,premium,Ottawa,ON,2024-03-07,2025-04-25
CUST00905,James Roy,1950-11-10,retail,Edmonton,AB,2023-12-22,2023-12-22
CUST00906,Noah Patel,1956-12-15,retail,Montreal,QC,2023-03-05,2023-03-05
CUST00907,Patricia Lee,1982-02-11,premium,Calgary,AB,2025-03-03,2025-03-03
CUST00908,JAMES brown,1967-04-25,retail,Edmonton,AB,2025-06-29,2025-06-29
CUST00909,Amir Lee,1977-03-14,retail,Hamilton,ON,2024-03-28,2024-03-28
CUST00910,David Singh,1968-10-04,premium,Halifax,NS,2023-01-15,2023-01-15
CUST00911,Ava Rodriguez,1965-04-18,retail,Quebec City,QC,2024-02-01,2024-02-01
CUST00912,Wei Garcia,1955-11-02,retail,Mississauga,ON,2023-09-18,2023-09-18
CUST00913,Lisa Rodriguez,1952-01-28,premium,Hamilton,ON,2025-12-27,2025-12-27
CUST00914,James Kim,1954-08-27,retail,Winnipeg,MB,2024-10-23,2024-10-23
CUST00915,Amir Chan,1996-05-28,retail,Edmonton,AB,2023-03-31,2023-03-31
CUST00916,Matthew Khan,1985-02-26,retail,Edmonton,AB,2024-02-03,2024-02-03
CUST00917,Liam Davis,1956-09-05,retail,Halifax,NS,2024-05-26,2024-05-26
CUST00917,Liam Davis,1956-09-05,retail,Mississauga,ON,2024-05-26,2025-06-10
CUST00918,Matthew Smith,1979-12-29,premium,Quebec City,QC,2024-05-27,2024-05-27
CUST00919,Emma Johnson,1971-03-29,retail,Surrey,BC,2023-05-30,2023-05-30
CUST00920,Chen Nguyen,1955-06-12,retail,Quebec City,QC,2023-03-10,2023-03-10
CUST00921,Olivia Jones,1989-08-24,business,Toronto,ON,2023-04-23,2023-04-23
CUST00921,Olivia Jones,1989-08-24,premium,Toronto,ON,2023-04-23,2024-06-02
CUST00922,Elizabeth Patel,1986-11-19,retail,Calgary,AB,2024-04-22,2024-04-22
CUST00923,Nancy Patel,1959-02-01,premium,Edmonton,AB,2024-11-26,2024-11-26
CUST00923,Nancy Patel,1959-02-01,premium,Surrey,BC,2024-11-26,2025-10-16
CUST00924,Patricia Brown,1956-01-23,retail,Toronto,ON,2024-02-01,2024-02-01
CUST00925,Daniel Kim,1989-11-21,premium,Edmonton,AB,2024-01-16,2024-01-16
CUST00925,Daniel Kim,1989-11-21,retail,Quebec City,QC,2024-01-16,2024-08-22
CUST00926,Chen Lee,1998-07-20,retail,Vancouver,BC,2023-10-26,2023-10-26
CUST00927,Daniel Smith,1962-12-22,retail,Montreal,QC,2023-04-28,2023-04-28
CUST00928,Mary Kim,1967-12-23,retail,Surrey,BC,2024-02-17,2024-02-17
CUST00929,Sofia Nguyen,2001-11-22,retail,Quebec City,QC,2024-11-18,2024-11-18
CUST00930,Nancy Johnson,1950-05-02,retail,Edmonton,AB,2024-04-01,2024-04-01
CUST00931,Anthony Wilson,1985-11-30,retail,,NS,2024-01-13,2024-01-13
CUST00931,Anthony Wilson,1985-11-30,premium,Toronto,ON,2024-01-13,2024-09-12
CUST00932,ROBERT martinez,2002-07-18,retail,,AB,2025-01-07,2025-01-07
CUST00933,Jennifer Davis,1980-06-27,premium,,BC,2024-05-18,2024-05-18
CUST00934,Patricia Smith,1959-12-16,retail,Winnipeg,MB,2024-11-24,2024-11-24
CUST00935,Olivia Lee,1997-04-10,retail,Winnipeg,MB,2025-06-07,2025-06-07
CUST00935,Olivia Lee,1997-04-10,retail,Hamilton,ON,2025-06-07,2025-10-11
CUST00936,Karen Lee,1971-12-10,retail,Surrey,BC,2023-04-05,2023-04-05
CUST00937,Elizabeth Jones,1975-02-16,retail,Surrey,BC,2023-09-16,2023-09-16
CUST00938,Michael Williams,1955-10-27,premium,Edmonton,AB,2023-12-09,2023-12-09
CUST00939,Lisa Lee,1966-01-22,retail,Edmonton,AB,2024-10-21,2024-10-21
CUST00940,Anthony Singh,2002-05-23,retail,Vancouver,BC,2023-03-16,2023-03-16
CUST00941,Linda Patel,1983-10-31,retail,Hamilton,ON,2023-11-18,2023-11-18
CUST00942,Robert Williams,1981-07-17,retail,Vancouver,BC,2024-04-16,2024-04-16
CUST00943,Matthew Nguyen,1982-12-21,retail,Edmonton,AB,2025-10-15,2025-10-15
CUST00944,Linda Rodriguez,1957-05-24,retail,Winnipeg,MB,2024-08-26,2024-08-26
CUST00945,OLIVIA rodriguez,1956-05-26,retail,Hamilton,ON,2025-01-07,2025-01-07
CUST00946,Sarah Rodriguez,1974-08-16,premium,Vancouver,BC,2024-01-26,2024-01-26
CUST00947,Noah Khan,1976-11-13,retail,Vancouver,BC,2024-07-31,2024-07-31
CUST00948,Karen Tremblay,1995-12-29,retail,Winnipeg,MB,2023-11-02,2023-11-02
CUST00949,Michael Singh,1999-07-31,retail,Hamilton,ON,2025-08-17,2025-08-17
CUST00950,Sarah Miller,1987-06-22,premium,Calgary,AB,2024-03-05,2024-03-05
CUST00950,Sarah Miller,1987-06-22,business,Quebec City,QC,2024-03-05,2024-07-14
CUST00951,Elizabeth Smith,1981-10-26,premium,Edmonton,AB,2024-11-26,2024-11-26
CUST00952,Noah Khan,1952-02-01,retail,Vancouver,BC,2023-03-07,2023-03-07
CUST00953,Sarah Tremblay,2001-06-26,premium,Winnipeg,MB,2025-03-11,2025-03-11
CUST00954,Priya Patel,1979-07-03,retail,Hamilton,ON,2025-07-13,2025-07-13
CUST00955,Amir Khan,1993-11-01,retail,Ottawa,ON,2023-02-24,2023-02-24
CUST00956,Elizabeth Miller,1997-01-17,retail,Hamilton,ON,2023-05-24,2023-05-24
CUST00956,Elizabeth Miller,1997-01-17,retail,Calgary,AB,2023-05-24,2024-01-06
CUST00957,Patricia Jones,1956-03-03,retail,Montreal,QC,2025-03-07,2025-03-07
CUST00957,Patricia Jones,1956-03-03,retail,Vancouver,BC,2025-03-07,2025-08-19
CUST00958,Sofia Cote,2001-08-05,retail,Edmonton,AB,2024-09-27,2024-09-27
CUST00959,David Miller,1989-12-27,business,Toronto,ON,2023-05-12,2023-05-12
CUST00960,Sarah Tremblay,2001-09-08,retail,Edmonton,AB,2023-03-22,2023-03-22
CUST00961,Nancy Lee,1976-09-07,premium,Halifax,NS,2025-03-11,2025-03-11
CUST00962,Linda Garcia,1991-01-28,premium,Quebec City,QC,2025-02-26,2025-02-26
CUST00963,Karen Johnson,1964-03-03,premium,Hamilton,ON,2024-07-14,2024-07-14
CUST00964,John Miller,1999-08-06,retail,Edmonton,AB,2023-09-06,2023-09-06
CUST00964,John Miller,1999-08-06,retail,Surrey,BC,2023-09-06,2024-12-01
CUST00965,JENNIFER rodriguez,1991-06-19,retail,Hamilton,ON,2023-02-24,2023-02-24
CUST00966,KAREN wilson,1967-06-11,retail,Halifax,NS,2025-03-23,2025-03-23
CUST00967,ROBERT wilson,1993-06-28,premium,Winnipeg,MB,2025-08-02,2025-08-02
CUST00968,Nancy Jones,1964-06-23,premium,Edmonton,AB,2023-12-16,2023-12-16
CUST00969,Patricia Khan,1956-12-17,retail,Halifax,NS,2023-01-23,2023-01-23
CUST00970,Michael Johnson,1989-08-29,retail,Winnipeg,MB,2023-04-08,2023-04-08
CUST00971,SOFIA cote,1977-08-30,retail,,ON,2025-06-28,2025-06-28
CUST00972,NOAH miller,1971-05-27,retail,Hamilton,ON,2024-02-14,2024-02-14
CUST00973,Sarah Miller,1969-10-15,retail,Winnipeg,MB,2023-07-17,2023-07-17
CUST00974,Jennifer Johnson,1979-05-08,retail,Calgary,AB,2024-10-22,2024-10-22
CUST00975,Priya Patel,1969-03-07,retail,Calgary,AB,2023-08-05,2023-08-05
CUST00976,Sarah Smith,1969-09-30,retail,Calgary,AB,2023-05-16,2023-05-16
CUST00977,Mary Williams,2003-09-23,retail,Hamilton,ON,2025-10-20,2025-10-20
CUST00978,Ava Tremblay,1958-07-02,retail,Ottawa,ON,2024-10-26,2024-10-26
CUST00979,NOAH jones,1978-07-12,retail,,BC,2025-09-14,2025-09-14
CUST00980,Nancy Patel,1970-11-08,retail,Montreal,QC,2025-10-28,2025-10-28
CUST00981,Fatima Brown,1988-06-11,retail,Vancouver,BC,2024-05-13,2024-05-13
CUST00982,Elizabeth Miller,1953-05-27,retail,Ottawa,ON,2024-05-02,2024-05-02
CUST00983,Liam Wilson,1953-07-21,retail,Ottawa,ON,2025-12-02,2025-12-02
CUST00984,Noah Smith,1979-09-21,premium,Hamilton,ON,2024-12-02,2024-12-02
CUST00985,Amir Davis,1969-12-16,retail,Winnipeg,MB,2025-02-20,2025-02-20
CUST00986,John Singh,1954-09-04,business,Mississauga,ON,2023-10-17,2023-10-17
CUST00987,Priya Miller,1988-03-29,retail,Hamilton,ON,2025-08-14,2025-08-14
CUST00988,Jennifer Roy,2001-09-18,retail,Hamilton,ON,2025-07-07,2025-07-07
CUST00989,Anthony Williams,1965-01-19,retail,Surrey,BC,2025-08-22,2025-08-22
CUST00990,Noah Jones,1984-03-21,retail,Edmonton,AB,2025-05-25,2025-05-25
CUST00991,Fatima Khan,1965-10-06,retail,Ottawa,ON,2024-06-10,2024-06-10
CUST00992,Priya Roy,1962-04-05,retail,Edmonton,AB,2025-08-19,2025-08-19
CUST00993,Liam Lee,1987-04-22,retail,Edmonton,AB,2025-03-19,2025-03-19
CUST00994,Chen Tremblay,1953-06-26,retail,Mississauga,ON,2023-09-12,2023-09-12
CUST00995,Matthew Rodriguez,1993-11-02,retail,Halifax,NS,2025-01-24,2025-01-24
CUST00996,Liam Davis,1982-06-04,retail,Hamilton,ON,2023-02-27,2023-02-27
CUST00997,NANCY cote,2001-11-20,retail,Ottawa,ON,2023-11-27,2023-11-27
CUST00998,Karen Patel,1957-03-17,retail,Halifax,NS,2025-11-27,2025-11-27
CUST00999,Matthew Rodriguez,1997-11-01,retail,Halifax,NS,2025-02-22,2025-02-22
CUST01000,Liam Williams,1980-11-24,retail,Mississauga,ON,2023-10-20,2023-10-20
CUST01001,SOFIA martinez,1994-02-11,business,Toronto,ON,2023-01-04,2023-01-04
CUST01002,Matthew Gagnon,1965-04-23,premium,Vancouver,BC,2023-12-28,2023-12-28
CUST01003,Jennifer Chan,1969-01-26,retail,Mississauga,ON,2024-01-16,2024-01-16
CUST01004,MICHAEL rodriguez,1959-10-19,retail,Calgary,AB,2023-12-07,2023-12-07
CUST01004,MICHAEL rodriguez,1959-10-19,retail,Surrey,BC,2023-12-07,2024-03-08
CUST01005,LINDA singh,1959-01-17,retail,Edmonton,AB,2023-01-20,2023-01-20
CUST01005,LINDA singh,1959-01-17,retail,Toronto,ON,2023-01-20,2024-01-13
CUST01006,Lisa Smith,1973-11-06,retail,Calgary,AB,2025-09-22,2025-09-22
CUST01007,Daniel Cote,1971-07-01,business,Surrey,BC,2025-01-09,2025-01-09
CUST01007,Daniel Cote,1971-07-01,premium,Surrey,BC,2025-01-09,2025-09-08
CUST01008,James Nguyen,1962-06-17,retail,Halifax,NS,2023-02-22,2023-02-22
CUST01009,Sofia Davis,1992-08-19,retail,Surrey,BC,2025-11-20,2025-11-20
CUST01010,Emma Wilson,1954-02-08,retail,Toronto,ON,2024-10-28,2024-10-28
CUST01011,Liam Roy,1992-09-18,retail,Mississauga,ON,2023-07-25,2023-07-25
CUST01012,Robert Chan,1995-04-10,premium,Quebec City,QC,2023-03-07,2023-03-07
CUST01013,Amir Khan,1990-01-14,retail,Edmonton,AB,2023-08-25,2023-08-25
CUST01014,Jennifer Cote,1989-01-06,retail,Halifax,NS,2023-03-01,2023-03-01
CUST01015,Noah Rodriguez,1992-09-24,premium,Hamilton,ON,2023-09-10,2023-09-10
CUST01016,Anthony Williams,1970-01-29,retail,Halifax,NS,2023-05-13,2023-05-13
CUST01017,Liam Patel,2000-05-30,retail,Winnipeg,MB,2025-06-13,2025-06-13
CUST01017,Liam Patel,2000-05-30,retail,Mississauga,ON,2025-06-13,2025-09-25
CUST01018,Liam Tremblay,1960-06-01,premium,Hamilton,ON,2025-01-23,2025-01-23
CUST01019,Liam Smith,1998-01-19,retail,Vancouver,BC,2024-01-24,2024-01-24
CUST01020,Daniel Cote,2003-12-22,retail,,ON,2024-03-30,2024-03-30
CUST01021,Sarah Jones,1994-11-04,premium,Vancouver,BC,2025-07-22,2025-07-22
CUST01022,Ava Johnson,1995-01-26,retail,Quebec City,QC,2023-09-10,2023-09-10
CUST01023,Chen Miller,1983-10-18,retail,Edmonton,AB,2023-05-01,2023-05-01
CUST01024,Michael Davis,1966-01-23,premium,Halifax,NS,2025-09-25,2025-09-25
CUST01025,Ava Garcia,1980-04-09,retail,Toronto,ON,2025-05-15,2025-05-15
CUST01026,Karen Williams,1975-05-02,premium,Montreal,QC,2024-02-04,2024-02-04
CUST01026,Karen Williams,1975-05-02,business,Quebec City,QC,2024-02-04,2024-09-16
CUST01027,Mary Martinez,2001-10-12,retail,Edmonton,AB,2023-10-09,2023-10-09
CUST01028,Michael Miller,1950-10-27,retail,Halifax,NS,2025-01-11,2025-01-11
CUST01029,Ava Jones,1988-04-26,business,Calgary,AB,2023-12-11,2023-12-11
CUST01030,Jennifer Johnson,1980-05-14,business,Mississauga,ON,2025-06-07,2025-06-07
CUST01031,Mary Brown,1977-02-26,retail,Hamilton,ON,2023-12-20,2023-12-20
CUST01032,Olivia Cote,1991-08-07,retail,Winnipeg,MB,2025-02-21,2025-02-21
CUST01033,PATRICIA brown,1995-09-25,retail,Mississauga,ON,2024-04-05,2024-04-05
CUST01034,David Brown,1993-06-09,retail,Quebec City,QC,2025-06-07,2025-06-07
CUST01035,Sofia Khan,1951-10-10,retail,Ottawa,ON,2025-03-17,2025-03-17
CUST01036,Anthony Williams,1998-05-10,premium,Montreal,QC,2023-09-12,2023-09-12
CUST01037,Patricia Garcia,1950-06-24,retail,Quebec City,QC,2025-07-04,2025-07-04
CUST01037,Patricia Garcia,1950-06-24,retail,Winnipeg,MB,2025-07-04,2025-12-16
CUST01038,Priya Rodriguez,1961-03-10,retail,Toronto,ON,2025-11-02,2025-11-02
CUST01039,Amir Smith,1996-08-08,retail,Hamilton,ON,2024-08-23,2024-08-23
CUST01040,Sofia Wilson,1981-08-04,business,Montreal,QC,2025-11-11,2025-11-11
CUST01041,Linda Johnson,1969-04-23,retail,Hamilton,ON,2023-10-02,2023-10-02
CUST01042,Robert Roy,1972-11-15,retail,Calgary,AB,2024-06-17,2024-06-17
CUST01043,JOHN rodriguez,1962-11-07,retail,Winnipeg,MB,2024-02-22,2024-02-22
CUST01044,Sofia Gagnon,2000-07-26,premium,Hamilton,ON,2025-11-13,2025-11-13
CUST01045,Olivia Kim,1972-03-16,retail,Calgary,AB,2023-06-08,2023-06-08
CUST01046,Matthew Williams,1982-07-20,retail,Surrey,BC,2024-11-14,2024-11-14
CUST01047,David Smith,1969-12-08,retail,Mississauga,ON,2025-02-14,2025-02-14
CUST01048,Liam Martinez,1993-12-04,premium,Quebec City,QC,2023-07-15,2023-07-15
CUST01049,Priya Rodriguez,1954-04-21,retail,Quebec City,QC,2023-12-16,2023-12-16
CUST01050,Olivia Cote,1986-02-15,retail,Montreal,QC,2025-09-03,2025-09-03
CUST01051,SOFIA jones,1983-12-26,retail,Winnipeg,MB,2024-07-01,2024-07-01
CUST01052,Sofia Davis,1991-01-26,retail,Winnipeg,MB,2024-01-10,2024-01-10
CUST01053,Elizabeth Rodriguez,1970-07-11,retail,Calgary,AB,2024-09-17,2024-09-17
CUST01054,Noah Wilson,1956-11-18,retail,Mississauga,ON,2024-05-06,2024-05-06
CUST01054,Noah Wilson,1956-11-18,premium,Vancouver,BC,2024-05-06,2025-07-20
CUST01055,Anthony Smith,1962-03-29,retail,Calgary,AB,2025-09-09,2025-09-09
CUST01056,Priya Brown,1967-01-23,retail,Calgary,AB,2023-01-15,2023-01-15
CUST01057,Linda Cote,1953-10-19,retail,Montreal,QC,2025-07-07,2025-07-07
CUST01058,Lisa Davis,1961-12-17,retail,Ottawa,ON,2025-11-18,2025-11-18
CUST01059,Jennifer Lee,1972-05-29,retail,Mississauga,ON,2023-08-30,2023-08-30
CUST01060,James Gagnon,1977-05-07,retail,Quebec City,QC,2025-11-21,2025-11-21
CUST01061,Fatima Singh,1991-04-20,retail,Toronto,ON,2024-11-03,2024-11-03
CUST01062,Liam Garcia,1959-02-03,retail,Calgary,AB,2025-06-01,2025-06-01
CUST01063,Robert Kim,1950-08-15,business,Mississauga,ON,2023-11-15,2023-11-15
CUST01064,Daniel Martinez,1966-05-06,retail,Surrey,BC,2024-07-05,2024-07-05
CUST01065,Jennifer Jones,1950-07-10,premium,Surrey,BC,2025-01-05,2025-01-05
CUST01065,Jennifer Jones,1950-07-10,retail,Toronto,ON,2025-01-05,2025-07-29
CUST01066,Matthew Wilson,1967-11-08,retail,Toronto,ON,2025-09-08,2025-09-08
CUST01067,Priya Singh,1979-02-23,premium,Winnipeg,MB,2025-03-29,2025-03-29
CUST01068,Karen Jones,1951-11-25,business,Mississauga,ON,2023-09-16,2023-09-16
CUST01069,Linda Johnson,1988-07-19,premium,Winnipeg,MB,2023-01-17,2023-01-17
CUST01070,Noah Kim,1995-11-13,retail,Hamilton,ON,2024-01-18,2024-01-18
CUST01071,Sofia Davis,1967-10-20,premium,Winnipeg,MB,2025-08-28,2025-08-28
CUST01072,Lisa Roy,2003-01-15,retail,Ottawa,ON,2023-11-01,2023-11-01
CUST01072,Lisa Roy,2003-01-15,retail,Ottawa,ON,2023-11-01,2024-04-07
CUST01073,Fatima Miller,1984-02-15,premium,Mississauga,ON,2025-04-14,2025-04-14
CUST01074,Linda Wilson,1995-09-29,retail,Calgary,AB,2025-05-24,2025-05-24
CUST01075,David Lee,1978-09-11,retail,,NS,2023-04-08,2023-04-08
CUST01076,Sarah Miller,1959-01-15,retail,Vancouver,BC,2025-06-01,2025-06-01
CUST01077,Elizabeth Brown,1999-07-03,retail,Mississauga,ON,2023-09-24,2023-09-24
CUST01078,Noah Tremblay,1971-05-18,retail,Montreal,QC,2024-07-19,2024-07-19
CUST01079,Robert Gagnon,1953-09-06,retail,Halifax,NS,2024-01-26,2024-01-26
CUST01079,Robert Gagnon,1953-09-06,retail,Quebec City,QC,2024-01-26,2024-12-30
CUST01080,Liam Singh,1963-10-15,retail,Hamilton,ON,2023-03-31,2023-03-31
CUST01081,Noah Khan,1990-03-27,premium,Surrey,BC,2023-08-29,2023-08-29
CUST01082,LISA smith,1961-07-26,retail,Ottawa,ON,2024-08-16,2024-08-16
CUST01083,Sofia Miller,1994-05-31,premium,Halifax,NS,2025-12-26,2025-12-26
CUST01084,Noah Chan,1985-01-04,retail,Calgary,AB,2025-03-31,2025-03-31
CUST01085,Michael Tremblay,1996-01-03,retail,Halifax,NS,2025-07-21,2025-07-21
CUST01086,Ava Davis,1999-07-15,premium,Vancouver,BC,2023-09-01,2023-09-01
CUST01087,Mary Gagnon,1974-12-02,business,Ottawa,ON,2023-09-30,2023-09-30
CUST01088,Linda Miller,1981-03-04,retail,Montreal,QC,2025-01-25,2025-01-25
CUST01089,David Jones,1976-06-16,premium,Calgary,AB,2024-10-26,2024-10-26
CUST01089,David Jones,1976-06-16,premium,Hamilton,ON,2024-10-26,2025-06-25
CUST01090,David Garcia,1998-03-19,business,Vancouver,BC,2023-08-06,2023-08-06
CUST01091,David Gagnon,1968-06-30,retail,Winnipeg,MB,2025-06-24,2025-06-24
CUST01092,Olivia Patel,1988-12-05,retail,Ottawa,ON,2025-01-24,2025-01-24
CUST01093,Nancy Garcia,1994-01-03,retail,,ON,2024-01-05,2024-01-05
CUST01094,JENNIFER patel,1956-03-25,retail,Winnipeg,MB,2023-10-21,2023-10-21
CUST01095,Karen Brown,1951-01-22,retail,,NS,2023-07-24,2023-07-24
CUST01096,Noah Gagnon,1957-07-02,retail,Toronto,ON,2024-07-02,2024-07-02
CUST01096,Noah Gagnon,1957-07-02,premium,Mississauga,ON,2024-07-02,2024-09-04
CUST01097,Emma Wilson,1962-06-29,retail,Halifax,NS,2025-09-10,2025-09-10
CUST01098,Elizabeth Wilson,1955-01-05,retail,Edmonton,AB,2024-07-01,2024-07-01
CUST01099,PATRICIA khan,1987-04-05,retail,Vancouver,BC,2023-10-18,2023-10-18
CUST01100,Karen Jones,1970-04-07,retail,Surrey,BC,2025-02-26,2025-02-26
CUST01101,ANTHONY garcia,1975-04-14,retail,Mississauga,ON,2025-01-01,2025-01-01
CUST01102,John Johnson,1988-06-15,retail,Quebec City,QC,2025-12-22,2025-12-22
CUST01103,Amir Cote,1975-10-01,retail,Vancouver,BC,2024-12-14,2024-12-14
CUST01104,Daniel Rodriguez,1950-03-13,premium,Halifax,NS,2023-11-01,2023-11-01
CUST01104,Daniel Rodriguez,1950-03-13,premium,Halifax,NS,2023-11-01,2024-08-15
CUST01105,ANTHONY williams,1974-12-26,retail,Mississauga,ON,2023-10-24,2023-10-24
CUST01106,Karen Lee,1993-03-06,retail,Surrey,BC,2025-04-27,2025-04-27
CUST01107,Linda Patel,1998-05-02,retail,Calgary,AB,2025-12-29,2025-12-29
CUST01108,John Tremblay,2001-11-04,retail,Halifax,NS,2024-03-25,2024-03-25
CUST01108,John Tremblay,2001-11-04,retail,Toronto,ON,2024-03-25,2025-08-02
CUST01109,Anthony Jones,1981-05-05,retail,Mississauga,ON,2025-01-09,2025-01-09
CUST01110,Elizabeth Nguyen,1999-06-24,premium,Ottawa,ON,2025-05-12,2025-05-12
CUST01110,Elizabeth Nguyen,1999-06-24,business,Mississauga,ON,2025-05-12,2025-09-19
CUST01111,SOFIA jones,1988-02-07,premium,Calgary,AB,2025-01-31,2025-01-31
CUST01112,ANTHONY roy,1982-10-08,retail,Ottawa,ON,2023-10-17,2023-10-17
CUST01113,Emma Kim,1992-02-23,premium,Ottawa,ON,2023-10-14,2023-10-14
CUST01114,Matthew Wilson,1951-03-09,premium,Edmonton,AB,2024-08-10,2024-08-10
CUST01115,Fatima Garcia,1985-07-24,retail,Montreal,QC,2025-05-17,2025-05-17
CUST01116,Emma Rodriguez,1970-05-24,retail,Quebec City,QC,2025-05-17,2025-05-17
CUST01117,Robert Miller,1969-08-22,retail,Calgary,AB,2025-03-14,2025-03-14
CUST01118,Emma Williams,1978-02-05,retail,Halifax,NS,2025-04-09,2025-04-09
CUST01119,Chen Kim,1959-05-14,retail,Hamilton,ON,2023-06-09,2023-06-09
CUST01120,Linda Martinez,1955-11-11,retail,Ottawa,ON,2024-03-09,2024-03-09
CUST01121,PRIYA miller,1971-07-25,business,Winnipeg,MB,2024-07-05,2024-07-05
CUST01121,PRIYA miller,1971-07-25,retail,Edmonton,AB,2024-07-05,2025-10-12
CUST01122,Sarah Williams,1981-12-30,retail,Vancouver,BC,2024-08-01,2024-08-01
CUST01123,Karen Lee,1958-09-26,premium,Ottawa,ON,2024-11-09,2024-11-09
CUST01124,Noah Jones,1984-04-13,retail,Toronto,ON,2025-09-03,2025-09-03
CUST01125,Robert Cote,1958-05-15,retail,Edmonton,AB,2024-04-19,2024-04-19
CUST01126,Noah Garcia,1996-12-12,retail,Montreal,QC,2024-11-30,2024-11-30
CUST01127,Fatima Kim,1984-10-10,premium,Toronto,ON,2024-05-04,2024-05-04
CUST01127,Fatima Kim,1984-10-10,premium,Quebec City,QC,2024-05-04,2024-09-19
CUST01128,Anthony Brown,1977-10-09,retail,Toronto,ON,2023-06-28,2023-06-28
CUST01129,ELIZABETH garcia,1982-08-06,retail,Mississauga,ON,2024-12-24,2024-12-24
CUST01130,David Singh,1989-08-28,premium,Vancouver,BC,2023-10-15,2023-10-15
CUST01131,Daniel Martinez,1961-07-28,retail,Calgary,AB,2025-06-21,2025-06-21
CUST01132,Daniel Williams,1990-05-19,retail,Winnipeg,MB,2024-06-22,2024-06-22
CUST01132,Daniel Williams,1990-05-19,premium,Toronto,ON,2024-06-22,2025-07-16
CUST01133,Linda Khan,1959-06-13,retail,Toronto,ON,2024-08-18,2024-08-18
CUST01134,Linda Patel,1981-04-21,retail,Edmonton,AB,2025-08-12,2025-08-12
CUST01135,Patricia Williams,1985-08-12,premium,Ottawa,ON,2025-06-06,2025-06-06
CUST01136,Fatima Singh,1992-09-21,premium,Hamilton,ON,2023-08-23,2023-08-23
CUST01137,Anthony Jones,2000-12-22,retail,Winnipeg,MB,2023-03-06,2023-03-06
CUST01137,Anthony Jones,2000-12-22,premium,Surrey,BC,2023-03-06,2024-06-21
CUST01138,Anthony Miller,1952-01-22,retail,Toronto,ON,2025-05-16,2025-05-16
CUST01138,Anthony Miller,1952-01-22,retail,Vancouver,BC,2025-05-16,2025-08-19
CUST01139,Elizabeth Nguyen,1973-04-11,retail,Calgary,AB,2024-01-12,2024-01-12
CUST01140,Sarah Martinez,1987-08-08,retail,Ottawa,ON,2025-09-13,2025-09-13
CUST01141,Sofia Kim,2001-03-02,business,Surrey,BC,2025-03-07,2025-03-07
CUST01142,Michael Williams,1962-12-22,retail,Halifax,NS,2024-10-25,2024-10-25
CUST01143,Emma Wilson,1991-02-24,retail,Toronto,ON,2023-10-30,2023-10-30
CUST01144,Amir Kim,1950-05-01,retail,Vancouver,BC,2025-07-11,2025-07-11
CUST01145,Chen Tremblay,1966-11-02,retail,Mississauga,ON,2025-05-10,2025-05-10
CUST01146,Michael Lee,2001-10-01,business,Hamilton,ON,2023-01-30,2023-01-30
CUST01147,Elizabeth Chan,1990-11-29,retail,Mississauga,ON,2025-04-27,2025-04-27
CUST01148,Lisa Wilson,1991-03-01,business,Mississauga,ON,2025-05-27,2025-05-27
CUST01149,Matthew Patel,1989-04-01,premium,Vancouver,BC,2024-08-03,2024-08-03
CUST01150,Patricia Williams,1951-06-23,retail,Mississauga,ON,2025-04-22,2025-04-22
CUST01151,Priya Brown,2002-02-22,retail,Winnipeg,MB,2023-03-08,2023-03-08
CUST01152,Noah Nguyen,1967-07-19,retail,Montreal,QC,2025-08-19,2025-08-19
CUST01153,Nancy Kim,1985-07-05,premium,Winnipeg,MB,2023-01-16,2023-01-16
CUST01154,DAVID cote,1987-03-17,retail,Vancouver,BC,2024-05-09,2024-05-09
CUST01154,DAVID cote,1987-03-17,premium,Ottawa,ON,2024-05-09,2024-07-21
CUST01155,Emma Chan,1980-01-24,retail,Halifax,NS,2023-12-16,2023-12-16
CUST01156,Karen Miller,1954-08-18,retail,Quebec City,QC,2025-05-28,2025-05-28
CUST01157,JENNIFER patel,1989-03-29,retail,Surrey,BC,2024-04-18,2024-04-18
CUST01158,Chen Tremblay,1973-05-07,premium,Calgary,AB,2023-11-22,2023-11-22
CUST01158,Chen Tremblay,1973-05-07,premium,Toronto,ON,2023-11-22,2024-08-31
CUST01159,Wei Jones,1998-10-11,retail,,ON,2023-06-11,2023-06-11
CUST01160,Nancy Gagnon,1966-09-27,premium,Winnipeg,MB,2024-05-05,2024-05-05
CUST01161,Emma Davis,1983-12-03,premium,Halifax,NS,2024-06-17,2024-06-17
CUST01162,Chen Smith,1959-04-12,business,Winnipeg,MB,2023-08-16,2023-08-16
CUST01162,Chen Smith,1959-04-12,business,Vancouver,BC,2023-08-16,2024-03-07
CUST01163,John Williams,1968-08-28,premium,Edmonton,AB,2025-03-11,2025-03-11
CUST01164,Anthony Gagnon,1987-09-03,retail,Mississauga,ON,2025-02-07,2025-02-07
CUST01165,Jennifer Garcia,1966-01-11,retail,Vancouver,BC,2023-03-06,2023-03-06
CUST01166,Fatima Roy,1996-10-22,retail,Montreal,QC,2024-06-05,2024-06-05
CUST01166,Fatima Roy,1996-10-22,premium,Montreal,QC,2024-06-05,2024-08-15
CUST01167,Robert Miller,1969-06-19,retail,Surrey,BC,2023-03-02,2023-03-02
CUST01168,Robert Rodriguez,1958-04-02,retail,Vancouver,BC,2024-12-14,2024-12-14
CUST01169,Olivia Singh,1985-11-18,retail,Calgary,AB,2024-01-31,2024-01-31
CUST01170,Sofia Rodriguez,2002-09-18,retail,Calgary,AB,2024-09-30,2024-09-30
CUST01171,Matthew Nguyen,1974-05-17,retail,Calgary,AB,2024-10-14,2024-10-14
CUST01172,Wei Lee,1955-10-07,premium,Surrey,BC,2025-07-09,2025-07-09
CUST01173,Wei Kim,1997-08-05,retail,Vancouver,BC,2024-12-22,2024-12-22
CUST01174,Matthew Garcia,1969-04-22,retail,Surrey,BC,2025-01-31,2025-01-31
CUST01174,Matthew Garcia,1969-04-22,retail,Halifax,NS,2025-01-31,2025-09-11
CUST01175,Sarah Miller,1978-11-06,retail,Edmonton,AB,2024-04-21,2024-04-21
CUST01176,Lisa Miller,1956-09-17,retail,Mississauga,ON,2025-05-13,2025-05-13
CUST01177,Michael Miller,1994-09-26,premium,Toronto,ON,2023-04-06,2023-04-06
CUST01177,Michael Miller,1994-09-26,retail,Quebec City,QC,2023-04-06,2023-08-31
CUST01178,Karen Davis,1951-08-08,retail,Quebec City,QC,2023-01-10,2023-01-10
CUST01179,Karen Johnson,1953-07-05,business,Montreal,QC,2024-11-21,2024-11-21
CUST01180,MATTHEW martinez,1981-01-09,retail,Vancouver,BC,2025-03-30,2025-03-30
CUST01181,Mary Patel,1990-10-13,retail,Vancouver,BC,2025-10-07,2025-10-07
CUST01182,Fatima Brown,1950-12-07,retail,Toronto,ON,2023-10-12,2023-10-12
CUST01183,Matthew Davis,1983-02-04,retail,Ottawa,ON,2023-01-11,2023-01-11
CUST01184,Olivia Johnson,1977-04-19,retail,Mississauga,ON,2023-06-03,2023-06-03
CUST01185,Karen Rodriguez,1962-05-12,retail,Halifax,NS,2025-08-01,2025-08-01
CUST01186,Ava Kim,1960-12-23,retail,Winnipeg,MB,2025-12-04,2025-12-04
CUST01187,David Wilson,1958-03-28,retail,Halifax,NS,2024-06-24,2024-06-24
CUST01188,EMMA davis,1968-06-21,retail,Winnipeg,MB,2023-06-09,2023-06-09
CUST01189,Amir Miller,1966-11-10,premium,Edmonton,AB,2025-09-25,2025-09-25
CUST01190,Lisa Chan,1977-12-22,premium,Surrey,BC,2025-07-18,2025-07-18
CUST01190,Lisa Chan,1977-12-22,business,Hamilton,ON,2025-07-18,2025-11-21
CUST01191,KAREN nguyen,1985-11-26,retail,Quebec City,QC,2024-01-20,2024-01-20
CUST01192,Ava Tremblay,1991-05-10,retail,Winnipeg,MB,2023-08-08,2023-08-08
CUST01193,Jennifer Rodriguez,1997-08-18,retail,Toronto,ON,2025-07-16,2025-07-16
CUST01194,Daniel Kim,1995-01-20,retail,Hamilton,ON,2025-06-01,2025-06-01
CUST01195,Patricia Johnson,1987-11-30,retail,Winnipeg,MB,2024-02-02,2024-02-02
CUST01196,Lisa Roy,1959-10-18,retail,Edmonton,AB,2023-04-13,2023-04-13
CUST01197,Mary Johnson,1955-11-28,retail,Quebec City,QC,2025-12-25,2025-12-25
CUST01198,Sofia Patel,1969-09-23,retail,Calgary,AB,2024-07-03,2024-07-03
CUST01199,Chen Martinez,1950-04-12,retail,Halifax,NS,2023-07-13,2023-07-13
CUST01200,Liam Martinez,1978-04-09,retail,Halifax,NS,2023-05-23,2023-05-23
CUST01201,James Cote,1951-11-14,retail,Edmonton,AB,2023-12-30,2023-12-30
CUST01202,Noah Smith,1992-07-05,retail,Quebec City,QC,2023-01-03,2023-01-03
CUST01202,Noah Smith,1992-07-05,premium,Toronto,ON,2023-01-03,2024-04-26
CUST01203,ELIZABETH davis,1963-02-25,retail,Montreal,QC,2023-07-12,2023-07-12
CUST01204,Anthony Lee,1993-08-24,retail,,QC,2024-06-03,2024-06-03
CUST01205,Sofia Wilson,2003-06-13,premium,Montreal,QC,2025-09-18,2025-09-18
CUST01206,James Jones,1962-09-16,premium,Calgary,AB,2025-01-01,2025-01-01
CUST01207,Matthew Lee,1967-05-23,premium,Hamilton,ON,2025-02-12,2025-02-12
CUST01208,Amir Khan,1997-04-09,business,Edmonton,AB,2023-12-25,2023-12-25
CUST01209,Karen Tremblay,1974-10-14,business,Calgary,AB,2024-09-25,2024-09-25
CUST01210,Emma Roy,1990-10-28,retail,Mississauga,ON,2024-12-11,2024-12-11
CUST01211,Amir Jones,1996-12-08,retail,Edmonton,AB,2024-08-16,2024-08-16
CUST01212,Elizabeth Williams,1953-09-03,retail,Vancouver,BC,2024-03-21,2024-03-21
CUST01212,Elizabeth Williams,1953-09-03,retail,Toronto,ON,2024-03-21,2024-10-23
CUST01213,Amir Smith,1981-06-02,retail,Toronto,ON,2024-08-03,2024-08-03
CUST01214,Priya Jones,1962-10-19,premium,Mississauga,ON,2024-02-07,2024-02-07
CUST01215,Mary Singh,1984-08-26,retail,Surrey,BC,2025-05-15,2025-05-15
CUST01216,Elizabeth Roy,1989-02-05,retail,Vancouver,BC,2024-10-22,2024-10-22
CUST01217,DAVID jones,1977-01-04,retail,Calgary,AB,2024-09-16,2024-09-16
CUST01218,Priya Garcia,1989-03-13,premium,Calgary,AB,2023-07-16,2023-07-16
CUST01219,Amir Lee,1991-11-09,retail,Edmonton,AB,2025-05-11,2025-05-11
CUST01220,James Kim,1977-02-16,premium,Mississauga,ON,2024-05-11,2024-05-11
CUST01221,Wei Martinez,1985-03-24,premium,,ON,2023-09-15,2023-09-15
CUST01222,Ava Chan,1957-08-06,premium,Edmonton,AB,2023-04-23,2023-04-23
CUST01222,Ava Chan,1957-08-06,premium,Mississauga,ON,2023-04-23,2024-04-21
CUST01223,Wei Singh,1955-06-18,retail,Halifax,NS,2023-09-06,2023-09-06
CUST01224,Mary Miller,1994-06-09,retail,Montreal,QC,2023-10-07,2023-10-07
CUST01225,Elizabeth Gagnon,1950-07-31,premium,Vancouver,BC,2025-09-20,2025-09-20
CUST01226,Fatima Brown,1968-04-30,retail,Montreal,QC,2023-08-01,2023-08-01
CUST01227,Mary Brown,1966-07-06,retail,Vancouver,BC,2024-04-26,2024-04-26
CUST01228,Amir Nguyen,1988-10-15,retail,Winnipeg,MB,2023-10-27,2023-10-27
CUST01229,Amir Davis,1999-01-17,retail,Ottawa,ON,2024-02-15,2024-02-15
CUST01230,Wei Singh,1985-02-04,retail,Surrey,BC,2025-03-01,2025-03-01
CUST01231,MATTHEW jones,1960-10-11,retail,Toronto,ON,2025-03-08,2025-03-08
CUST01232,Amir Roy,1981-10-28,retail,Edmonton,AB,2023-10-13,2023-10-13
CUST01233,Jennifer Lee,1995-02-23,premium,Montreal,QC,2024-03-07,2024-03-07
CUST01234,John Garcia,2000-07-10,retail,Winnipeg,MB,2024-11-25,2024-11-25
CUST01235,Noah Cote,1956-02-14,business,Vancouver,BC,2025-09-17,2025-09-17
CUST01236,Wei Chan,1961-08-11,retail,Winnipeg,MB,2024-10-25,2024-10-25
CUST01237,EMMA patel,1964-04-12,retail,Mississauga,ON,2024-04-19,2024-04-19
CUST01238,Anthony Wilson,1971-03-25,business,Hamilton,ON,2023-08-04,2023-08-04
CUST01239,NOAH kim,1972-06-21,retail,Mississauga,ON,2023-08-23,2023-08-23
CUST01240,Daniel Roy,1965-08-13,premium,Winnipeg,MB,2024-10-19,2024-10-19
CUST01240,Daniel Roy,1965-08-13,premium,Quebec City,QC,2024-10-19,2025-11-09
CUST01241,Michael Rodriguez,1975-09-01,retail,Edmonton,AB,2024-04-06,2024-04-06
CUST01242,OLIVIA miller,1958-08-19,retail,Mississauga,ON,2024-02-21,2024-02-21
CUST01242,OLIVIA miller,1958-08-19,premium,Calgary,AB,2024-02-21,2025-05-22
CUST01243,Ava Williams,1997-05-20,retail,Surrey,BC,2025-10-13,2025-10-13
CUST01244,Lisa Lee,2000-02-15,retail,Surrey,BC,2023-10-10,2023-10-10
CUST01245,Ava Williams,1996-05-28,retail,Quebec City,QC,2024-09-02,2024-09-02
CUST01245,Ava Williams,1996-05-28,retail,Surrey,BC,2024-09-02,2025-08-04
CUST01246,Emma Martinez,1982-02-09,retail,Vancouver,BC,2023-05-20,2023-05-20
CUST01247,Priya Tremblay,1994-11-11,premium,Hamilton,ON,2024-10-01,2024-10-01
CUST01248,PATRICIA tremblay,1973-08-07,business,Edmonton,AB,2023-03-03,2023-03-03
CUST01249,Noah Johnson,1979-07-28,retail,Ottawa,ON,2023-05-08,2023-05-08
CUST01250,Fatima Johnson,1987-05-06,business,Surrey,BC,2023-06-15,2023-06-15
CUST01250,Fatima Johnson,1987-05-06,retail,Toronto,ON,2023-06-15,2024-08-18
CUST01251,Anthony Chan,1988-09-17,retail,Hamilton,ON,2025-09-05,2025-09-05
CUST01252,James Johnson,1967-08-08,premium,Toronto,ON,2025-12-30,2025-12-30
CUST01253,James Khan,1983-11-05,retail,Edmonton,AB,2023-09-14,2023-09-14
CUST01253,James Khan,1983-11-05,business,Mississauga,ON,2023-09-14,2024-06-24
CUST01254,Daniel Lee,1955-03-14,retail,Hamilton,ON,2024-05-02,2024-05-02
CUST01255,Liam Khan,1951-05-04,retail,Quebec City,QC,2024-05-26,2024-05-26
CUST01255,Liam Khan,1951-05-04,retail,Vancouver,BC,2024-05-26,2024-10-25
CUST01256,Daniel Roy,1976-03-26,premium,Winnipeg,MB,2023-09-23,2023-09-23
CUST01256,Daniel Roy,1976-03-26,retail,Mississauga,ON,2023-09-23,2023-12-31
CUST01257,Priya Miller,1982-01-09,premium,Edmonton,AB,2024-03-27,2024-03-27
CUST01258,Priya Martinez,1974-01-01,retail,Winnipeg,MB,2024-10-15,2024-10-15
CUST01258,Priya Martinez,1974-01-01,business,Halifax,NS,2024-10-15,2025-07-12
CUST01259,Anthony Rodriguez,1962-04-21,retail,Mississauga,ON,2025-12-02,2025-12-02
CUST01260,Daniel Jones,1989-07-02,business,,ON,2025-07-18,2025-07-18
CUST01261,David Rodriguez,1957-07-31,retail,Quebec City,QC,2023-05-03,2023-05-03
CUST01262,Ava Patel,1970-02-19,retail,Calgary,AB,2024-02-26,2024-02-26
CUST01263,Amir Martinez,1981-03-15,retail,Toronto,ON,2023-02-23,2023-02-23
CUST01264,Emma Rodriguez,1952-06-15,retail,Quebec City,QC,2024-11-29,2024-11-29
CUST01265,Olivia Johnson,1975-10-15,retail,Mississauga,ON,2025-12-31,2025-12-31
CUST01266,Lisa Rodriguez,1991-12-05,business,,ON,2024-05-02,2024-05-02
CUST01267,David Williams,1976-07-16,premium,Hamilton,ON,2024-11-22,2024-11-22
CUST01268,David Cote,1951-02-09,premium,Vancouver,BC,2023-09-12,2023-09-12
CUST01269,Ava Garcia,1989-06-19,retail,Edmonton,AB,2023-01-19,2023-01-19
CUST01270,Ava Khan,2001-12-30,retail,Hamilton,ON,2023-06-12,2023-06-12
CUST01271,John Nguyen,1974-10-10,retail,Ottawa,ON,2024-06-15,2024-06-15
CUST01272,Robert Roy,1960-04-08,retail,Winnipeg,MB,2023-03-20,2023-03-20
CUST01273,Sarah Johnson,1955-06-16,premium,,QC,2024-06-14,2024-06-14
CUST01274,Ava Lee,2003-11-18,premium,Montreal,QC,2024-04-25,2024-04-25
CUST01275,Lisa Williams,2001-03-03,retail,Hamilton,ON,2025-01-30,2025-01-30
CUST01275,Lisa Williams,2001-03-03,retail,Vancouver,BC,2025-01-30,2025-11-04
CUST01276,Sarah Roy,1986-08-13,retail,Surrey,BC,2025-02-06,2025-02-06
CUST01277,Jennifer Lee,1963-06-19,retail,Toronto,ON,2023-02-22,2023-02-22
CUST01278,Sofia Chan,1969-04-11,premium,Quebec City,QC,2025-02-14,2025-02-14
CUST01279,Karen Gagnon,1970-02-24,business,Mississauga,ON,2025-10-28,2025-10-28
CUST01280,Priya Brown,1992-05-17,premium,Montreal,QC,2025-12-10,2025-12-10
CUST01281,Wei Martinez,1982-06-22,retail,Hamilton,ON,2024-04-17,2024-04-17
CUST01281,Wei Martinez,1982-06-22,premium,Edmonton,AB,2024-04-17,2024-10-17
CUST01282,Matthew Lee,1995-05-13,retail,Mississauga,ON,2023-06-06,2023-06-06
CUST01283,Nancy Kim,1961-03-29,retail,Hamilton,ON,2024-05-16,2024-05-16
CUST01284,Robert Roy,1980-08-23,premium,Vancouver,BC,2024-10-04,2024-10-04
CUST01285,Robert Tremblay,1967-10-10,retail,,AB,2024-01-04,2024-01-04
CUST01285,Robert Tremblay,1967-10-10,premium,Montreal,QC,2024-01-04,2024-07-16
CUST01286,Anthony Brown,1988-09-14,premium,Ottawa,ON,2023-02-19,2023-02-19
CUST01286,Anthony Brown,1988-09-14,business,Calgary,AB,2023-02-19,2024-01-16
CUST01287,Daniel Jones,1971-08-30,retail,Calgary,AB,2024-08-23,2024-08-23
CUST01288,Wei Roy,1954-01-22,retail,Quebec City,QC,2023-06-01,2023-06-01
CUST01289,Matthew Gagnon,1989-02-01,premium,Edmonton,AB,2024-08-15,2024-08-15
CUST01290,Liam Tremblay,1950-09-13,retail,Montreal,QC,2025-01-27,2025-01-27
CUST01291,Jennifer Chan,1958-09-11,retail,Halifax,NS,2024-04-20,2024-04-20
CUST01292,Lisa Tremblay,1988-04-12,premium,Montreal,QC,2024-08-07,2024-08-07
CUST01293,Robert Johnson,1968-11-25,premium,Halifax,NS,2025-05-31,2025-05-31
CUST01294,Patricia Lee,1975-10-29,retail,Vancouver,BC,2024-07-14,2024-07-14
CUST01295,DAVID roy,1974-12-31,business,Mississauga,ON,2023-10-16,2023-10-16
CUST01296,JENNIFER smith,1998-06-07,business,Quebec City,QC,2024-02-04,2024-02-04
CUST01296,JENNIFER smith,1998-06-07,business,Vancouver,BC,2024-02-04,2024-07-17
CUST01297,Wei Kim,1961-04-27,retail,Halifax,NS,2025-07-18,2025-07-18
CUST01298,AVA brown,1994-04-02,premium,Edmonton,AB,2024-06-22,2024-06-22
CUST01299,Amir Brown,1969-12-15,premium,Surrey,BC,2023-06-02,2023-06-02
CUST01300,Chen Chan,1978-03-30,premium,Winnipeg,MB,2023-03-20,2023-03-20
CUST01301,Sarah Miller,1953-03-13,retail,Montreal,QC,2023-01-17,2023-01-17
CUST01302,Linda Cote,1963-08-03,retail,Hamilton,ON,2025-09-19,2025-09-19
CUST01303,Michael Gagnon,1969-03-20,business,Mississauga,ON,2023-01-07,2023-01-07
CUST01304,Sofia Garcia,1973-08-08,retail,Toronto,ON,2025-02-17,2025-02-17
CUST01305,Lisa Cote,1970-10-21,premium,Ottawa,ON,2024-08-21,2024-08-21
CUST01306,Fatima Lee,1958-08-30,retail,Montreal,QC,2024-03-24,2024-03-24
CUST01307,Elizabeth Kim,1988-02-12,retail,Edmonton,AB,2023-08-26,2023-08-26
CUST01308,Daniel Patel,1993-05-26,retail,Halifax,NS,2025-09-28,2025-09-28
CUST01309,Lisa Miller,1978-12-30,retail,Calgary,AB,2024-06-19,2024-06-19
CUST01310,Matthew Patel,1974-01-27,business,Vancouver,BC,2025-09-21,2025-09-21
CUST01311,Elizabeth Nguyen,1964-12-10,retail,Calgary,AB,2024-02-27,2024-02-27
CUST01312,Fatima Wilson,1951-10-15,retail,Ottawa,ON,2023-02-13,2023-02-13
CUST01313,Daniel Khan,1996-07-13,retail,Mississauga,ON,2024-03-07,2024-03-07
CUST01314,Priya Patel,1964-06-24,retail,Halifax,NS,2025-02-04,2025-02-04
CUST01315,James Johnson,1997-03-29,premium,Toronto,ON,2023-07-29,2023-07-29
CUST01315,James Johnson,1997-03-29,retail,Vancouver,BC,2023-07-29,2024-02-18
CUST01316,Chen Davis,1961-02-03,retail,Toronto,ON,2025-02-12,2025-02-12
CUST01317,DAVID williams,1987-04-08,retail,Mississauga,ON,2023-02-11,2023-02-11
CUST01318,Robert Brown,1985-02-02,retail,Halifax,NS,2024-02-02,2024-02-02
CUST01319,Matthew Chan,1974-08-03,retail,Halifax,NS,2025-07-28,2025-07-28
CUST01320,Anthony Patel,1969-12-09,retail,Vancouver,BC,2025-04-12,2025-04-12
CUST01321,Priya Chan,1994-08-04,retail,Hamilton,ON,2025-03-17,2025-03-17
CUST01322,Nancy Davis,1985-08-25,business,Quebec City,QC,2024-04-20,2024-04-20
CUST01322,Nancy Davis,1985-08-25,retail,Surrey,BC,2024-04-20,2024-11-25
CUST01323,Chen Williams,1968-08-19,retail,Mississauga,ON,2025-09-30,2025-09-30
CUST01324,EMMA singh,2000-11-01,premium,Montreal,QC,2024-04-21,2024-04-21
CUST01325,Liam Wilson,2000-09-19,retail,Ottawa,ON,2025-04-12,2025-04-12
CUST01326,Priya Singh,1971-02-24,retail,Montreal,QC,2024-10-21,2024-10-21
CUST01327,Liam Williams,1956-12-14,retail,,ON,2025-02-08,2025-02-08
CUST01328,Patricia Garcia,1960-03-13,retail,Hamilton,ON,2023-03-21,2023-03-21
CUST01329,Lisa Singh,1999-01-30,premium,Ottawa,ON,2025-05-06,2025-05-06
CUST01330,Elizabeth Cote,1983-05-05,retail,Vancouver,BC,2023-12-06,2023-12-06
CUST01331,Fatima Lee,1992-05-10,retail,Montreal,QC,2025-08-05,2025-08-05
CUST01332,Ava Jones,1992-07-06,retail,Ottawa,ON,2023-01-21,2023-01-21
CUST01333,James Martinez,1958-06-03,retail,Halifax,NS,2025-07-28,2025-07-28
CUST01334,Jennifer Williams,1970-04-12,retail,Surrey,BC,2024-12-07,2024-12-07
CUST01335,Emma Kim,1982-12-13,premium,Quebec City,QC,2025-04-05,2025-04-05
CUST01336,Michael Williams,1969-06-02,retail,Quebec City,QC,2024-07-27,2024-07-27
CUST01336,Michael Williams,1969-06-02,premium,Quebec City,QC,2024-07-27,2025-06-19
CUST01337,Karen Wilson,2003-02-16,premium,Quebec City,QC,2024-07-21,2024-07-21
CUST01338,ANTHONY miller,1970-10-19,retail,Ottawa,ON,2024-03-19,2024-03-19
CUST01338,ANTHONY miller,1970-10-19,business,Edmonton,AB,2024-03-19,2024-08-10
CUST01339,Sarah Williams,1989-06-12,retail,Toronto,ON,2025-05-21,2025-05-21
CUST01340,Patricia Davis,1984-08-03,retail,Montreal,QC,2025-08-29,2025-08-29
CUST01341,John Roy,1974-12-01,business,Hamilton,ON,2023-10-20,2023-10-20
CUST01342,Olivia Rodriguez,1989-01-23,retail,Winnipeg,MB,2024-12-14,2024-12-14
CUST01343,Noah Cote,1969-03-07,premium,Surrey,BC,2024-01-27,2024-01-27
CUST01344,James Miller,1967-06-27,retail,Edmonton,AB,2023-01-12,2023-01-12
CUST01345,David Chan,1953-01-03,retail,Toronto,ON,2024-07-17,2024-07-17
CUST01346,Sofia Rodriguez,2001-05-02,retail,Vancouver,BC,2023-03-04,2023-03-04
CUST01347,CHEN nguyen,1998-12-12,retail,,AB,2023-08-01,2023-08-01
CUST01348,Robert Garcia,1960-09-18,retail,Ottawa,ON,2023-04-25,2023-04-25
CUST01349,Ava Khan,1967-06-03,business,Vancouver,BC,2023-02-04,2023-02-04
CUST01350,SOFIA garcia,1982-11-10,premium,Quebec City,QC,2025-11-23,2025-11-23
CUST01351,Amir Cote,1994-12-29,retail,Toronto,ON,2023-10-30,2023-10-30
CUST01352,David Roy,1986-09-19,retail,Hamilton,ON,2023-12-21,2023-12-21
CUST01353,Elizabeth Rodriguez,1980-08-19,retail,Montreal,QC,2025-08-12,2025-08-12
CUST01354,Nancy Williams,1966-05-17,business,Mississauga,ON,2023-06-26,2023-06-26
CUST01355,NOAH garcia,1983-08-08,retail,Toronto,ON,2025-07-31,2025-07-31
CUST01356,Emma Cote,1967-02-22,business,Winnipeg,MB,2023-09-29,2023-09-29
CUST01357,David Jones,1970-04-10,retail,Quebec City,QC,2024-01-21,2024-01-21
CUST01358,David Nguyen,1981-11-11,retail,Vancouver,BC,2025-01-14,2025-01-14
CUST01359,Chen Cote,2002-07-03,retail,Ottawa,ON,2025-02-28,2025-02-28
CUST01360,Matthew Lee,1975-11-25,premium,Winnipeg,MB,2024-02-29,2024-02-29
CUST01361,Liam Rodriguez,1968-11-26,retail,Mississauga,ON,2024-06-12,2024-06-12
CUST01362,Lisa Cote,1962-07-18,retail,Winnipeg,MB,2025-08-14,2025-08-14
CUST01363,Wei Johnson,1982-03-13,premium,Surrey,BC,2023-01-17,2023-01-17
CUST01364,Patricia Garcia,1991-11-19,retail,Surrey,BC,2024-01-17,2024-01-17
CUST01365,Wei Tremblay,1985-10-29,retail,Halifax,NS,2025-08-27,2025-08-27
CUST01366,Sarah Singh,1953-08-07,retail,Winnipeg,MB,2024-04-24,2024-04-24
CUST01367,Matthew Kim,1985-12-14,business,Vancouver,BC,2023-02-28,2023-02-28
CUST01368,Fatima Chan,2000-12-15,business,Hamilton,ON,2023-10-13,2023-10-13
CUST01369,John Martinez,1991-02-26,premium,,ON,2025-03-21,2025-03-21
CUST01369,John Martinez,1991-02-26,retail,Vancouver,BC,2025-03-21,2025-08-16
CUST01370,Jennifer Davis,1971-12-16,retail,Hamilton,ON,2023-11-12,2023-11-12
CUST01371,Anthony Garcia,1999-04-30,retail,Surrey,BC,2025-03-18,2025-03-18
CUST01372,Emma Nguyen,1958-08-06,retail,Halifax,NS,2025-03-04,2025-03-04
CUST01373,Sarah Martinez,1988-02-04,premium,Winnipeg,MB,2025-03-17,2025-03-17
CUST01374,Wei Smith,1965-12-25,premium,Hamilton,ON,2024-04-26,2024-04-26
CUST01375,Fatima Roy,1970-08-23,business,Calgary,AB,2023-10-10,2023-10-10
CUST01376,John Wilson,1988-03-11,retail,Calgary,AB,2023-11-05,2023-11-05
CUST01377,Mary Rodriguez,1985-09-22,retail,Calgary,AB,2025-11-25,2025-11-25
CUST01378,Liam Brown,1951-02-05,premium,Winnipeg,MB,2023-11-26,2023-11-26
CUST01379,Nancy Smith,1986-01-15,retail,Edmonton,AB,2025-05-15,2025-05-15
CUST01380,Chen Brown,1990-05-25,premium,Quebec City,QC,2025-10-25,2025-10-25
CUST01381,Priya Lee,1988-01-17,premium,Mississauga,ON,2025-12-24,2025-12-24
CUST01382,SARAH tremblay,1990-10-27,retail,Vancouver,BC,2025-06-09,2025-06-09
CUST01383,Nancy Lee,1983-02-18,premium,Toronto,ON,2024-05-31,2024-05-31
CUST01384,JAMES khan,1982-01-07,retail,Vancouver,BC,2025-05-04,2025-05-04
CUST01385,Fatima Brown,1997-08-30,premium,Surrey,BC,2025-03-22,2025-03-22
CUST01386,Robert Gagnon,1974-08-24,retail,Edmonton,AB,2024-12-08,2024-12-08
CUST01387,Emma Chan,1956-11-12,retail,Quebec City,QC,2024-10-30,2024-10-30
CUST01388,Chen Brown,1957-01-24,retail,Calgary,AB,2024-11-22,2024-11-22
CUST01389,James Garcia,1957-02-10,retail,Halifax,NS,2025-06-06,2025-06-06
CUST01390,Elizabeth Roy,1971-11-14,retail,Montreal,QC,2023-04-11,2023-04-11
CUST01391,Matthew Rodriguez,1966-08-30,retail,Halifax,NS,2024-07-20,2024-07-20
CUST01392,JENNIFER cote,1986-07-13,retail,Vancouver,BC,2024-02-29,2024-02-29
CUST01392,JENNIFER cote,1986-07-13,premium,Edmonton,AB,2024-02-29,2024-09-12
CUST01393,Chen Wilson,1951-08-16,retail,Mississauga,ON,2024-10-26,2024-10-26
CUST01394,Fatima Nguyen,2003-05-27,retail,Quebec City,QC,2024-11-04,2024-11-04
CUST01395,Sarah Wilson,1989-11-13,retail,Surrey,BC,2023-11-07,2023-11-07
CUST01396,Sofia Garcia,1986-02-24,retail,Winnipeg,MB,2023-03-08,2023-03-08
CUST01396,Sofia Garcia,1986-02-24,business,Montreal,QC,2023-03-08,2024-01-11
CUST01397,John Miller,1983-02-14,business,Halifax,NS,2024-09-14,2024-09-14
CUST01398,James Jones,1981-07-19,retail,Quebec City,QC,2025-06-02,2025-06-02
CUST01399,Elizabeth Khan,1971-01-22,retail,Halifax,NS,2025-02-07,2025-02-07
CUST01400,Ava Brown,1968-12-16,retail,Mississauga,ON,2023-08-15,2023-08-15
CUST01401,Noah Patel,1969-07-15,retail,Montreal,QC,2025-05-06,2025-05-06
CUST01402,Chen Brown,1978-07-05,premium,Winnipeg,MB,2025-10-25,2025-10-25
CUST01403,Anthony Nguyen,1990-04-28,premium,Vancouver,BC,2023-11-18,2023-11-18
CUST01404,Priya Wilson,1958-10-27,retail,Edmonton,AB,2025-02-24,2025-02-24
CUST01405,Michael Gagnon,1962-06-07,retail,Toronto,ON,2025-10-27,2025-10-27
CUST01406,James Wilson,2001-01-28,retail,Quebec City,QC,2025-08-24,2025-08-24
CUST01407,Olivia Gagnon,1967-04-27,retail,Calgary,AB,2023-11-27,2023-11-27
CUST01408,Anthony Miller,1955-10-25,retail,Surrey,BC,2023-03-05,2023-03-05
CUST01409,Fatima Nguyen,1991-05-25,premium,Hamilton,ON,2025-10-21,2025-10-21
CUST01410,Ava Garcia,1956-04-07,retail,Hamilton,ON,2023-01-15,2023-01-15
CUST01411,Lisa Singh,1987-06-03,retail,Calgary,AB,2024-06-16,2024-06-16
CUST01412,Fatima Gagnon,1989-05-05,premium,Montreal,QC,2025-09-11,2025-09-11
CUST01413,Emma Johnson,1995-11-23,retail,Surrey,BC,2025-06-20,2025-06-20
CUST01414,Noah Tremblay,1982-11-17,premium,Mississauga,ON,2025-04-25,2025-04-25
CUST01415,Anthony Miller,1956-08-24,retail,Vancouver,BC,2025-07-27,2025-07-27
CUST01416,David Wilson,1979-09-01,retail,Vancouver,BC,2025-07-11,2025-07-11
CUST01417,Noah Jones,1952-04-30,retail,Ottawa,ON,2024-03-28,2024-03-28
CUST01418,Elizabeth Garcia,1992-08-22,retail,Quebec City,QC,2025-06-19,2025-06-19
CUST01419,Robert Jones,1984-06-21,retail,,QC,2024-06-10,2024-06-10
CUST01420,Elizabeth Jones,1982-09-02,retail,Quebec City,QC,2025-11-07,2025-11-07
CUST01421,Fatima Garcia,2002-09-04,retail,Surrey,BC,2025-10-23,2025-10-23
CUST01422,Anthony Gagnon,1993-03-31,premium,Ottawa,ON,2023-12-26,2023-12-26
CUST01423,John Wilson,1970-02-15,retail,Hamilton,ON,2023-11-04,2023-11-04
CUST01424,Chen Miller,2001-01-31,retail,Surrey,BC,2023-01-25,2023-01-25
CUST01425,Lisa Davis,1952-12-12,retail,Halifax,NS,2025-03-27,2025-03-27
CUST01426,David Khan,1998-03-30,premium,Montreal,QC,2023-06-12,2023-06-12
CUST01427,Linda Davis,1966-05-23,premium,Vancouver,BC,2024-05-16,2024-05-16
CUST01428,Fatima Rodriguez,1967-01-18,retail,Montreal,QC,2023-05-11,2023-05-11
CUST01429,Michael Davis,2002-02-24,retail,Hamilton,ON,2025-09-04,2025-09-04
CUST01430,SARAH gagnon,1960-06-11,retail,Mississauga,ON,2025-06-24,2025-06-24
CUST01431,Michael Roy,1950-11-11,retail,Edmonton,AB,2025-05-30,2025-05-30
CUST01432,Noah Gagnon,1990-12-07,retail,Hamilton,ON,2023-01-02,2023-01-02
CUST01433,Chen Garcia,1996-02-18,retail,Surrey,BC,2024-08-04,2024-08-04
CUST01434,Linda Wilson,1995-02-18,retail,Vancouver,BC,2024-09-24,2024-09-24
CUST01435,Jennifer Singh,1995-09-18,retail,Toronto,ON,2025-08-21,2025-08-21
CUST01436,Amir Martinez,1989-10-05,business,Mississauga,ON,2024-12-02,2024-12-02
CUST01437,Noah Brown,1995-01-07,retail,Hamilton,ON,2024-09-17,2024-09-17
CUST01437,Noah Brown,1995-01-07,retail,Quebec City,QC,2024-09-17,2025-04-18
CUST01438,Amir Jones,1985-07-19,retail,Surrey,BC,2023-12-18,2023-12-18
CUST01439,Lisa Singh,1987-05-28,retail,Winnipeg,MB,2024-07-05,2024-07-05
CUST01440,Emma Martinez,1979-12-10,retail,Surrey,BC,2024-12-25,2024-12-25
CUST01441,Wei Patel,1986-04-02,retail,Calgary,AB,2023-04-24,2023-04-24
CUST01442,Nancy Rodriguez,1968-02-22,premium,Toronto,ON,2024-03-03,2024-03-03
CUST01443,James Wilson,1979-03-22,premium,Calgary,AB,2024-02-13,2024-02-13
CUST01444,David Brown,1979-03-15,retail,Mississauga,ON,2025-09-09,2025-09-09
CUST01445,Mary Cote,1993-09-11,retail,Calgary,AB,2024-05-26,2024-05-26
CUST01446,Patricia Johnson,1998-04-04,retail,Winnipeg,MB,2025-01-26,2025-01-26
CUST01447,Liam Williams,1987-02-14,business,Surrey,BC,2023-11-07,2023-11-07
CUST01448,Priya Williams,2001-05-20,retail,Edmonton,AB,2024-06-17,2024-06-17
CUST01449,Robert Williams,1978-03-02,premium,Halifax,NS,2025-01-09,2025-01-09
CUST01450,Jennifer Wilson,1982-06-30,retail,Edmonton,AB,2024-11-13,2024-11-13
CUST01451,Fatima Smith,1986-11-08,retail,Ottawa,ON,2025-05-25,2025-05-25
CUST01452,Mary Chan,1989-03-23,retail,Surrey,BC,2023-03-07,2023-03-07
CUST01453,Priya Singh,1956-01-09,retail,Vancouver,BC,2023-06-04,2023-06-04
CUST01454,Priya Garcia,1957-11-14,premium,Montreal,QC,2025-08-17,2025-08-17
CUST01455,Noah Cote,1991-10-13,premium,Calgary,AB,2025-07-13,2025-07-13
CUST01456,Sarah Williams,1980-06-26,retail,Ottawa,ON,2025-07-18,2025-07-18
CUST01457,MATTHEW smith,1950-07-28,retail,Calgary,AB,2025-03-09,2025-03-09
CUST01458,David Davis,1979-04-21,retail,Quebec City,QC,2025-12-26,2025-12-26
CUST01459,Wei Lee,1963-09-10,premium,Halifax,NS,2024-01-22,2024-01-22
CUST01460,James Khan,1953-07-16,business,Quebec City,QC,2023-09-18,2023-09-18
CUST01461,Sarah Davis,1977-03-06,retail,Winnipeg,MB,2023-12-01,2023-12-01
CUST01462,Michael Lee,1989-06-11,retail,Toronto,ON,2023-09-10,2023-09-10
CUST01463,Liam Miller,1989-05-06,retail,Calgary,AB,2025-03-28,2025-03-28
CUST01464,Patricia Williams,2001-11-18,retail,Ottawa,ON,2025-11-23,2025-11-23
CUST01465,Liam Roy,1978-06-06,premium,Surrey,BC,2025-04-30,2025-04-30
CUST01466,DANIEL singh,1990-12-30,retail,Vancouver,BC,2023-02-03,2023-02-03
CUST01467,Ava Brown,1977-10-23,retail,Surrey,BC,2023-05-14,2023-05-14
CUST01468,SOFIA williams,1984-12-17,retail,Winnipeg,MB,2025-08-23,2025-08-23
CUST01469,Sarah Johnson,1965-11-29,premium,Ottawa,ON,2023-01-19,2023-01-19
CUST01470,Noah Johnson,1968-10-28,retail,Toronto,ON,2024-08-23,2024-08-23
CUST01471,Jennifer Garcia,1966-04-18,business,Montreal,QC,2025-01-17,2025-01-17
CUST01472,Anthony Miller,1983-06-25,retail,,BC,2024-06-27,2024-06-27
CUST01472,Anthony Miller,1983-06-25,retail,Edmonton,AB,2024-06-27,2024-09-09
CUST01473,Ava Jones,1983-10-29,retail,Calgary,AB,2025-12-11,2025-12-11
CUST01474,Linda Williams,1960-02-01,business,Calgary,AB,2025-09-01,2025-09-01
CUST01475,Nancy Jones,1950-01-24,premium,Quebec City,QC,2024-09-29,2024-09-29
CUST01476,Sarah Cote,1958-08-25,retail,Montreal,QC,2025-09-05,2025-09-05
CUST01477,Robert Davis,1962-10-17,retail,Montreal,QC,2024-04-06,2024-04-06
CUST01478,Elizabeth Roy,1972-06-27,retail,Mississauga,ON,2024-01-14,2024-01-14
CUST01479,Nancy Cote,2001-10-12,retail,Quebec City,QC,2024-06-30,2024-06-30
CUST01480,Amir Jones,1953-01-26,premium,Quebec City,QC,2025-02-27,2025-02-27
CUST01481,James Jones,1971-05-04,retail,,MB,2023-11-28,2023-11-28
CUST01482,Ava Lee,2001-10-13,retail,Hamilton,ON,2025-04-10,2025-04-10
CUST01483,Priya Nguyen,1996-02-27,premium,Mississauga,ON,2024-11-21,2024-11-21
CUST01484,Olivia Singh,1958-08-29,retail,Montreal,QC,2024-12-02,2024-12-02
CUST01485,Matthew Gagnon,1961-04-29,business,Toronto,ON,2023-07-13,2023-07-13
CUST01485,Matthew Gagnon,1961-04-29,retail,Halifax,NS,2023-07-13,2024-06-18
CUST01486,Ava Lee,1999-08-22,retail,Vancouver,BC,2023-06-19,2023-06-19
CUST01487,Emma Chan,1969-11-26,retail,Hamilton,ON,2023-02-04,2023-02-04
CUST01488,Noah Jones,1997-02-07,premium,Quebec City,QC,2023-04-07,2023-04-07
CUST01489,Lisa Garcia,1964-11-10,retail,Surrey,BC,2024-04-08,2024-04-08
CUST01490,Fatima Kim,1985-12-18,retail,Hamilton,ON,2024-08-30,2024-08-30
CUST01491,ANTHONY nguyen,1976-11-30,retail,Surrey,BC,2023-01-01,2023-01-01
CUST01492,Michael Roy,1955-04-25,business,Quebec City,QC,2025-04-20,2025-04-20
CUST01493,Olivia Davis,1987-08-05,premium,Calgary,AB,2025-03-11,2025-03-11
CUST01494,Linda Rodriguez,1961-01-28,premium,Ottawa,ON,2023-11-07,2023-11-07
CUST01495,Sarah Smith,1977-12-01,retail,Winnipeg,MB,2025-12-09,2025-12-09
CUST01496,Amir Nguyen,1998-07-23,premium,Vancouver,BC,2025-07-19,2025-07-19
CUST01497,Liam Wilson,1953-09-04,business,Vancouver,BC,2025-02-20,2025-02-20
CUST01498,Matthew Tremblay,1993-09-19,premium,Ottawa,ON,2024-08-19,2024-08-19
CUST01499,Fatima Roy,1994-05-14,retail,Surrey,BC,2025-06-04,2025-06-04
CUST01500,David Rodriguez,1979-07-03,retail,Vancouver,BC,2025-05-09,2025-05-09
CUST01501,James Brown,1971-10-12,premium,Halifax,NS,2025-10-10,2025-10-10
CUST01502,Noah Singh,2000-09-29,retail,Montreal,QC,2025-02-08,2025-02-08
CUST01503,Mary Roy,1958-11-05,retail,Mississauga,ON,2023-07-14,2023-07-14
CUST01504,Amir Roy,1953-07-30,premium,Calgary,AB,2024-12-12,2024-12-12
CUST01505,Ava Chan,1988-09-27,business,Toronto,ON,2023-02-22,2023-02-22
CUST01506,Sarah Brown,1952-07-18,business,Vancouver,BC,2025-07-24,2025-07-24
CUST01507,Daniel Lee,1954-04-16,retail,Hamilton,ON,2024-10-26,2024-10-26
CUST01508,Olivia Garcia,1999-02-06,retail,Hamilton,ON,2024-10-21,2024-10-21
CUST01509,Jennifer Singh,1998-04-15,retail,Mississauga,ON,2024-04-11,2024-04-11
CUST01510,John Gagnon,1994-08-10,retail,Calgary,AB,2024-01-17,2024-01-17
CUST01511,Anthony Lee,1982-06-06,premium,Surrey,BC,2023-11-23,2023-11-23
CUST01511,Anthony Lee,1982-06-06,business,Vancouver,BC,2023-11-23,2024-11-14
CUST01512,Sofia Gagnon,2000-03-26,retail,Montreal,QC,2023-12-31,2023-12-31
CUST01513,John Roy,1973-08-18,retail,Winnipeg,MB,2023-10-26,2023-10-26
CUST01514,Karen Brown,1976-05-14,premium,Halifax,NS,2023-06-18,2023-06-18
CUST01515,Linda Khan,1974-07-25,retail,Ottawa,ON,2023-02-23,2023-02-23
CUST01516,LINDA davis,1969-05-17,retail,Edmonton,AB,2023-10-25,2023-10-25
CUST01516,LINDA davis,1969-05-17,premium,Edmonton,AB,2023-10-25,2024-11-01
CUST01517,Matthew Khan,1967-04-01,business,Montreal,QC,2025-04-24,2025-04-24
CUST01518,Wei Patel,1982-08-27,retail,Halifax,NS,2024-06-23,2024-06-23
CUST01519,Linda Wilson,1962-01-25,retail,Montreal,QC,2024-10-20,2024-10-20
CUST01520,Priya Tremblay,1995-07-12,retail,Ottawa,ON,2025-09-01,2025-09-01
CUST01521,Linda Lee,1999-09-16,premium,Halifax,NS,2024-04-03,2024-04-03
CUST01521,Linda Lee,1999-09-16,retail,Edmonton,AB,2024-04-03,2025-04-14
CUST01522,Matthew Williams,1990-03-27,retail,Ottawa,ON,2023-04-28,2023-04-28
CUST01523,John Cote,1974-10-08,retail,Surrey,BC,2024-05-31,2024-05-31
CUST01524,Anthony Kim,1961-12-18,premium,Halifax,NS,2025-03-22,2025-03-22
CUST01525,Amir Martinez,1995-07-28,retail,Surrey,BC,2025-04-13,2025-04-13
CUST01526,Sarah Smith,1982-02-24,retail,Quebec City,QC,2023-09-03,2023-09-03
CUST01526,Sarah Smith,1982-02-24,retail,Halifax,NS,2023-09-03,2024-05-31
CUST01527,MICHAEL davis,1966-02-02,premium,Quebec City,QC,2024-01-07,2024-01-07
CUST01528,Sarah Williams,2001-06-30,business,Mississauga,ON,2025-03-04,2025-03-04
CUST01529,Ava Wilson,1981-11-11,retail,Ottawa,ON,2023-12-30,2023-12-30
CUST01530,Jennifer Rodriguez,1981-07-05,retail,Calgary,AB,2023-06-17,2023-06-17
CUST01531,JAMES roy,1955-04-23,business,,ON,2025-02-03,2025-02-03
CUST01532,James Smith,1952-06-25,retail,Surrey,BC,2025-02-06,2025-02-06
CUST01533,Fatima Singh,1980-12-22,retail,Ottawa,ON,2023-07-18,2023-07-18
CUST01534,Wei Garcia,1965-12-04,premium,Edmonton,AB,2025-11-05,2025-11-05
CUST01535,Priya Brown,1959-09-02,business,Vancouver,BC,2024-12-15,2024-12-15
CUST01536,Patricia Singh,1980-04-08,retail,Hamilton,ON,2025-07-20,2025-07-20
CUST01537,Nancy Brown,1980-05-09,retail,Winnipeg,MB,2024-05-19,2024-05-19
CUST01538,Michael Patel,1993-02-06,retail,Toronto,ON,2023-07-22,2023-07-22
CUST01539,Lisa Tremblay,1996-10-20,premium,Quebec City,QC,2025-03-18,2025-03-18
CUST01540,Robert Nguyen,1988-03-31,retail,Hamilton,ON,2025-04-07,2025-04-07
CUST01540,Robert Nguyen,1988-03-31,premium,Surrey,BC,2025-04-07,2025-07-29
CUST01541,Fatima Patel,1975-10-07,retail,Vancouver,BC,2023-04-23,2023-04-23
CUST01542,Elizabeth Tremblay,1998-09-12,business,Halifax,NS,2023-12-22,2023-12-22
CUST01543,Mary Martinez,1998-03-31,retail,Calgary,AB,2023-04-18,2023-04-18
CUST01544,LISA chan,1954-01-05,retail,Ottawa,ON,2024-03-15,2024-03-15
CUST01545,Sofia Wilson,1994-06-08,premium,Mississauga,ON,2024-02-28,2024-02-28
CUST01545,Sofia Wilson,1994-06-08,business,Hamilton,ON,2024-02-28,2024-11-09
CUST01546,Patricia Martinez,1979-09-04,business,Toronto,ON,2023-12-29,2023-12-29
CUST01547,Emma Patel,2003-09-19,retail,Toronto,ON,2024-05-19,2024-05-19
CUST01548,Amir Tremblay,1977-10-15,premium,Halifax,NS,2024-02-24,2024-02-24
CUST01549,Matthew Smith,1983-11-01,premium,Calgary,AB,2024-07-23,2024-07-23
CUST01550,David Roy,1985-06-24,retail,Toronto,ON,2023-03-27,2023-03-27
CUST01551,LINDA williams,1964-04-04,retail,Winnipeg,MB,2025-09-27,2025-09-27
CUST01552,Liam Rodriguez,1985-09-22,premium,Winnipeg,MB,2024-08-06,2024-08-06
CUST01553,Patricia Brown,1968-02-19,premium,Calgary,AB,2023-06-27,2023-06-27
CUST01553,Patricia Brown,1968-02-19,retail,Edmonton,AB,2023-06-27,2023-09-13
CUST01554,Patricia Davis,1966-07-20,premium,Toronto,ON,2023-06-21,2023-06-21
CUST01555,Fatima Lee,1989-08-28,premium,Edmonton,AB,2023-03-26,2023-03-26
CUST01556,Noah Miller,2001-01-11,retail,Halifax,NS,2023-01-30,2023-01-30
CUST01557,Jennifer Lee,1955-01-24,retail,Edmonton,AB,2025-03-12,2025-03-12
CUST01558,Linda Garcia,1989-05-16,retail,Winnipeg,MB,2023-02-21,2023-02-21
CUST01559,LISA martinez,1999-02-01,retail,Montreal,QC,2024-10-12,2024-10-12
CUST01560,PRIYA smith,1978-11-10,premium,Quebec City,QC,2025-01-28,2025-01-28
CUST01561,James Patel,1984-10-07,retail,Toronto,ON,2023-09-03,2023-09-03
CUST01561,James Patel,1984-10-07,retail,Mississauga,ON,2023-09-03,2024-08-07
CUST01562,Emma Singh,1975-05-05,retail,Quebec City,QC,2025-03-03,2025-03-03
CUST01563,Fatima Rodriguez,1990-10-26,business,Surrey,BC,2025-09-08,2025-09-08
CUST01564,Daniel Davis,1965-08-23,retail,Ottawa,ON,2025-03-06,2025-03-06
CUST01565,James Kim,1991-04-07,retail,Vancouver,BC,2025-04-20,2025-04-20
CUST01566,Karen Jones,1986-05-29,retail,Winnipeg,MB,2025-05-12,2025-05-12
CUST01567,Karen Nguyen,1985-10-14,retail,Surrey,BC,2023-09-30,2023-09-30
CUST01568,Michael Tremblay,1982-08-09,business,Hamilton,ON,2025-08-06,2025-08-06
CUST01569,Chen Martinez,1992-03-09,retail,Hamilton,ON,2023-08-11,2023-08-11
CUST01570,Noah Roy,1969-06-26,retail,Calgary,AB,2024-11-22,2024-11-22
CUST01571,Lisa Kim,1952-02-21,business,Ottawa,ON,2024-02-27,2024-02-27
CUST01572,Liam Cote,1986-01-20,premium,Quebec City,QC,2024-02-10,2024-02-10
CUST01573,Liam Jones,1997-08-08,retail,Edmonton,AB,2023-03-14,2023-03-14
CUST01573,Liam Jones,1997-08-08,retail,Toronto,ON,2023-03-14,2023-05-17
CUST01574,John Wilson,1963-07-06,retail,Surrey,BC,2024-03-12,2024-03-12
CUST01575,Sarah Tremblay,1965-09-20,retail,Edmonton,AB,2024-08-16,2024-08-16
CUST01576,Robert Garcia,1986-10-03,retail,Calgary,AB,2023-11-21,2023-11-21
CUST01577,DAVID davis,1963-02-27,retail,Mississauga,ON,2025-06-30,2025-06-30
CUST01578,Anthony Patel,1951-10-16,retail,Edmonton,AB,2025-01-12,2025-01-12
CUST01579,James Singh,1980-06-25,retail,Winnipeg,MB,2023-06-24,2023-06-24
CUST01579,James Singh,1980-06-25,retail,Winnipeg,MB,2023-06-24,2024-01-23
CUST01580,Robert Brown,1978-10-09,retail,Winnipeg,MB,2024-08-21,2024-08-21
CUST01580,Robert Brown,1978-10-09,retail,Edmonton,AB,2024-08-21,2025-08-24
CUST01581,Wei Kim,1972-09-02,retail,Ottawa,ON,2024-01-29,2024-01-29
CUST01582,James Singh,1954-09-01,business,Surrey,BC,2024-05-04,2024-05-04
CUST01583,Sarah Johnson,1991-02-05,premium,Vancouver,BC,2023-06-14,2023-06-14
CUST01584,Fatima Smith,1977-02-27,retail,Halifax,NS,2025-02-18,2025-02-18
CUST01585,Sofia Cote,1980-02-11,retail,Vancouver,BC,2025-01-21,2025-01-21
CUST01586,Matthew Wilson,1973-06-20,business,Ottawa,ON,2024-01-31,2024-01-31
CUST01587,AMIR williams,1995-08-25,business,Winnipeg,MB,2023-08-21,2023-08-21
CUST01588,Linda Williams,1963-10-26,retail,Ottawa,ON,2024-04-30,2024-04-30
CUST01588,Linda Williams,1963-10-26,premium,Halifax,NS,2024-04-30,2024-07-05
CUST01589,Ava Roy,1991-05-04,retail,Mississauga,ON,2024-11-08,2024-11-08
CUST01590,Robert Miller,1966-08-25,business,Halifax,NS,2023-07-07,2023-07-07
CUST01591,Amir Davis,1957-02-15,retail,Hamilton,ON,2025-03-03,2025-03-03
CUST01592,Michael Singh,1992-02-05,premium,Quebec City,QC,2024-08-12,2024-08-12
CUST01593,Nancy Garcia,1965-10-11,retail,Montreal,QC,2024-02-09,2024-02-09
CUST01594,Michael Brown,1966-11-19,premium,Halifax,NS,2024-01-19,2024-01-19
CUST01595,Karen Gagnon,1986-12-27,retail,Quebec City,QC,2025-11-03,2025-11-03
CUST01596,Daniel Davis,1972-07-30,retail,Montreal,QC,2024-07-30,2024-07-30
CUST01596,Daniel Davis,1972-07-30,retail,Halifax,NS,2024-07-30,2025-03-23
CUST01597,Noah Kim,1990-01-03,retail,Mississauga,ON,2023-01-25,2023-01-25
CUST01598,Noah Lee,1955-11-29,retail,Halifax,NS,2024-06-21,2024-06-21
CUST01599,Olivia Singh,1993-11-17,retail,Surrey,BC,2024-10-03,2024-10-03
CUST01600,Jennifer Johnson,1991-09-18,retail,Halifax,NS,2025-08-03,2025-08-03
CUST01601,Karen Nguyen,1962-09-30,retail,,AB,2025-02-28,2025-02-28
CUST01601,Karen Nguyen,1962-09-30,business,Calgary,AB,2025-02-28,2025-10-08
CUST01602,Chen Jones,1988-12-20,retail,Calgary,AB,2023-12-20,2023-12-20
CUST01603,JAMES patel,1980-04-06,retail,Edmonton,AB,2024-02-10,2024-02-10
CUST01604,Ava Khan,1993-08-25,retail,Vancouver,BC,2025-10-19,2025-10-19
CUST01605,Amir Johnson,1956-01-02,business,Surrey,BC,2024-10-24,2024-10-24
CUST01605,Amir Johnson,1956-01-02,premium,Edmonton,AB,2024-10-24,2025-09-14
CUST01606,Matthew Singh,1964-03-25,business,Toronto,ON,2024-11-24,2024-11-24
CUST01607,Patricia Roy,1980-08-08,retail,Ottawa,ON,2025-02-03,2025-02-03
CUST01608,Anthony Williams,1987-05-31,retail,Toronto,ON,2024-05-19,2024-05-19
CUST01609,Ava Wilson,1992-09-20,business,Winnipeg,MB,2024-07-28,2024-07-28
CUST01610,Michael Jones,2001-05-05,premium,Surrey,BC,2024-04-13,2024-04-13
CUST01611,Linda Singh,1951-09-28,retail,Quebec City,QC,2024-10-03,2024-10-03
CUST01612,FATIMA wilson,1991-07-06,retail,Mississauga,ON,2024-06-28,2024-06-28
CUST01613,Noah Rodriguez,1955-04-19,retail,Halifax,NS,2025-08-28,2025-08-28
CUST01614,Emma Roy,1974-06-21,retail,Edmonton,AB,2024-10-17,2024-10-17
CUST01615,Michael Gagnon,2003-08-12,business,Hamilton,ON,2023-09-04,2023-09-04
CUST01616,Lisa Chan,1983-09-26,retail,Vancouver,BC,2025-05-16,2025-05-16
CUST01617,Michael Jones,1987-10-23,retail,Vancouver,BC,2023-06-11,2023-06-11
CUST01618,Nancy Gagnon,2003-04-12,retail,Calgary,AB,2025-06-28,2025-06-28
CUST01619,David Miller,1975-07-20,retail,Halifax,NS,2023-11-30,2023-11-30
CUST01619,David Miller,1975-07-20,premium,Surrey,BC,2023-11-30,2024-02-24
CUST01620,Daniel Jones,1983-08-24,premium,Surrey,BC,2023-02-22,2023-02-22
CUST01621,Sarah Roy,1979-01-26,retail,Toronto,ON,2023-03-22,2023-03-22
CUST01622,Robert Singh,1962-07-21,business,Mississauga,ON,2023-11-07,2023-11-07
CUST01623,John Lee,1987-01-08,retail,Surrey,BC,2024-12-04,2024-12-04
CUST01624,Lisa Kim,1963-11-27,premium,Winnipeg,MB,2023-07-03,2023-07-03
CUST01624,Lisa Kim,1963-11-27,retail,Hamilton,ON,2023-07-03,2024-01-12
CUST01625,CHEN cote,1970-03-26,retail,Montreal,QC,2025-09-07,2025-09-07
CUST01626,ROBERT jones,1984-10-07,retail,Montreal,QC,2025-03-21,2025-03-21
CUST01627,Amir Kim,1967-12-15,retail,Montreal,QC,2023-03-15,2023-03-15
CUST01627,Amir Kim,1967-12-15,premium,Mississauga,ON,2023-03-15,2024-05-07
CUST01628,Daniel Chan,1963-08-30,retail,Ottawa,ON,2023-01-16,2023-01-16
CUST01629,Priya Lee,1968-02-01,retail,Montreal,QC,2024-06-08,2024-06-08
CUST01630,Patricia Gagnon,1989-12-21,retail,Vancouver,BC,2025-11-14,2025-11-14
CUST01631,Olivia Brown,1968-06-11,business,Halifax,NS,2024-02-14,2024-02-14
CUST01632,Sofia Cote,1977-03-20,premium,Hamilton,ON,2025-01-09,2025-01-09
CUST01633,Emma Rodriguez,1977-10-20,retail,Hamilton,ON,2023-01-26,2023-01-26
CUST01634,Anthony Patel,1985-01-21,retail,Halifax,NS,2023-12-05,2023-12-05
CUST01635,Olivia Cote,1959-08-16,retail,Hamilton,ON,2023-01-01,2023-01-01
CUST01636,DAVID smith,2000-12-19,retail,Vancouver,BC,2023-11-23,2023-11-23
CUST01637,Matthew Lee,1952-01-04,retail,Mississauga,ON,2024-09-01,2024-09-01
CUST01638,David Nguyen,1952-09-22,retail,Hamilton,ON,2025-09-02,2025-09-02
CUST01639,Nancy Tremblay,1974-03-25,retail,Halifax,NS,2023-02-16,2023-02-16
CUST01640,ROBERT miller,1983-11-11,retail,Mississauga,ON,2023-03-03,2023-03-03
CUST01641,Jennifer Smith,1955-08-27,premium,Quebec City,QC,2024-07-29,2024-07-29
CUST01642,David Smith,1966-11-15,retail,Winnipeg,MB,2024-04-25,2024-04-25
CUST01643,Mary Tremblay,1993-10-30,retail,Calgary,AB,2024-04-19,2024-04-19
CUST01644,John Roy,1992-05-22,retail,Surrey,BC,2023-12-02,2023-12-02
CUST01645,Priya Jones,1981-02-10,premium,Surrey,BC,2025-04-13,2025-04-13
CUST01646,Daniel Martinez,1994-05-14,premium,Ottawa,ON,2025-04-15,2025-04-15
CUST01647,Robert Wilson,1990-06-10,retail,Surrey,BC,2023-12-03,2023-12-03
CUST01648,Chen Jones,1964-04-21,retail,Quebec City,QC,2023-10-13,2023-10-13
CUST01649,Karen Williams,1994-12-25,premium,Calgary,AB,2023-03-27,2023-03-27
CUST01650,Priya Cote,1980-01-17,premium,Ottawa,ON,2025-09-28,2025-09-28
CUST01651,Priya Patel,1985-03-29,retail,Montreal,QC,2024-03-24,2024-03-24
CUST01652,Patricia Davis,1963-12-21,retail,Winnipeg,MB,2024-01-21,2024-01-21
CUST01653,Olivia Brown,1956-06-24,retail,Edmonton,AB,2024-09-19,2024-09-19
CUST01654,PRIYA gagnon,1967-02-19,business,Mississauga,ON,2023-02-18,2023-02-18
CUST01655,Emma Cote,1990-08-09,retail,Mississauga,ON,2023-09-01,2023-09-01
CUST01656,Sofia Roy,1983-08-21,retail,Vancouver,BC,2024-03-02,2024-03-02
CUST01657,Chen Roy,1994-01-30,retail,Quebec City,QC,2023-03-06,2023-03-06
CUST01658,Anthony Patel,1987-12-04,premium,Montreal,QC,2024-12-19,2024-12-19
CUST01659,Karen Johnson,1957-10-16,premium,Edmonton,AB,2025-08-30,2025-08-30
CUST01660,Emma Gagnon,1980-04-08,retail,Mississauga,ON,2024-05-09,2024-05-09
CUST01661,Priya Nguyen,1958-07-09,retail,Hamilton,ON,2023-01-22,2023-01-22
CUST01662,James Chan,1966-04-05,retail,Edmonton,AB,2025-08-06,2025-08-06
CUST01663,Priya Gagnon,2002-07-17,retail,Halifax,NS,2023-08-29,2023-08-29
CUST01664,Elizabeth Garcia,1979-09-25,retail,Toronto,ON,2025-05-23,2025-05-23
CUST01665,Michael Singh,1984-09-30,retail,Edmonton,AB,2023-12-28,2023-12-28
CUST01666,Sarah Cote,1970-07-10,premium,Quebec City,QC,2025-06-29,2025-06-29
CUST01666,Sarah Cote,1970-07-10,retail,Ottawa,ON,2025-06-29,2025-11-20
CUST01667,FATIMA tremblay,1982-11-24,retail,Toronto,ON,2025-05-30,2025-05-30
CUST01668,Chen Khan,1953-01-03,retail,Mississauga,ON,2024-07-25,2024-07-25
CUST01668,Chen Khan,1953-01-03,business,Vancouver,BC,2024-07-25,2024-11-06
CUST01669,Amir Lee,1971-10-28,retail,Edmonton,AB,2023-10-09,2023-10-09
CUST01670,Amir Miller,1998-12-23,retail,Edmonton,AB,2025-02-03,2025-02-03
CUST01671,Amir Garcia,2000-03-18,retail,Quebec City,QC,2023-03-23,2023-03-23
CUST01671,Amir Garcia,2000-03-18,retail,Calgary,AB,2023-03-23,2024-05-15
CUST01672,MARY chan,1973-11-08,retail,Toronto,ON,2025-12-22,2025-12-22
CUST01673,Ava Singh,1992-08-04,retail,Hamilton,ON,2025-09-06,2025-09-06
CUST01674,Chen Gagnon,1956-05-12,premium,Montreal,QC,2023-10-27,2023-10-27
CUST01674,Chen Gagnon,1956-05-12,retail,Mississauga,ON,2023-10-27,2025-01-18
CUST01675,John Tremblay,1987-02-05,retail,Ottawa,ON,2025-01-10,2025-01-10
CUST01676,Noah Kim,1985-05-28,premium,Toronto,ON,2023-02-26,2023-02-26
CUST01677,Nancy Roy,1961-06-04,premium,Hamilton,ON,2025-09-08,2025-09-08
CUST01678,Chen Gagnon,1996-10-06,retail,Ottawa,ON,2024-08-12,2024-08-12
CUST01679,Matthew Williams,1963-01-22,retail,Montreal,QC,2023-03-23,2023-03-23
CUST01680,Olivia Wilson,1979-05-07,premium,Vancouver,BC,2024-09-23,2024-09-23
CUST01681,Noah Tremblay,2003-10-09,retail,Halifax,NS,2023-10-09,2023-10-09
CUST01682,Sarah Khan,1955-08-25,retail,Montreal,QC,2024-05-30,2024-05-30
CUST01683,Fatima Chan,1979-01-31,retail,Hamilton,ON,2024-05-05,2024-05-05
CUST01684,Emma Wilson,1974-12-27,retail,Montreal,QC,2024-06-24,2024-06-24
CUST01685,Fatima Jones,1982-06-07,retail,Halifax,NS,2024-10-19,2024-10-19
CUST01686,Patricia Martinez,2003-08-30,retail,Winnipeg,MB,2024-11-21,2024-11-21
CUST01687,Linda Patel,2000-12-22,premium,Edmonton,AB,2025-07-29,2025-07-29
CUST01688,DAVID brown,1985-04-07,premium,Calgary,AB,2023-01-07,2023-01-07
CUST01689,Anthony Nguyen,1974-11-10,retail,Montreal,QC,2025-11-12,2025-11-12
CUST01690,Chen Singh,1989-03-22,retail,Quebec City,QC,2025-03-03,2025-03-03
CUST01691,Olivia Johnson,1974-11-19,premium,Toronto,ON,2023-08-09,2023-08-09
CUST01692,LIAM cote,2000-10-30,retail,Calgary,AB,2023-05-03,2023-05-03
CUST01693,David Martinez,1969-10-11,retail,Calgary,AB,2024-06-30,2024-06-30
CUST01694,James Khan,1969-09-22,retail,Quebec City,QC,2023-12-18,2023-12-18
CUST01695,Fatima Smith,1974-03-14,retail,Ottawa,ON,2025-09-22,2025-09-22
CUST01696,Linda Nguyen,1965-07-27,retail,,QC,2024-03-27,2024-03-27
CUST01697,Matthew Tremblay,1990-01-10,premium,Quebec City,QC,2024-03-13,2024-03-13
CUST01698,NANCY nguyen,1984-06-29,premium,Ottawa,ON,2025-02-17,2025-02-17
CUST01699,Amir Singh,1997-01-02,premium,Calgary,AB,2024-12-02,2024-12-02
CUST01700,Emma Nguyen,1962-12-19,retail,Quebec City,QC,2023-06-08,2023-06-08
CUST01701,Olivia Patel,1981-09-10,retail,Hamilton,ON,2025-04-09,2025-04-09
CUST01702,Karen Roy,2000-07-15,business,Edmonton,AB,2024-05-14,2024-05-14
CUST01703,James Patel,1984-03-06,retail,Quebec City,QC,2023-02-11,2023-02-11
CUST01704,John Kim,1974-02-22,retail,Vancouver,BC,2025-01-20,2025-01-20
CUST01705,Linda Tremblay,1997-08-19,retail,Winnipeg,MB,2024-02-05,2024-02-05
CUST01706,Noah Davis,1964-03-30,premium,Mississauga,ON,2023-07-09,2023-07-09
CUST01707,Lisa Rodriguez,1962-09-16,retail,Edmonton,AB,2025-06-11,2025-06-11
CUST01708,Elizabeth Garcia,1958-04-12,retail,Montreal,QC,2023-04-17,2023-04-17
CUST01709,Ava Garcia,1987-12-22,retail,Vancouver,BC,2023-12-10,2023-12-10
CUST01710,Sofia Williams,1974-02-20,premium,Mississauga,ON,2024-01-02,2024-01-02
CUST01711,Daniel Garcia,1966-10-05,retail,Ottawa,ON,2024-05-18,2024-05-18
CUST01712,David Chan,1955-02-06,retail,Toronto,ON,2025-03-17,2025-03-17
CUST01713,Robert Davis,2001-06-26,premium,Quebec City,QC,2024-07-25,2024-07-25
CUST01714,Sofia Davis,1953-10-17,retail,Ottawa,ON,2023-05-18,2023-05-18
CUST01715,Lisa Singh,1999-05-16,premium,Winnipeg,MB,2025-04-07,2025-04-07
CUST01716,Lisa Lee,1986-05-09,retail,Quebec City,QC,2024-05-29,2024-05-29
CUST01717,Anthony Jones,2003-10-24,retail,Toronto,ON,2025-01-22,2025-01-22
CUST01718,Karen Patel,1978-03-22,retail,,BC,2025-09-24,2025-09-24
CUST01719,Chen Jones,1962-07-19,premium,Edmonton,AB,2024-09-10,2024-09-10
CUST01720,Nancy Rodriguez,1991-09-26,retail,Edmonton,AB,2025-01-30,2025-01-30
CUST01721,Mary Davis,1959-02-01,premium,Ottawa,ON,2024-08-28,2024-08-28
CUST01722,Chen Kim,1981-10-30,retail,Mississauga,ON,2025-11-15,2025-11-15
CUST01723,Ava Singh,1967-05-11,retail,Mississauga,ON,2024-09-27,2024-09-27
CUST01724,Robert Khan,1995-09-17,retail,Vancouver,BC,2024-03-23,2024-03-23
CUST01725,Sarah Roy,1979-04-19,retail,Edmonton,AB,2024-08-06,2024-08-06
CUST01726,NANCY singh,1953-03-30,premium,Calgary,AB,2025-11-02,2025-11-02
CUST01727,Karen Wilson,1973-12-18,premium,Winnipeg,MB,2023-10-22,2023-10-22
CUST01727,Karen Wilson,1973-12-18,retail,Vancouver,BC,2023-10-22,2024-07-04
CUST01728,Mary Johnson,1961-12-05,retail,Vancouver,BC,2024-02-03,2024-02-03
CUST01729,Robert Kim,1968-11-23,retail,Montreal,QC,2023-01-02,2023-01-02
CUST01729,Robert Kim,1968-11-23,premium,Edmonton,AB,2023-01-02,2024-03-09
CUST01730,LINDA nguyen,1994-04-10,business,Ottawa,ON,2023-08-22,2023-08-22
CUST01731,Fatima Lee,1973-02-25,business,Edmonton,AB,2024-11-08,2024-11-08
CUST01732,Amir Tremblay,2003-04-12,retail,,QC,2024-05-17,2024-05-17
CUST01733,Sarah Chan,1986-04-23,retail,Vancouver,BC,2023-04-16,2023-04-16
CUST01734,Patricia Jones,1969-08-23,retail,Montreal,QC,2024-05-24,2024-05-24
CUST01734,Patricia Jones,1969-08-23,retail,Montreal,QC,2024-05-24,2025-04-26
CUST01735,Liam Patel,1976-10-31,retail,Calgary,AB,2023-06-16,2023-06-16
CUST01736,Amir Williams,1955-02-08,business,Surrey,BC,2025-06-11,2025-06-11
CUST01737,James Wilson,1971-02-22,retail,Surrey,BC,2025-09-23,2025-09-23
CUST01738,Wei Miller,1971-02-04,retail,Calgary,AB,2024-08-09,2024-08-09
CUST01739,FATIMA wilson,1957-06-08,retail,Quebec City,QC,2023-07-26,2023-07-26
CUST01739,FATIMA wilson,1957-06-08,retail,Calgary,AB,2023-07-26,2024-06-26
CUST01740,John Gagnon,1950-03-10,business,Ottawa,ON,2025-08-23,2025-08-23
CUST01741,DANIEL cote,1982-01-19,business,Winnipeg,MB,2023-06-29,2023-06-29
CUST01742,Mary Tremblay,1950-01-07,business,Mississauga,ON,2024-01-29,2024-01-29
CUST01743,Anthony Brown,1997-03-13,retail,Vancouver,BC,2023-05-27,2023-05-27
CUST01743,Anthony Brown,1997-03-13,retail,Vancouver,BC,2023-05-27,2024-05-31
CUST01744,NOAH chan,1970-01-29,retail,Mississauga,ON,2024-08-04,2024-08-04
CUST01745,Sofia Singh,1995-08-27,retail,Edmonton,AB,2024-09-19,2024-09-19
CUST01746,Olivia Davis,1968-11-21,retail,Vancouver,BC,2024-05-07,2024-05-07
CUST01746,Olivia Davis,1968-11-21,business,Quebec City,QC,2024-05-07,2024-08-05
CUST01747,Robert Brown,1956-08-03,retail,Edmonton,AB,2024-08-01,2024-08-01
CUST01748,Sofia Singh,1999-07-14,retail,Calgary,AB,2024-09-11,2024-09-11
CUST01749,MARY lee,1980-12-16,retail,Ottawa,ON,2023-05-16,2023-05-16
CUST01750,Karen Garcia,1985-08-29,retail,Edmonton,AB,2024-10-24,2024-10-24
CUST01751,SOFIA kim,2000-10-30,retail,Winnipeg,MB,2024-01-12,2024-01-12
CUST01752,MATTHEW williams,1980-01-06,premium,Edmonton,AB,2023-10-31,2023-10-31
CUST01753,Anthony Rodriguez,1987-06-28,premium,Hamilton,ON,2023-03-20,2023-03-20
CUST01754,Olivia Roy,1959-05-21,retail,Surrey,BC,2025-09-15,2025-09-15
CUST01755,Robert Wilson,1995-04-22,retail,Winnipeg,MB,2024-07-14,2024-07-14
CUST01756,Fatima Roy,1953-07-15,retail,Hamilton,ON,2025-07-20,2025-07-20
CUST01757,Noah Nguyen,1951-08-11,retail,Toronto,ON,2025-04-14,2025-04-14
CUST01758,Matthew Nguyen,1978-04-11,retail,Quebec City,QC,2024-04-01,2024-04-01
CUST01759,Mary Davis,1972-10-19,business,Winnipeg,MB,2025-03-19,2025-03-19
CUST01760,Nancy Davis,1954-04-15,retail,Calgary,AB,2023-06-05,2023-06-05
CUST01761,Priya Kim,1977-06-21,retail,Toronto,ON,2023-04-15,2023-04-15
CUST01762,Priya Martinez,1984-11-25,premium,Mississauga,ON,2024-11-03,2024-11-03
CUST01762,Priya Martinez,1984-11-25,retail,Mississauga,ON,2024-11-03,2025-08-09
CUST01763,Linda Singh,1973-03-01,retail,Toronto,ON,2023-12-13,2023-12-13
CUST01764,Matthew Miller,1958-10-04,retail,Halifax,NS,2024-08-14,2024-08-14
CUST01765,JOHN williams,1950-04-20,premium,Ottawa,ON,2024-05-05,2024-05-05
CUST01766,David Garcia,1980-04-13,premium,Mississauga,ON,2023-09-06,2023-09-06
CUST01767,Lisa Brown,1974-12-20,retail,Edmonton,AB,2023-06-20,2023-06-20
CUST01768,Olivia Miller,1951-08-21,business,Montreal,QC,2023-06-26,2023-06-26
CUST01769,Lisa Khan,1981-07-11,retail,Hamilton,ON,2023-03-03,2023-03-03
CUST01770,Patricia Chan,1967-01-22,retail,Calgary,AB,2025-09-17,2025-09-17
CUST01771,Linda Cote,1991-01-28,retail,Edmonton,AB,2025-03-04,2025-03-04
CUST01772,Mary Nguyen,1981-11-20,retail,Hamilton,ON,2023-02-05,2023-02-05
CUST01773,Matthew Smith,1957-08-24,premium,Surrey,BC,2023-10-02,2023-10-02
CUST01774,Patricia Tremblay,1999-08-31,retail,Ottawa,ON,2024-11-28,2024-11-28
CUST01775,CHEN wilson,1988-03-09,retail,Hamilton,ON,2024-08-23,2024-08-23
CUST01776,Amir Jones,1984-01-21,retail,Halifax,NS,2023-11-10,2023-11-10
CUST01777,LISA lee,1976-11-24,retail,Mississauga,ON,2025-04-13,2025-04-13
CUST01778,Sofia Williams,2003-10-15,business,Ottawa,ON,2023-07-25,2023-07-25
CUST01779,Sarah Wilson,1969-01-17,retail,Mississauga,ON,2023-06-11,2023-06-11
CUST01780,Priya Khan,1999-04-01,premium,Mississauga,ON,2024-08-31,2024-08-31
CUST01780,Priya Khan,1999-04-01,retail,Toronto,ON,2024-08-31,2025-05-24
CUST01781,MATTHEW williams,1954-09-02,retail,Winnipeg,MB,2023-10-08,2023-10-08
CUST01782,Patricia Singh,1982-05-26,retail,Toronto,ON,2025-04-11,2025-04-11
CUST01783,Priya Davis,1966-08-11,retail,,ON,2023-08-01,2023-08-01
CUST01784,Sofia Jones,1995-09-23,premium,,ON,2024-05-03,2024-05-03
CUST01785,David Tremblay,1966-10-29,premium,Halifax,NS,2025-10-05,2025-10-05
CUST01786,Amir Patel,1976-04-05,premium,Hamilton,ON,2024-12-06,2024-12-06
CUST01787,Wei Martinez,1961-03-08,retail,Vancouver,BC,2025-05-10,2025-05-10
CUST01787,Wei Martinez,1961-03-08,premium,Calgary,AB,2025-05-10,2025-09-05
CUST01788,Liam Rodriguez,1966-07-17,retail,Halifax,NS,2023-09-03,2023-09-03
CUST01789,Linda Davis,1956-06-23,retail,Halifax,NS,2025-03-19,2025-03-19
CUST01790,Wei Smith,1959-12-09,retail,Winnipeg,MB,2023-01-29,2023-01-29
CUST01791,Robert Gagnon,1979-03-03,premium,Mississauga,ON,2025-04-21,2025-04-21
CUST01792,Amir Miller,1984-12-01,retail,Winnipeg,MB,2024-12-24,2024-12-24
CUST01793,Linda Singh,1989-03-31,business,Edmonton,AB,2023-04-11,2023-04-11
CUST01794,Olivia Johnson,1975-12-08,retail,Halifax,NS,2024-02-22,2024-02-22
CUST01794,Olivia Johnson,1975-12-08,retail,Ottawa,ON,2024-02-22,2024-09-12
CUST01795,James Singh,1990-10-08,retail,Montreal,QC,2024-12-13,2024-12-13
CUST01796,Ava Rodriguez,1974-03-11,business,Edmonton,AB,2023-11-25,2023-11-25
CUST01796,Ava Rodriguez,1974-03-11,premium,Hamilton,ON,2023-11-25,2025-02-26
CUST01797,Karen Davis,1962-12-25,retail,Montreal,QC,2023-08-13,2023-08-13
CUST01798,PATRICIA rodriguez,1977-10-31,retail,Winnipeg,MB,2025-04-06,2025-04-06
CUST01799,Linda Martinez,1999-11-17,premium,Vancouver,BC,2025-12-21,2025-12-21
CUST01800,James Jones,1999-09-10,retail,,ON,2025-05-09,2025-05-09
CUST01801,Patricia Martinez,1972-07-14,premium,Halifax,NS,2024-07-10,2024-07-10
CUST01802,Fatima Tremblay,1984-02-01,retail,Quebec City,QC,2025-08-24,2025-08-24
CUST01803,Ava Wilson,1971-08-21,retail,Surrey,BC,2025-12-26,2025-12-26
CUST01804,James Williams,1962-04-17,retail,Mississauga,ON,2024-04-18,2024-04-18
CUST01805,Priya Williams,1999-03-20,retail,Mississauga,ON,2025-06-22,2025-06-22
CUST01806,Daniel Brown,2002-09-16,retail,Toronto,ON,2025-04-17,2025-04-17
CUST01807,NANCY miller,1971-03-28,retail,Mississauga,ON,2023-09-01,2023-09-01
CUST01808,Liam Gagnon,1974-11-10,retail,Hamilton,ON,2023-12-09,2023-12-09
CUST01808,Liam Gagnon,1974-11-10,premium,Edmonton,AB,2023-12-09,2025-04-13
CUST01809,Michael Kim,1995-03-11,retail,Surrey,BC,2024-04-14,2024-04-14
CUST01810,Daniel Lee,1964-09-27,retail,Edmonton,AB,2023-02-25,2023-02-25
CUST01811,Amir Rodriguez,1964-01-31,retail,Hamilton,ON,2024-04-24,2024-04-24
CUST01812,Michael Miller,1955-07-01,retail,Ottawa,ON,2025-07-09,2025-07-09
CUST01813,Michael Lee,1976-11-17,premium,Winnipeg,MB,2025-06-03,2025-06-03
CUST01814,Anthony Patel,1953-02-25,retail,Toronto,ON,2025-12-27,2025-12-27
CUST01815,John Garcia,1987-03-28,retail,Hamilton,ON,2023-08-11,2023-08-11
CUST01816,Sofia Chan,1997-08-17,retail,Halifax,NS,2024-11-06,2024-11-06
CUST01817,Priya Cote,1990-04-15,retail,Quebec City,QC,2025-05-20,2025-05-20
CUST01818,Sarah Rodriguez,1951-10-19,retail,Quebec City,QC,2024-02-06,2024-02-06
CUST01819,John Tremblay,1961-05-17,premium,Mississauga,ON,2023-04-21,2023-04-21
CUST01820,PATRICIA khan,2002-02-04,retail,Edmonton,AB,2023-10-04,2023-10-04
CUST01821,Olivia Jones,1995-08-12,business,Hamilton,ON,2023-06-01,2023-06-01
CUST01822,Priya Williams,1999-03-31,retail,Vancouver,BC,2023-10-06,2023-10-06
CUST01823,Emma Miller,1969-10-13,premium,Ottawa,ON,2023-07-03,2023-07-03
CUST01823,Emma Miller,1969-10-13,premium,Winnipeg,MB,2023-07-03,2024-09-04
CUST01824,LIAM wilson,1974-10-16,retail,Edmonton,AB,2024-11-22,2024-11-22
CUST01825,Noah Cote,1952-09-21,retail,Halifax,NS,2023-06-21,2023-06-21
CUST01826,Wei Williams,1993-02-18,retail,Mississauga,ON,2023-07-21,2023-07-21
CUST01827,Mary Gagnon,1952-04-26,business,Halifax,NS,2023-11-03,2023-11-03
CUST01828,Olivia Chan,1976-03-17,retail,Winnipeg,MB,2024-06-18,2024-06-18
CUST01828,Olivia Chan,1976-03-17,premium,Quebec City,QC,2024-06-18,2025-07-25
CUST01829,Elizabeth Singh,1956-11-15,business,Montreal,QC,2023-11-05,2023-11-05
CUST01830,Olivia Johnson,1953-08-16,retail,,BC,2025-11-04,2025-11-04
CUST01831,James Cote,1983-11-26,premium,Vancouver,BC,2024-12-08,2024-12-08
CUST01832,David Chan,2000-07-05,retail,Ottawa,ON,2023-09-09,2023-09-09
CUST01833,Linda Wilson,1982-11-08,retail,Surrey,BC,2024-09-27,2024-09-27
CUST01834,Mary Khan,1992-02-23,retail,Halifax,NS,2023-04-19,2023-04-19
CUST01835,Fatima Khan,1951-07-11,retail,Edmonton,AB,2025-12-12,2025-12-12
CUST01836,Mary Brown,1997-06-03,retail,Calgary,AB,2023-09-12,2023-09-12
CUST01837,David Gagnon,1965-12-02,retail,Halifax,NS,2025-08-28,2025-08-28
CUST01838,Karen Miller,1985-11-10,retail,Montreal,QC,2024-07-02,2024-07-02
CUST01838,Karen Miller,1985-11-10,premium,Quebec City,QC,2024-07-02,2025-03-23
CUST01839,Liam Garcia,1977-08-03,retail,,QC,2025-04-14,2025-04-14
CUST01840,Noah Jones,1997-05-26,premium,Surrey,BC,2025-06-01,2025-06-01
CUST01841,John Nguyen,1976-02-29,premium,Toronto,ON,2025-03-09,2025-03-09
CUST01842,Elizabeth Johnson,1970-07-21,retail,Ottawa,ON,2025-01-25,2025-01-25
CUST01843,Ava Smith,1983-11-06,retail,Winnipeg,MB,2024-09-22,2024-09-22
CUST01844,Wei Chan,1952-01-08,business,Montreal,QC,2024-04-07,2024-04-07
CUST01845,Lisa Chan,1974-09-17,premium,Ottawa,ON,2024-11-10,2024-11-10
CUST01846,Sofia Johnson,1953-05-15,retail,Winnipeg,MB,2024-08-16,2024-08-16
CUST01847,Linda Miller,1981-11-08,retail,Hamilton,ON,2024-02-02,2024-02-02
CUST01848,SOFIA brown,1962-09-08,premium,Calgary,AB,2023-07-29,2023-07-29
CUST01849,Nancy Brown,1967-10-27,retail,Montreal,QC,2024-05-08,2024-05-08
CUST01850,Michael Jones,1970-04-02,retail,Calgary,AB,2023-03-22,2023-03-22
CUST01851,JOHN roy,1979-05-18,retail,Montreal,QC,2025-03-08,2025-03-08
CUST01852,Noah Khan,1950-10-02,premium,Halifax,NS,2023-01-22,2023-01-22
CUST01852,Noah Khan,1950-10-02,premium,Toronto,ON,2023-01-22,2024-05-11
CUST01853,Sarah Kim,2003-07-30,retail,Mississauga,ON,2025-12-08,2025-12-08
CUST01854,Anthony Gagnon,1975-06-13,retail,Halifax,NS,2023-09-03,2023-09-03
CUST01855,Fatima Cote,1981-01-08,retail,Hamilton,ON,2023-10-02,2023-10-02
CUST01856,Olivia Brown,2001-08-03,retail,Montreal,QC,2024-08-10,2024-08-10
CUST01857,Lisa Singh,2002-08-16,premium,Surrey,BC,2023-10-13,2023-10-13
CUST01858,LIAM garcia,1995-05-20,retail,Hamilton,ON,2023-10-30,2023-10-30
CUST01859,Matthew Williams,1953-04-10,retail,Mississauga,ON,2024-08-25,2024-08-25
CUST01860,Mary Lee,1980-04-11,retail,Winnipeg,MB,2024-05-01,2024-05-01
CUST01861,Olivia Johnson,1960-06-14,retail,Montreal,QC,2023-09-21,2023-09-21
CUST01862,Michael Johnson,1982-06-01,premium,Montreal,QC,2025-03-10,2025-03-10
CUST01863,Noah Smith,1990-11-17,retail,Calgary,AB,2023-05-29,2023-05-29
CUST01863,Noah Smith,1990-11-17,retail,Hamilton,ON,2023-05-29,2023-10-25
CUST01864,Sarah Lee,1995-09-03,premium,Toronto,ON,2024-01-11,2024-01-11
CUST01865,Anthony Kim,1962-10-17,retail,Montreal,QC,2024-03-07,2024-03-07
CUST01866,Mary Brown,1999-10-01,retail,Hamilton,ON,2023-01-11,2023-01-11
CUST01867,Sarah Martinez,1999-05-15,retail,Hamilton,ON,2025-12-18,2025-12-18
CUST01868,Daniel Roy,1959-03-12,retail,Halifax,NS,2025-01-28,2025-01-28
CUST01869,Mary Chan,2002-02-10,business,Surrey,BC,2023-05-13,2023-05-13
CUST01870,James Nguyen,1964-11-09,retail,Vancouver,BC,2025-04-05,2025-04-05
CUST01871,Chen Kim,1983-09-21,retail,Quebec City,QC,2024-08-30,2024-08-30
CUST01872,Liam Cote,1990-12-05,premium,Winnipeg,MB,2023-07-03,2023-07-03
CUST01873,Daniel Tremblay,2001-01-10,retail,Calgary,AB,2024-05-23,2024-05-23
CUST01874,Noah Chan,1967-06-12,retail,Vancouver,BC,2023-12-25,2023-12-25
CUST01875,Olivia Davis,1988-07-26,premium,Vancouver,BC,2025-04-07,2025-04-07
CUST01876,Sofia Smith,1985-09-15,retail,Montreal,QC,2023-08-30,2023-08-30
CUST01877,Chen Nguyen,1977-10-07,premium,Ottawa,ON,2024-04-12,2024-04-12
CUST01878,Fatima Lee,1996-09-02,retail,Winnipeg,MB,2023-10-11,2023-10-11
CUST01878,Fatima Lee,1996-09-02,premium,Vancouver,BC,2023-10-11,2025-02-01
CUST01879,Daniel Kim,1962-10-13,retail,Winnipeg,MB,2025-06-08,2025-06-08
CUST01880,Robert Patel,1998-11-07,premium,Quebec City,QC,2023-10-28,2023-10-28
CUST01881,KAREN tremblay,1956-07-13,retail,Calgary,AB,2024-03-19,2024-03-19
CUST01882,Amir Cote,1997-06-01,premium,Ottawa,ON,2024-10-04,2024-10-04
CUST01883,David Miller,1963-05-13,retail,Vancouver,BC,2024-05-07,2024-05-07
CUST01884,David Gagnon,1964-09-25,premium,,ON,2025-09-06,2025-09-06
CUST01885,Lisa Kim,1984-12-04,retail,Quebec City,QC,2023-05-09,2023-05-09
CUST01886,Karen Chan,1967-05-07,retail,Hamilton,ON,2024-11-16,2024-11-16
CUST01886,Karen Chan,1967-05-07,premium,Calgary,AB,2024-11-16,2025-02-17
CUST01887,FATIMA gagnon,1956-07-25,retail,Vancouver,BC,2024-10-20,2024-10-20
CUST01888,Chen Chan,1989-10-09,premium,Hamilton,ON,2025-04-22,2025-04-22
CUST01889,Chen Rodriguez,1994-06-07,retail,Vancouver,BC,2025-06-21,2025-06-21
CUST01890,Sofia Nguyen,1986-12-06,premium,Ottawa,ON,2023-09-24,2023-09-24
CUST01891,John Singh,1992-07-15,retail,Halifax,NS,2025-02-26,2025-02-26
CUST01892,Fatima Williams,1997-01-03,retail,Vancouver,BC,2025-12-28,2025-12-28
CUST01893,Nancy Davis,1978-03-10,business,Mississauga,ON,2025-01-02,2025-01-02
CUST01894,KAREN brown,1957-02-06,retail,Edmonton,AB,2025-08-08,2025-08-08
CUST01895,Jennifer Cote,1964-08-28,retail,Mississauga,ON,2023-01-01,2023-01-01
CUST01896,Emma Chan,1991-12-18,retail,Winnipeg,MB,2025-10-12,2025-10-12
CUST01897,Michael Miller,1998-11-29,retail,Edmonton,AB,2024-08-30,2024-08-30
CUST01898,Jennifer Tremblay,1985-06-28,retail,Surrey,BC,2024-08-25,2024-08-25
CUST01898,Jennifer Tremblay,1985-06-28,business,Vancouver,BC,2024-08-25,2025-03-14
CUST01899,Linda Nguyen,1959-02-12,retail,Hamilton,ON,2025-03-26,2025-03-26
CUST01900,LIAM singh,1966-09-30,retail,Winnipeg,MB,2023-06-03,2023-06-03
CUST01900,LIAM singh,1966-09-30,premium,Quebec City,QC,2023-06-03,2024-04-09
CUST01901,Jennifer Brown,1996-08-07,retail,Winnipeg,MB,2025-05-09,2025-05-09
CUST01902,Anthony Cote,1988-03-21,retail,Quebec City,QC,2024-04-19,2024-04-19
CUST01903,AVA chan,1978-07-27,retail,Ottawa,ON,2025-04-16,2025-04-16
CUST01904,Liam Smith,2002-10-22,premium,Edmonton,AB,2025-05-27,2025-05-27
CUST01905,Sofia Johnson,1994-07-17,premium,Calgary,AB,2024-04-28,2024-04-28
CUST01906,AVA smith,1983-09-29,premium,Surrey,BC,2023-10-22,2023-10-22
CUST01907,Chen Lee,1957-09-25,retail,Surrey,BC,2025-03-16,2025-03-16
CUST01907,Chen Lee,1957-09-25,business,Montreal,QC,2025-03-16,2025-11-02
CUST01908,Patricia Cote,1963-06-28,retail,Vancouver,BC,2023-05-30,2023-05-30
CUST01909,Wei Jones,1990-12-22,retail,Surrey,BC,2023-03-22,2023-03-22
CUST01910,Linda Kim,1975-11-29,retail,Quebec City,QC,2023-02-03,2023-02-03
CUST01911,Ava Wilson,1970-08-14,business,Toronto,ON,2025-06-06,2025-06-06
CUST01912,Lisa Martinez,1980-04-19,retail,Winnipeg,MB,2025-11-14,2025-11-14
CUST01913,NANCY gagnon,1953-03-19,retail,Montreal,QC,2025-06-22,2025-06-22
CUST01914,PRIYA patel,1967-08-02,retail,Edmonton,AB,2024-01-18,2024-01-18
CUST01915,Noah Williams,1991-05-25,retail,Quebec City,QC,2025-10-10,2025-10-10
CUST01916,Ava Roy,1995-05-19,business,Quebec City,QC,2025-10-15,2025-10-15
CUST01917,Sarah Chan,1953-06-05,retail,Quebec City,QC,2025-12-25,2025-12-25
CUST01918,Jennifer Cote,1983-01-28,premium,Winnipeg,MB,2023-04-17,2023-04-17
CUST01919,Ava Lee,1979-10-10,retail,Calgary,AB,2025-07-24,2025-07-24
CUST01920,Priya Garcia,1983-08-08,retail,Halifax,NS,2024-07-03,2024-07-03
CUST01921,Wei Patel,1976-05-23,retail,Hamilton,ON,2024-01-16,2024-01-16
CUST01921,Wei Patel,1976-05-23,premium,Halifax,NS,2024-01-16,2024-12-13
CUST01922,David Patel,1967-06-16,premium,Hamilton,ON,2023-07-31,2023-07-31
CUST01922,David Patel,1967-06-16,retail,Surrey,BC,2023-07-31,2024-09-11
CUST01923,Noah Wilson,1993-05-11,business,Halifax,NS,2023-12-31,2023-12-31
CUST01924,Wei Garcia,1969-11-20,business,Calgary,AB,2024-03-31,2024-03-31
CUST01925,Patricia Davis,1985-02-05,retail,Montreal,QC,2025-01-26,2025-01-26
CUST01926,David Patel,1978-10-01,retail,Montreal,QC,2025-09-25,2025-09-25
CUST01927,James Miller,1960-10-06,retail,Vancouver,BC,2025-11-15,2025-11-15
CUST01928,Anthony Roy,1967-11-13,retail,Edmonton,AB,2025-12-04,2025-12-04
CUST01929,Olivia Johnson,1968-11-09,premium,Mississauga,ON,2025-03-18,2025-03-18
CUST01930,Sarah Wilson,1965-07-26,retail,Hamilton,ON,2025-01-19,2025-01-19
CUST01931,Liam Chan,1988-03-29,retail,Mississauga,ON,2025-07-05,2025-07-05
CUST01932,David Jones,1959-10-16,premium,Halifax,NS,2024-08-03,2024-08-03
CUST01932,David Jones,1959-10-16,retail,Ottawa,ON,2024-08-03,2025-04-01
CUST01933,Fatima Chan,1996-12-26,retail,Mississauga,ON,2025-08-26,2025-08-26
CUST01934,Noah Singh,1961-08-23,retail,Toronto,ON,2024-04-26,2024-04-26
CUST01935,Daniel Patel,1979-09-08,premium,Ottawa,ON,2025-05-26,2025-05-26
CUST01936,Wei Chan,1990-05-09,premium,Calgary,AB,2025-06-24,2025-06-24
CUST01937,Sarah Chan,1975-02-01,business,Surrey,BC,2024-11-26,2024-11-26
CUST01938,Ava Wilson,1975-11-04,premium,Halifax,NS,2023-12-31,2023-12-31
CUST01939,Patricia Williams,1979-10-24,retail,Halifax,NS,2023-02-22,2023-02-22
CUST01940,MARY jones,1970-08-06,retail,Vancouver,BC,2024-04-20,2024-04-20
CUST01941,EMMA brown,1956-03-18,premium,Surrey,BC,2024-03-02,2024-03-02
CUST01941,EMMA brown,1956-03-18,premium,Winnipeg,MB,2024-03-02,2024-08-13
CUST01942,Priya Garcia,1977-03-17,retail,Winnipeg,MB,2024-08-05,2024-08-05
CUST01943,Wei Roy,1994-10-27,retail,Halifax,NS,2024-03-30,2024-03-30
CUST01944,Liam Martinez,1950-07-28,retail,Winnipeg,MB,2023-09-23,2023-09-23
CUST01945,Jennifer Lee,1956-03-30,retail,Vancouver,BC,2025-12-12,2025-12-12
CUST01946,Olivia Brown,1955-08-24,retail,Halifax,NS,2023-09-16,2023-09-16
CUST01947,James Gagnon,1955-04-17,retail,Vancouver,BC,2025-02-11,2025-02-11
CUST01948,Matthew Rodriguez,1999-08-04,retail,Edmonton,AB,2025-08-06,2025-08-06
CUST01949,Karen Chan,1990-11-30,retail,Halifax,NS,2023-12-29,2023-12-29
CUST01950,Sarah Rodriguez,2000-06-03,business,Halifax,NS,2024-06-28,2024-06-28
CUST01951,Mary Wilson,1995-11-03,retail,Ottawa,ON,2025-07-17,2025-07-17
CUST01952,Patricia Patel,1966-04-19,retail,Toronto,ON,2025-06-19,2025-06-19
CUST01953,Nancy Cote,1969-06-29,retail,Hamilton,ON,2024-01-17,2024-01-17
CUST01954,Jennifer Jones,1969-03-17,business,Quebec City,QC,2025-04-23,2025-04-23
CUST01955,Olivia Wilson,1956-10-05,premium,Winnipeg,MB,2024-09-12,2024-09-12
CUST01956,Jennifer Wilson,1971-12-09,retail,Winnipeg,MB,2024-02-21,2024-02-21
CUST01957,Patricia Singh,1994-03-28,retail,Halifax,NS,2024-03-24,2024-03-24
CUST01958,James Tremblay,1972-10-11,retail,Surrey,BC,2025-10-17,2025-10-17
CUST01959,Nancy Roy,1966-10-04,retail,Quebec City,QC,2023-12-24,2023-12-24
CUST01960,Amir Roy,1994-08-26,premium,Edmonton,AB,2023-08-19,2023-08-19
CUST01961,Robert Tremblay,1996-07-22,business,,QC,2024-05-12,2024-05-12
CUST01962,Patricia Jones,1954-11-14,retail,Surrey,BC,2024-01-21,2024-01-21
CUST01963,Priya Singh,1991-10-09,premium,Quebec City,QC,2025-11-28,2025-11-28
CUST01964,Amir Miller,1983-05-24,premium,Halifax,NS,2025-11-19,2025-11-19
CUST01965,Mary Johnson,1977-02-07,retail,Hamilton,ON,2024-04-28,2024-04-28
CUST01966,Ava Tremblay,1955-12-17,retail,Surrey,BC,2024-12-11,2024-12-11
CUST01967,Liam Tremblay,1963-05-22,retail,Mississauga,ON,2023-12-09,2023-12-09
CUST01968,Daniel Cote,1967-11-03,retail,Toronto,ON,2025-09-05,2025-09-05
CUST01969,Mary Roy,2001-09-22,business,Hamilton,ON,2025-05-01,2025-05-01
CUST01970,ANTHONY williams,1963-01-10,business,Quebec City,QC,2025-03-25,2025-03-25
CUST01971,Michael Garcia,1991-04-20,premium,Mississauga,ON,2025-04-19,2025-04-19
CUST01972,Noah Cote,1984-04-28,retail,Mississauga,ON,2025-04-04,2025-04-04
CUST01973,Liam Johnson,1980-10-07,retail,Edmonton,AB,2025-12-19,2025-12-19
CUST01974,Fatima Miller,1967-04-08,retail,Toronto,ON,2025-06-02,2025-06-02
CUST01974,Fatima Miller,1967-04-08,premium,Edmonton,AB,2025-06-02,2025-10-31
CUST01975,Amir Martinez,1975-04-22,retail,Montreal,QC,2023-12-27,2023-12-27
CUST01976,Amir Patel,1980-03-31,retail,Winnipeg,MB,2023-01-18,2023-01-18
CUST01976,Amir Patel,1980-03-31,retail,Vancouver,BC,2023-01-18,2024-01-18
CUST01977,James Tremblay,1982-11-25,premium,Hamilton,ON,2024-12-17,2024-12-17
CUST01978,Liam Gagnon,1969-04-03,premium,Toronto,ON,2024-12-08,2024-12-08
CUST01979,James Brown,1960-08-23,business,Hamilton,ON,2023-10-18,2023-10-18
CUST01980,Sarah Khan,1961-09-10,retail,Surrey,BC,2024-03-10,2024-03-10
CUST01980,Sarah Khan,1961-09-10,retail,Ottawa,ON,2024-03-10,2025-05-24
CUST01981,Anthony Johnson,1964-07-12,retail,Calgary,AB,2025-09-08,2025-09-08
CUST01982,Fatima Johnson,1957-08-29,premium,Edmonton,AB,2025-06-02,2025-06-02
CUST01983,Robert Jones,1959-08-09,retail,Vancouver,BC,2024-12-02,2024-12-02
CUST01984,Amir Gagnon,1975-08-11,retail,Winnipeg,MB,2023-03-08,2023-03-08
CUST01985,Karen Singh,1990-07-03,business,Quebec City,QC,2025-01-24,2025-01-24
CUST01986,Daniel Nguyen,1981-03-23,retail,Quebec City,QC,2025-01-31,2025-01-31
CUST01987,David Singh,1972-07-12,retail,Mississauga,ON,2025-08-03,2025-08-03
CUST01988,Noah Brown,1968-08-04,retail,Montreal,QC,2023-02-24,2023-02-24
CUST01989,Linda Brown,1958-01-27,retail,Edmonton,AB,2025-09-28,2025-09-28
CUST01990,Lisa Brown,1990-03-04,retail,Halifax,NS,2023-08-08,2023-08-08
CUST01991,Sarah Johnson,1995-08-11,retail,Edmonton,AB,2023-03-28,2023-03-28
CUST01991,Sarah Johnson,1995-08-11,retail,Hamilton,ON,2023-03-28,2024-05-25
CUST01992,Mary Martinez,1974-09-21,business,Surrey,BC,2025-10-04,2025-10-04
CUST01993,Sofia Miller,1989-01-13,retail,Toronto,ON,2024-01-08,2024-01-08
CUST01994,NANCY kim,1972-10-07,retail,Halifax,NS,2025-10-13,2025-10-13
CUST01995,Amir Miller,1989-06-05,retail,Quebec City,QC,2024-06-04,2024-06-04
CUST01996,Robert Williams,1997-01-24,retail,Surrey,BC,2024-05-07,2024-05-07
CUST01997,Mary Johnson,1988-03-06,retail,Vancouver,BC,2023-07-25,2023-07-25
CUST01998,Noah Williams,2002-10-19,retail,Mississauga,ON,2025-09-21,2025-09-21
CUST01999,James Gagnon,1998-10-17,retail,Vancouver,BC,2023-05-20,2023-05-20
CUST02000,Sofia Gagnon,1950-04-10,retail,Halifax,NS,2024-10-07,2024-10-07
CUST00656,Michael Miller,1976-11-21,premium,Winnipeg,MB,2024-09-15,2024-09-15
CUST00941,Linda Patel,1983-10-31,retail,Hamilton,ON,2023-11-18,2023-11-18
CUST01273,Sarah Johnson,1955-06-16,premium,,QC,2024-06-14,2024-06-14
CUST01029,Ava Jones,1988-04-26,business,Calgary,AB,2023-12-11,2023-12-11
CUST01254,Daniel Lee,1955-03-14,retail,Hamilton,ON,2024-05-02,2024-05-02
CUST00062,Karen Wilson,1986-04-10,retail,Winnipeg,MB,2023-12-05,2023-12-05
CUST01134,Linda Patel,1981-04-21,retail,Edmonton,AB,2025-08-12,2025-08-12
CUST00113,Ava Singh,2001-04-23,retail,Mississauga,ON,2025-01-05,2025-01-05
CUST01553,Patricia Brown,1968-02-19,retail,Edmonton,AB,2023-06-27,2023-09-13
CUST00731,James Martinez,1970-11-04,retail,Hamilton,ON,2025-11-30,2025-11-30
CUST01674,Chen Gagnon,1956-05-12,premium,Montreal,QC,2023-10-27,2023-10-27
CUST00367,Fatima Lee,1965-09-24,retail,Hamilton,ON,2025-02-13,2025-02-13
CUST01164,Anthony Gagnon,1987-09-03,retail,Mississauga,ON,2025-02-07,2025-02-07
CUST01767,Lisa Brown,1974-12-20,retail,Edmonton,AB,2023-06-20,2023-06-20
CUST01234,John Garcia,2000-07-10,retail,Winnipeg,MB,2024-11-25,2024-11-25
CUST01942,Priya Garcia,1977-03-17,retail,Winnipeg,MB,2024-08-05,2024-08-05
CUST01518,Wei Patel,1982-08-27,retail,Halifax,NS,2024-06-23,2024-06-23
CUST01941,EMMA brown,1956-03-18,premium,Winnipeg,MB,2024-03-02,2024-08-13
CUST01859,Matthew Williams,1953-04-10,retail,Mississauga,ON,2024-08-25,2024-08-25
CUST00811,Sarah Martinez,1982-12-24,retail,Hamilton,ON,2024-01-08,2024-01-08
CUST01759,Mary Davis,1972-10-19,business,Winnipeg,MB,2025-03-19,2025-03-19
CUST00911,Ava Rodriguez,1965-04-18,retail,Quebec City,QC,2024-02-01,2024-02-01
