application_id,customer_id,branch_id,product_id,app_date,loan_amount,approved,defaulted,interest_rate
LOAN000001,CUST00674,BR010,PRD005,2025-07-19,334216.73,True,False,11.43
LOAN000002,CUST00804,BR005,PRD005,2025-01-13,209504.58,True,False,6.1
LOAN000003,CUST01720,BR012,PRD008,2024-08-03,144843.27,False,False,9.77
LOAN000004,CUST01384,BR002,PRD007,2025-05-06,256266.0,False,False,7.88
LOAN000005,CUST01229,BR007,PRD005,2024-05-01,92842.79,False,False,11.38
LOAN000006,CUST01172,BR005,PRD008,2024-06-30,351897.16,True,False,4.77
LOAN000007,CUST00305,BR009,PRD006,2024-06-28,166590.03,True,False,8.38
LOAN000008,CUST01676,BR012,PRD006,2023-10-26,205543.7,True,False,7.08
LOAN000009,CUST01185,BR002,PRD005,2025-07-16,324036.69,True,False,3.99
LOAN000010,CUST01989,BR012,PRD005,2023-10-08,213191.83,False,False,5.86
LOAN000011,CUST01166,BR007,PRD005,2023-07-16,39909.04,True,False,7.68
LOAN000012,CUST00758,BR001,PRD007,2023-04-04,78773.17,False,False,5.82
LOAN000013,CUST01811,BR010,PRD007,2025-11-19,229139.91,True,False,12.26
LOAN000014,CUST01597,BR003,PRD007,2025-12-12,308546.24,True,False,6.02
LOAN000015,CUST00153,BR002,PRD005,2023-11-21,173317.91,True,False,7.16
LOAN000016,CUST01239,BR006,PRD008,2025-12-30,70829.66,True,False,4.95
LOAN000017,CUST00595,BR010,PRD007,2023-05-04,68480.84,True,False,8.19
LOAN000018,CUST01306,BR002,PRD008,2024-12-04,304035.37,False,False,8.82
LOAN000019,CUST00222,BR007,PRD005,2024-10-29,440039.7,False,False,4.63
LOAN000020,CUST00611,BR009,PRD007,2023-02-24,443940.53,False,False,7.7
LOAN000021,CUST00935,BR003,PRD007,2025-10-10,99947.49,True,False,11.99
LOAN000022,CUST00114,BR007,PRD007,2024-02-03,211938.76,True,False,6.63
LOAN000023,CUST01731,BR013,PRD006,2024-03-13,97786.93,False,False,5.91
LOAN000024,CUST00995,BR012,PRD008,2025-11-15,440690.34,True,False,6.24
LOAN000025,CUST01670,BR008,PRD008,2025-07-08,440057.05,True,False,6.47
LOAN000026,CUST01588,BR010,PRD006,2024-04-20,105675.47,False,False,5.15
LOAN000027,CUST01115,BR002,PRD007,2024-02-18,186510.82,False,False,5.63
LOAN000028,CUST01929,BR007,PRD008,2025-02-01,314228.21,False,False,5.66
LOAN000029,CUST01178,BR010,PRD007,2024-01-17,376257.79,True,False,11.01
LOAN000030,CUST01885,BR010,PRD006,2024-05-05,129915.82,False,False,10.28
LOAN000031,CUST00682,BR011,PRD006,2025-10-01,386180.55,False,False,8.81
LOAN000032,CUST01054,BR007,PRD006,2024-08-21,166116.92,True,False,7.47
LOAN000033,CUST01653,BR002,PRD006,2025-08-24,354230.53,True,False,6.14
LOAN000034,CUST01280,BR003,PRD007,2023-09-26,151839.13,True,False,4.95
LOAN000035,CUST01471,BR004,PRD008,2025-03-13,180775.48,True,False,4.28
LOAN000036,CUST01937,BR013,PRD008,2023-07-28,145823.43,True,False,6.86
LOAN000037,CUST00943,BR006,PRD007,2024-02-19,116454.65,True,False,4.41
LOAN000038,CUST01145,BR005,PRD005,2025-07-11,235706.92,True,False,11.29
LOAN000039,CUST00780,BR015,PRD008,2023-05-02,152368.85,True,False,5.63
LOAN000040,CUST01834,BR006,PRD008,2023-03-12,129697.12,False,False,11.26
LOAN000041,CUST01155,BR006,PRD006,2023-10-30,238457.8,True,False,4.68
LOAN000042,CUST00206,BR008,PRD005,2023-04-07,319731.3,True,False,4.89
LOAN000043,CUST01299,BR011,PRD005,2025-07-10,28989.49,False,False,5.8
LOAN000044,CUST00165,BR005,PRD008,2024-12-28,77304.4,True,False,8.94
LOAN000045,CUST00926,BR006,PRD007,2024-05-15,219085.75,False,False,10.02
LOAN000046,CUST01547,BR002,PRD006,2023-10-18,231183.83,False,False,7.27
LOAN000047,CUST00895,BR012,PRD007,2025-09-20,237745.97,True,False,7.41
LOAN000048,CUST01702,BR011,PRD006,2023-07-02,18614.93,True,False,9.63
LOAN000049,CUST01878,BR007,PRD008,2024-05-23,433034.39,True,False,7.3
LOAN000050,CUST00483,BR004,PRD007,2025-07-13,191832.38,False,False,3.91
LOAN000051,CUST01417,BR011,PRD008,2024-09-20,400889.83,True,False,11.86
LOAN000052,CUST00361,BR013,PRD005,2023-08-19,366286.32,True,False,4.46
LOAN000053,CUST01411,BR006,PRD008,2023-09-19,405300.21,False,False,3.72
LOAN000054,CUST01209,BR004,PRD008,2025-01-04,201169.3,True,True,8.01
LOAN000055,CUST00955,BR012,PRD008,2024-03-13,375632.94,False,False,10.26
LOAN000056,CUST00816,BR005,PRD006,2025-09-09,359099.41,False,False,11.31
LOAN000057,CUST00291,BR002,PRD007,2025-07-08,215279.77,False,False,10.52
LOAN000058,CUST01813,BR006,PRD005,2024-09-04,32478.83,False,False,7.5
LOAN000059,CUST01910,BR012,PRD008,2025-12-04,15499.44,True,False,11.74
LOAN000060,CUST01529,BR003,PRD006,2025-09-05,431369.37,True,False,4.26
LOAN000061,CUST00618,BR012,PRD005,2024-11-09,240616.74,True,False,6.43
LOAN000062,CUST00779,BR012,PRD005,2025-10-27,155455.36,True,False,7.56
LOAN000063,CUST01144,BR014,PRD007,2023-12-24,58029.55,False,False,5.13
LOAN000064,CUST01324,BR002,PRD007,2024-05-09,260661.16,True,False,3.67
LOAN000065,CUST01167,BR009,PRD007,2024-12-20,270710.86,True,False,6.37
LOAN000066,CUST00359,BR015,PRD008,2025-04-17,374828.47,True,True,8.9
LOAN000067,CUST00706,BR002,PRD006,2024-01-21,319224.86,False,False,4.53
LOAN000068,CUST00435,BR005,PRD007,2023-10-08,121106.34,True,False,12.47
LOAN000069,CUST01439,BR004,PRD008,2023-12-18,196276.21,False,False,6.73
LOAN000070,CUST01850,BR002,PRD007,2025-06-15,393487.2,True,False,3.8
LOAN000071,CUST00802,BR015,PRD005,2023-08-09,241578.47,False,False,5.39
LOAN000072,CUST00226,BR010,PRD005,2024-03-29,166932.45,True,False,5.3
LOAN000073,CUST01615,BR011,PRD007,2023-05-02,18944.6,True,False,7.25
LOAN000074,CUST02000,BR011,PRD008,2025-11-01,355562.95,True,False,12.07
LOAN000075,CUST00681,BR001,PRD007,2023-09-13,281486.13,True,False,7.0
LOAN000076,CUST01527,BR011,PRD005,2024-10-30,346895.16,True,False,8.05
LOAN000077,CUST01618,BR011,PRD008,2024-06-18,166693.89,True,False,5.11
LOAN000078,CUST01830,BR015,PRD005,2023-09-02,358666.23,True,False,8.0
LOAN000079,CUST01779,BR015,PRD008,2025-09-07,433784.08,False,False,10.72
LOAN000080,CUST01886,BR008,PRD005,2025-03-06,190167.22,False,False,10.17
LOAN000081,CUST01698,BR012,PRD007,2024-08-05,205119.39,False,False,4.22
LOAN000082,CUST00654,BR009,PRD006,2024-05-12,233473.11,True,False,11.29
LOAN000083,CUST00926,BR006,PRD005,2025-05-15,385237.71,True,False,8.67
LOAN000084,CUST00310,BR010,PRD006,2024-02-29,172250.54,False,False,3.59
LOAN000085,CUST00396,BR009,PRD005,2024-09-04,141511.58,True,False,12.41
LOAN000086,CUST01611,BR008,PRD007,2025-09-02,327467.98,True,False,9.96
LOAN000087,CUST00901,BR006,PRD008,2024-10-26,342965.36,True,False,9.08
LOAN000088,CUST00414,BR009,PRD006,2024-01-16,264464.68,False,False,7.58
LOAN000089,CUST01376,BR012,PRD007,2025-12-14,200882.43,False,False,11.34
LOAN000090,CUST01545,BR001,PRD006,2025-02-09,178268.41,True,False,11.06
LOAN000091,CUST01186,BR015,PRD005,2024-06-11,377305.02,True,False,10.44
LOAN000092,CUST01691,BR002,PRD005,2025-07-12,18863.8,True,False,4.83
LOAN000093,CUST01650,BR015,PRD005,2025-11-27,142987.9,False,False,11.13
LOAN000094,CUST01431,BR010,PRD008,2024-09-26,393220.2,False,False,3.87
LOAN000095,CUST00982,BR006,PRD008,2023-06-21,147476.6,True,False,11.15
LOAN000096,CUST00808,BR005,PRD006,2024-11-12,113862.58,True,True,12.28
LOAN000097,CUST01047,BR003,PRD005,2023-08-12,221208.09,True,False,11.94
LOAN000098,CUST00929,BR012,PRD007,2023-04-08,194114.22,False,False,6.41
LOAN000099,CUST00043,BR003,PRD008,2025-01-14,164359.76,True,False,11.46
LOAN000100,CUST01251,BR015,PRD006,2025-05-09,150148.85,False,False,9.52
LOAN000101,CUST01153,BR015,PRD005,2025-05-20,212489.52,True,False,11.98
LOAN000102,CUST01769,BR009,PRD006,2025-03-20,73394.84,True,False,7.36
LOAN000103,CUST00713,BR013,PRD005,2025-05-31,57835.95,True,False,8.7
LOAN000104,CUST00848,BR005,PRD008,2023-03-09,182498.84,True,False,4.05
LOAN000105,CUST00028,BR008,PRD007,2023-09-01,382727.47,True,False,6.88
LOAN000106,CUST01601,BR012,PRD007,2025-03-18,223146.57,True,False,7.17
LOAN000107,CUST01606,BR006,PRD006,2025-10-02,220916.4,True,False,3.65
LOAN000108,CUST00127,BR001,PRD005,2023-06-16,367325.87,True,False,6.49
LOAN000109,CUST01960,BR002,PRD005,2024-03-14,326558.87,True,False,4.08
LOAN000110,CUST01064,BR004,PRD006,2024-02-13,236673.71,False,False,11.68
LOAN000111,CUST01960,BR011,PRD007,2023-11-01,180415.12,True,False,5.28
LOAN000112,CUST01010,BR010,PRD006,2023-07-16,46388.36,False,False,11.23
LOAN000113,CUST01949,BR001,PRD007,2023-05-20,108985.19,True,False,12.28
LOAN000114,CUST00408,BR014,PRD005,2023-02-08,113024.61,True,False,7.83
LOAN000115,CUST01323,BR001,PRD006,2023-02-20,207181.37,False,False,4.06
LOAN000116,CUST00988,BR007,PRD006,2024-12-29,240264.06,True,False,9.55
LOAN000117,CUST01301,BR010,PRD006,2023-02-15,334476.78,False,False,8.2
LOAN000118,CUST00873,BR007,PRD006,2024-10-08,366038.15,True,False,10.27
LOAN000119,CUST01266,BR006,PRD008,2023-12-17,88900.49,True,False,7.11
LOAN000120,CUST01457,BR014,PRD005,2025-06-18,65876.67,False,False,4.7
LOAN000121,CUST01171,BR013,PRD006,2024-01-11,321033.05,True,False,8.27
LOAN000122,CUST00376,BR010,PRD005,2023-01-11,271225.51,False,False,10.09
LOAN000123,CUST01825,BR004,PRD008,2025-09-13,126201.25,True,False,7.11
LOAN000124,CUST01705,BR009,PRD006,2024-10-28,273847.78,True,False,4.37
LOAN000125,CUST01095,BR003,PRD005,2023-12-28,375208.23,True,False,6.59
LOAN000126,CUST01085,BR004,PRD008,2025-06-06,297121.34,True,False,12.46
LOAN000127,CUST00535,BR010,PRD008,2024-02-24,214962.38,True,False,5.44
LOAN000128,CUST00110,BR012,PRD008,2023-11-14,98962.16,True,False,4.04
LOAN000129,CUST00790,BR004,PRD007,2025-12-09,345652.87,True,False,6.14
LOAN000130,CUST00030,BR004,PRD008,2023-04-18,79381.14,False,False,9.92
LOAN000131,CUST01989,BR001,PRD008,2025-11-23,140493.22,True,False,8.9
LOAN000132,CUST00886,BR015,PRD005,2023-09-04,189186.14,False,False,6.51
LOAN000133,CUST00671,BR007,PRD008,2025-01-25,221264.46,True,False,6.32
LOAN000134,CUST00595,BR007,PRD008,2024-09-27,392013.08,True,False,4.16
LOAN000135,CUST00014,BR014,PRD007,2025-08-27,15508.82,False,False,7.16
LOAN000136,CUST00055,BR010,PRD006,2025-03-23,79433.95,True,True,10.19
LOAN000137,CUST00717,BR006,PRD008,2024-04-04,160338.39,False,False,5.85
LOAN000138,CUST00875,BR003,PRD005,2024-01-27,163002.9,True,False,5.48
LOAN000139,CUST00258,BR007,PRD008,2024-01-18,136244.31,False,False,8.61
LOAN000140,CUST01910,BR011,PRD006,2025-04-26,389086.58,False,False,6.84
LOAN000141,CUST01872,BR006,PRD005,2025-11-12,145660.96,False,False,10.54
LOAN000142,CUST00833,BR008,PRD008,2023-04-01,12047.02,True,False,6.22
LOAN000143,CUST00554,BR014,PRD007,2023-10-22,204572.53,True,False,8.91
LOAN000144,CUST01846,BR008,PRD006,2023-12-26,71915.57,True,False,7.4
LOAN000145,CUST01216,BR006,PRD006,2025-07-29,255702.61,True,False,8.09
LOAN000146,CUST00579,BR008,PRD005,2023-11-07,259398.88,False,False,9.46
LOAN000147,CUST01317,BR015,PRD005,2023-01-02,171958.96,True,False,4.07
LOAN000148,CUST01813,BR005,PRD006,2024-12-31,26889.21,True,False,11.23
LOAN000149,CUST01940,BR006,PRD007,2025-07-21,305483.81,True,False,10.38
LOAN000150,CUST01038,BR008,PRD006,2023-06-21,418104.47,True,False,10.25
LOAN000151,CUST01813,BR004,PRD006,2024-03-13,312150.97,True,True,9.4
LOAN000152,CUST01206,BR011,PRD005,2024-03-24,117840.88,True,False,12.12
LOAN000153,CUST00026,BR009,PRD008,2023-03-24,244835.85,True,False,5.5
LOAN000154,CUST00870,BR010,PRD008,2024-07-12,96002.14,True,False,10.84
LOAN000155,CUST00810,BR004,PRD007,2025-01-07,114093.45,True,False,3.87
LOAN000156,CUST00579,BR009,PRD007,2025-08-07,193928.7,True,False,10.86
LOAN000157,CUST01230,BR004,PRD007,2024-01-19,187668.96,True,False,10.73
LOAN000158,CUST01757,BR004,PRD007,2023-12-28,372590.52,True,False,11.22
LOAN000159,CUST01928,BR002,PRD005,2024-09-20,265827.13,True,False,9.8
LOAN000160,CUST00915,BR010,PRD008,2023-10-31,119312.86,True,False,4.4
LOAN000161,CUST01498,BR011,PRD007,2024-10-04,240685.67,True,False,3.6
LOAN000162,CUST01190,BR009,PRD005,2023-03-21,210650.56,True,False,4.42
LOAN000163,CUST00807,BR015,PRD007,2023-08-12,50572.29,True,True,11.34
LOAN000164,CUST01679,BR005,PRD008,2025-05-30,288952.15,False,False,9.31
LOAN000165,CUST00350,BR008,PRD006,2023-07-21,183205.55,False,False,7.22
LOAN000166,CUST01458,BR011,PRD005,2024-07-02,137792.25,False,False,7.41
LOAN000167,CUST00929,BR001,PRD006,2024-04-26,265032.03,True,False,5.18
LOAN000168,CUST01977,BR005,PRD005,2025-08-11,119234.18,False,False,7.95
LOAN000169,CUST01846,BR010,PRD008,2024-04-08,174381.58,True,False,10.88
LOAN000170,CUST01997,BR008,PRD007,2024-05-22,370115.79,True,False,6.52
LOAN000171,CUST01945,BR010,PRD007,2025-03-02,203956.29,False,False,12.29
LOAN000172,CUST00911,BR011,PRD006,2024-06-30,372709.29,True,False,5.44
LOAN000173,CUST00287,BR010,PRD006,2025-05-19,127542.58,True,False,4.25
LOAN000174,CUST01578,BR013,PRD005,2024-09-14,305664.77,True,False,6.35
LOAN000175,CUST01396,BR007,PRD005,2025-06-28,242394.64,False,False,10.41
LOAN000176,CUST00638,BR009,PRD005,2023-11-02,376543.71,True,False,6.43
LOAN000177,CUST01508,BR015,PRD006,2023-02-16,108286.63,True,False,11.14
LOAN000178,CUST01870,BR007,PRD005,2024-10-07,172809.32,True,False,10.9
LOAN000179,CUST01305,BR002,PRD008,2024-12-28,69093.89,True,False,11.71
LOAN000180,CUST01343,BR004,PRD006,2023-10-28,218440.29,True,False,5.03
LOAN000181,CUST00378,BR013,PRD005,2024-05-03,241710.53,True,False,11.33
LOAN000182,CUST00611,BR013,PRD006,2025-12-08,176417.63,False,False,5.1
LOAN000183,CUST01431,BR012,PRD008,2025-10-25,260297.16,False,False,11.01
LOAN000184,CUST00824,BR009,PRD008,2024-11-18,56366.49,True,False,3.87
LOAN000185,CUST00472,BR008,PRD008,2024-01-19,27219.49,True,False,5.57
LOAN000186,CUST01559,BR013,PRD006,2023-08-01,5271.3,True,False,7.36
LOAN000187,CUST00735,BR010,PRD008,2024-05-14,314591.76,True,False,9.89
LOAN000188,CUST01458,BR010,PRD007,2024-10-12,287246.76,True,False,6.17
LOAN000189,CUST01953,BR007,PRD006,2025-03-19,331700.09,False,False,8.69
LOAN000190,CUST00591,BR010,PRD008,2024-10-24,387808.28,False,False,7.8
LOAN000191,CUST00062,BR013,PRD008,2025-08-29,82705.99,True,False,9.21
LOAN000192,CUST00521,BR006,PRD005,2025-01-23,69551.33,False,False,12.17
LOAN000193,CUST01845,BR014,PRD005,2023-03-29,317071.77,True,False,10.31
LOAN000194,CUST01582,BR006,PRD008,2025-06-05,306312.26,True,False,4.38
LOAN000195,CUST00894,BR002,PRD007,2023-12-14,210454.32,True,False,9.36
LOAN000196,CUST01406,BR013,PRD005,2024-05-20,104751.43,True,False,9.62
LOAN000197,CUST00463,BR012,PRD006,2024-09-25,369308.69,True,False,5.97
LOAN000198,CUST00841,BR013,PRD006,2023-03-24,91422.28,True,False,11.45
LOAN000199,CUST01656,BR007,PRD006,2024-07-29,4327.13,True,False,5.8
LOAN000200,CUST00053,BR003,PRD006,2025-02-07,184215.22,True,False,9.55
LOAN000201,CUST01868,BR001,PRD006,2023-03-20,448684.45,True,False,6.84
LOAN000202,CUST01586,BR012,PRD008,2023-06-01,427066.31,True,False,6.8
LOAN000203,CUST00682,BR004,PRD008,2024-08-04,313597.11,False,False,4.99
LOAN000204,CUST00449,BR011,PRD005,2023-04-06,208262.72,False,False,11.34
LOAN000205,CUST00292,BR002,PRD005,2024-03-08,145357.48,True,False,4.45
LOAN000206,CUST01575,BR001,PRD005,2025-09-16,236175.57,False,False,7.46
LOAN000207,CUST00240,BR007,PRD007,2023-01-22,104833.75,True,False,11.65
LOAN000208,CUST01996,BR007,PRD005,2023-01-29,271555.66,True,False,6.62
LOAN000209,CUST00933,BR014,PRD006,2024-11-19,448266.8,True,False,4.74
LOAN000210,CUST01234,BR014,PRD008,2025-02-23,381882.28,True,False,5.58
LOAN000211,CUST00507,BR009,PRD006,2023-12-07,109299.07,False,False,7.98
LOAN000212,CUST01989,BR003,PRD008,2023-05-20,298550.0,False,False,9.71
LOAN000213,CUST01035,BR012,PRD005,2023-03-15,11913.18,False,False,6.08
LOAN000214,CUST01246,BR009,PRD005,2023-04-25,297950.63,True,False,11.51
LOAN000215,CUST01890,BR005,PRD008,2024-12-20,302111.12,True,False,5.89
LOAN000216,CUST01667,BR012,PRD005,2025-05-04,229482.19,True,False,9.33
LOAN000217,CUST01595,BR013,PRD007,2024-08-18,62632.03,False,False,8.4
LOAN000218,CUST01293,BR014,PRD007,2025-11-03,213306.47,True,False,6.53
LOAN000219,CUST00831,BR005,PRD006,2023-07-04,281344.88,False,False,9.23
LOAN000220,CUST00714,BR003,PRD007,2024-05-02,437218.52,True,False,7.35
LOAN000221,CUST00887,BR014,PRD005,2025-04-03,240007.69,True,False,4.92
LOAN000222,CUST00578,BR011,PRD005,2023-08-27,247666.33,True,False,3.82
LOAN000223,CUST00660,BR001,PRD007,2023-06-01,69145.15,False,False,5.04
LOAN000224,CUST00122,BR015,PRD007,2024-01-04,285422.32,False,False,8.61
LOAN000225,CUST00935,BR012,PRD007,2023-09-09,359520.56,True,False,7.68
LOAN000226,CUST01137,BR003,PRD007,2025-05-28,214735.59,True,False,4.95
LOAN000227,CUST01851,BR006,PRD007,2025-09-07,334730.24,True,False,3.53
LOAN000228,CUST01488,BR015,PRD007,2023-12-01,192351.11,True,False,5.19
LOAN000229,CUST01344,BR013,PRD008,2024-06-28,347412.45,True,False,9.56
LOAN000230,CUST00662,BR014,PRD008,2024-08-14,318632.38,True,False,4.84
LOAN000231,CUST01578,BR014,PRD007,2025-06-11,301628.7,True,False,9.72
LOAN000232,CUST01661,BR005,PRD005,2025-10-22,3181.41,False,False,6.36
LOAN000233,CUST01155,BR004,PRD008,2023-10-24,41105.11,True,False,9.63
LOAN000234,CUST01964,BR015,PRD008,2024-05-09,97024.68,True,False,5.88
LOAN000235,CUST01295,BR009,PRD008,2023-09-02,37091.43,False,False,7.85
LOAN000236,CUST01646,BR008,PRD007,2023-07-21,16798.7,True,False,11.11
LOAN000237,CUST00251,BR001,PRD006,2023-02-22,13811.99,False,False,4.05
LOAN000238,CUST01027,BR012,PRD005,2024-04-11,288902.17,True,False,11.75
LOAN000239,CUST01069,BR006,PRD006,2023-01-02,401670.27,False,False,4.25
LOAN000240,CUST00314,BR010,PRD005,2024-04-16,131224.13,False,False,8.19
LOAN000241,CUST01111,BR007,PRD008,2023-05-20,13927.43,True,False,8.26
LOAN000242,CUST00576,BR002,PRD007,2023-05-02,202599.01,False,False,8.8
LOAN000243,CUST00009,BR004,PRD006,2024-12-03,414301.07,False,False,5.97
LOAN000244,CUST00589,BR003,PRD007,2025-02-01,288315.25,True,False,7.37
LOAN000245,CUST00184,BR015,PRD008,2025-01-27,196937.67,True,False,9.33
LOAN000246,CUST00350,BR008,PRD006,2025-11-03,428198.71,True,False,11.27
LOAN000247,CUST00169,BR004,PRD005,2023-05-28,288506.06,True,False,7.65
LOAN000248,CUST00805,BR011,PRD006,2025-04-22,191948.46,True,False,10.58
LOAN000249,CUST00932,BR009,PRD006,2023-11-14,99762.87,True,False,8.79
LOAN000250,CUST01663,BR014,PRD008,2023-09-26,228219.29,True,False,9.34
LOAN000251,CUST01581,BR014,PRD008,2024-05-23,85964.62,False,False,9.76
LOAN000252,CUST00002,BR003,PRD005,2024-09-24,282895.91,True,False,5.12
LOAN000253,CUST01160,BR007,PRD008,2025-05-24,203430.52,False,False,9.61
LOAN000254,CUST00765,BR007,PRD007,2023-08-21,405918.71,False,False,4.6
LOAN000255,CUST00283,BR013,PRD006,2023-12-15,5915.26,True,False,4.99
LOAN000256,CUST01000,BR005,PRD005,2025-09-16,445194.63,True,False,10.42
LOAN000257,CUST01177,BR013,PRD008,2025-05-22,277237.32,False,False,4.7
LOAN000258,CUST01408,BR002,PRD008,2025-07-23,188388.54,False,False,9.94
LOAN000259,CUST00918,BR008,PRD006,2025-10-13,403356.1,True,False,6.94
LOAN000260,CUST00538,BR013,PRD008,2024-02-09,449861.07,True,False,4.76
LOAN000261,CUST00102,BR002,PRD005,2025-06-08,175347.29,True,False,11.38
LOAN000262,CUST01654,BR013,PRD006,2023-12-12,293162.19,True,False,10.8
LOAN000263,CUST01607,BR009,PRD005,2025-08-14,408694.01,True,False,8.07
LOAN000264,CUST01000,BR008,PRD008,2023-01-26,107166.72,False,False,9.74
LOAN000265,CUST00934,BR002,PRD007,2024-10-17,254438.9,True,False,10.45
LOAN000266,CUST00426,BR005,PRD005,2023-01-28,231247.76,True,False,10.8
LOAN000267,CUST01118,BR014,PRD005,2024-06-21,406103.83,True,False,10.25
LOAN000268,CUST00341,BR001,PRD008,2025-06-19,335157.51,True,False,8.78
LOAN000269,CUST00901,BR014,PRD007,2023-04-19,213295.62,True,False,12.25
LOAN000270,CUST00148,BR012,PRD007,2025-03-08,291010.41,False,False,11.06
LOAN000271,CUST01942,BR006,PRD006,2024-06-21,228423.24,True,False,8.49
LOAN000272,CUST00993,BR005,PRD006,2023-04-06,298974.28,False,False,10.06
LOAN000273,CUST01774,BR005,PRD007,2025-04-17,202863.37,True,False,6.71
LOAN000274,CUST00910,BR001,PRD008,2025-05-05,109260.13,True,False,7.31
LOAN000275,CUST01232,BR004,PRD006,2024-07-14,96634.58,True,False,7.25
LOAN000276,CUST01452,BR015,PRD008,2023-07-08,393847.44,False,False,12.29
LOAN000277,CUST01375,BR002,PRD005,2023-04-21,260541.68,True,False,4.81
LOAN000278,CUST01277,BR014,PRD005,2025-09-03,193544.9,False,False,8.92
LOAN000279,CUST00153,BR012,PRD006,2025-05-21,168105.75,False,False,5.35
LOAN000280,CUST00468,BR005,PRD008,2023-07-21,103617.27,True,False,7.77
LOAN000281,CUST00972,BR001,PRD006,2025-12-20,98960.06,True,False,5.75
LOAN000282,CUST00295,BR008,PRD006,2023-02-18,393141.71,True,False,10.51
LOAN000283,CUST00742,BR009,PRD005,2024-02-27,26780.22,False,False,6.38
LOAN000284,CUST01027,BR014,PRD005,2025-10-21,240306.05,True,False,4.05
LOAN000285,CUST01486,BR002,PRD007,2024-12-06,308060.73,True,False,6.96
LOAN000286,CUST01460,BR014,PRD005,2025-02-24,179935.96,True,False,5.89
LOAN000287,CUST00965,BR011,PRD007,2025-12-04,151600.19,True,False,11.26
LOAN000288,CUST01641,BR012,PRD006,2024-04-30,355294.13,True,False,11.92
LOAN000289,CUST00149,BR002,PRD008,2024-04-16,315150.83,True,False,8.7
LOAN000290,CUST01572,BR009,PRD005,2025-02-16,118146.82,True,False,9.5
LOAN000291,CUST00385,BR015,PRD005,2024-02-19,407958.82,False,False,4.12
LOAN000292,CUST01682,BR003,PRD005,2023-10-13,200495.46,True,False,4.84
LOAN000293,CUST00059,BR001,PRD005,2025-04-26,365156.18,True,False,9.03
LOAN000294,CUST00252,BR010,PRD007,2025-09-20,396082.89,False,False,4.07
LOAN000295,CUST01063,BR007,PRD007,2023-09-19,407767.34,False,False,4.1
LOAN000296,CUST01163,BR003,PRD005,2024-09-14,130847.4,False,False,4.91
LOAN000297,CUST00698,BR006,PRD005,2025-06-25,67132.78,False,False,5.05
LOAN000298,CUST00475,BR013,PRD008,2023-11-02,217137.61,False,False,10.56
LOAN000299,CUST00042,BR003,PRD008,2023-10-14,404428.22,True,False,8.6
LOAN000300,CUST01930,BR001,PRD008,2024-07-01,72672.7,False,False,4.21
LOAN000301,CUST00290,BR009,PRD005,2025-09-12,223370.07,True,False,10.39
LOAN000302,CUST00866,BR005,PRD007,2023-10-21,279832.15,False,False,8.75
LOAN000303,CUST00436,BR014,PRD008,2024-07-25,23573.54,True,False,7.2
LOAN000304,CUST01667,BR015,PRD008,2024-03-21,248571.97,True,False,8.88
LOAN000305,CUST00604,BR011,PRD005,2023-11-29,4154.01,True,False,5.3
LOAN000306,CUST00982,BR006,PRD008,2025-08-26,427504.13,False,False,8.08
LOAN000307,CUST01690,BR001,PRD006,2023-01-14,317231.71,False,False,6.27
LOAN000308,CUST00483,BR002,PRD005,2024-03-18,264246.65,True,False,6.71
LOAN000309,CUST00402,BR003,PRD007,2024-06-25,135037.58,False,False,7.2
LOAN000310,CUST01630,BR002,PRD006,2025-11-10,208002.91,True,False,6.48
LOAN000311,CUST00040,BR012,PRD005,2025-08-11,117579.35,True,False,9.11
LOAN000312,CUST00809,BR012,PRD005,2024-01-06,172568.15,False,False,5.32
LOAN000313,CUST01043,BR002,PRD007,2024-11-19,341748.73,True,False,10.01
LOAN000314,CUST00596,BR006,PRD006,2024-08-06,399293.49,True,False,8.5
LOAN000315,CUST00895,BR014,PRD008,2024-08-22,127187.78,True,False,11.27
LOAN000316,CUST01675,BR002,PRD007,2025-11-06,127574.9,True,False,9.4
LOAN000317,CUST00645,BR007,PRD005,2023-10-07,87296.08,True,False,9.16
LOAN000318,CUST01193,BR002,PRD008,2024-08-28,378704.02,True,False,8.36
LOAN000319,CUST01838,BR003,PRD006,2025-03-08,212957.61,False,False,12.44
LOAN000320,CUST01168,BR011,PRD008,2023-04-15,12058.54,True,True,6.49
LOAN000321,CUST01759,BR007,PRD006,2023-05-10,413532.06,True,False,9.28
LOAN000322,CUST01656,BR006,PRD008,2023-12-08,244859.58,True,False,9.24
LOAN000323,CUST00918,BR008,PRD006,2023-08-10,146229.64,False,False,4.14
LOAN000324,CUST01924,BR003,PRD006,2024-08-31,125266.23,True,False,6.53
LOAN000325,CUST00837,BR007,PRD008,2023-04-09,216979.58,True,False,7.05
LOAN000326,CUST00109,BR012,PRD005,2024-01-28,235409.0,True,False,5.26
LOAN000327,CUST00132,BR002,PRD005,2024-08-17,84453.71,False,False,6.67
LOAN000328,CUST00814,BR010,PRD005,2024-07-29,214224.38,True,False,6.58
LOAN000329,CUST01858,BR013,PRD005,2025-03-08,260299.88,True,False,6.29
LOAN000330,CUST01901,BR015,PRD007,2025-06-01,81371.71,True,False,11.27
LOAN000331,CUST00786,BR010,PRD005,2024-07-20,91869.74,False,False,12.2
LOAN000332,CUST00387,BR014,PRD006,2025-06-24,444357.03,True,False,9.77
LOAN000333,CUST01124,BR010,PRD005,2025-03-16,226896.45,True,False,10.66
LOAN000334,CUST00301,BR002,PRD008,2024-12-05,393194.82,False,False,9.89
LOAN000335,CUST01608,BR004,PRD005,2023-04-14,47716.05,True,False,3.53
LOAN000336,CUST00528,BR015,PRD005,2023-04-27,87971.79,True,False,5.2
LOAN000337,CUST00948,BR003,PRD006,2023-10-17,83767.84,True,False,8.09
LOAN000338,CUST00244,BR012,PRD006,2023-12-01,234997.84,True,False,10.01
LOAN000339,CUST01720,BR010,PRD005,2023-01-14,92257.58,True,True,4.33
LOAN000340,CUST00591,BR007,PRD006,2025-01-09,300408.91,True,False,7.86
LOAN000341,CUST01368,BR008,PRD006,2025-12-25,300511.65,True,False,6.93
LOAN000342,CUST00044,BR003,PRD006,2024-06-22,338356.4,False,False,9.64
LOAN000343,CUST01665,BR002,PRD005,2023-06-11,293353.15,True,False,3.75
LOAN000344,CUST01828,BR003,PRD005,2025-11-13,386439.62,True,False,6.89
LOAN000345,CUST00502,BR010,PRD007,2023-12-18,62755.76,True,False,10.3
LOAN000346,CUST01997,BR003,PRD007,2024-11-25,219940.76,True,False,3.79
LOAN000347,CUST00085,BR012,PRD006,2023-01-31,352278.42,False,False,7.42
LOAN000348,CUST00066,BR006,PRD007,2024-03-19,340206.82,True,False,10.3
LOAN000349,CUST01383,BR008,PRD008,2024-01-26,46771.42,False,False,9.02
LOAN000350,CUST00688,BR009,PRD006,2025-09-24,163341.4,True,False,8.42
LOAN000351,CUST01000,BR008,PRD008,2025-03-24,41669.05,True,True,8.79
LOAN000352,CUST00341,BR009,PRD008,2024-01-10,350337.93,False,False,12.38
LOAN000353,CUST01606,BR009,PRD008,2023-10-02,145485.24,True,False,4.9
LOAN000354,CUST01588,BR009,PRD007,2025-07-24,165923.74,True,False,3.67
LOAN000355,CUST00777,BR001,PRD006,2024-11-18,185130.45,False,False,11.73
LOAN000356,CUST00546,BR010,PRD008,2023-11-04,89069.29,False,False,7.8
LOAN000357,CUST01566,BR013,PRD006,2025-03-27,258532.44,True,False,5.12
LOAN000358,CUST01291,BR011,PRD007,2025-11-05,149887.27,True,False,11.7
LOAN000359,CUST01227,BR015,PRD006,2023-03-19,134486.47,True,True,9.22
LOAN000360,CUST01514,BR012,PRD008,2024-09-27,63354.46,True,False,9.53
LOAN000361,CUST00833,BR004,PRD007,2025-12-20,127056.7,False,False,5.58
LOAN000362,CUST01905,BR011,PRD008,2023-08-17,57626.0,True,False,3.92
LOAN000363,CUST00755,BR010,PRD005,2025-07-18,435601.15,True,False,7.23
LOAN000364,CUST00731,BR011,PRD008,2023-10-08,350371.75,True,True,11.78
LOAN000365,CUST01577,BR010,PRD007,2023-08-19,93401.16,True,False,11.33
LOAN000366,CUST01312,BR010,PRD007,2025-08-02,319195.0,True,False,8.7
LOAN000367,CUST00284,BR005,PRD005,2025-07-13,364466.86,True,True,4.5
LOAN000368,CUST00555,BR002,PRD006,2025-06-20,120092.95,True,False,4.68
LOAN000369,CUST00652,BR010,PRD005,2025-04-23,403394.82,True,False,4.39
LOAN000370,CUST00718,BR005,PRD005,2023-12-09,441017.79,True,False,4.49
LOAN000371,CUST01640,BR002,PRD005,2023-08-25,298495.22,True,False,9.44
LOAN000372,CUST01878,BR011,PRD008,2024-09-27,419198.29,False,False,6.41
LOAN000373,CUST01607,BR010,PRD007,2024-01-26,150741.34,True,False,11.12
LOAN000374,CUST01707,BR004,PRD008,2024-03-09,440401.85,True,False,3.77
LOAN000375,CUST01698,BR001,PRD008,2024-09-21,286621.98,True,False,5.69
LOAN000376,CUST00621,BR011,PRD005,2023-04-17,328127.11,False,False,10.45
LOAN000377,CUST00314,BR002,PRD006,2025-11-07,343611.45,True,False,7.42
LOAN000378,CUST01202,BR011,PRD005,2024-12-28,72695.02,True,False,8.76
LOAN000379,CUST01476,BR004,PRD006,2025-12-08,355489.06,True,False,11.71
LOAN000380,CUST01510,BR015,PRD007,2024-08-26,204784.66,False,False,5.71
LOAN000381,CUST00341,BR009,PRD006,2024-08-18,55232.47,True,False,10.68
LOAN000382,CUST01708,BR011,PRD006,2025-02-01,241813.22,True,False,9.57
LOAN000383,CUST01893,BR011,PRD005,2024-02-23,73339.7,False,False,3.56
LOAN000384,CUST01440,BR004,PRD006,2024-04-03,435476.56,True,False,10.8
LOAN000385,CUST01447,BR010,PRD008,2023-02-05,181211.83,True,False,7.61
LOAN000386,CUST00994,BR004,PRD006,2025-12-13,418221.28,True,False,5.37
LOAN000387,CUST01220,BR014,PRD007,2025-01-22,361667.25,True,False,3.66
LOAN000388,CUST00556,BR004,PRD007,2024-01-31,394319.33,False,False,8.8
LOAN000389,CUST00401,BR013,PRD005,2024-11-11,215954.93,True,False,9.86
LOAN000390,CUST00960,BR005,PRD008,2023-11-05,32307.71,True,False,5.26
LOAN000391,CUST00684,BR004,PRD006,2025-06-22,184329.32,False,False,9.06
LOAN000392,CUST01199,BR001,PRD008,2025-04-17,66757.63,True,False,6.92
LOAN000393,CUST00842,BR001,PRD006,2025-02-24,118879.99,True,False,9.31
LOAN000394,CUST01065,BR014,PRD006,2025-03-09,413836.75,True,False,4.99
LOAN000395,CUST01436,BR006,PRD005,2024-01-04,86788.99,False,False,8.9
LOAN000396,CUST00728,BR004,PRD005,2025-09-08,205196.0,False,False,9.96
LOAN000397,CUST00755,BR005,PRD007,2025-10-22,130972.63,True,False,8.4
LOAN000398,CUST00809,BR007,PRD007,2025-12-10,175299.01,True,False,6.03
LOAN000399,CUST01988,BR009,PRD007,2023-11-24,328724.79,True,False,10.66
LOAN000400,CUST01906,BR003,PRD006,2025-09-25,149370.25,True,False,9.11
LOAN000401,CUST00006,BR009,PRD005,2024-12-31,82008.94,True,False,10.62
LOAN000402,CUST01228,BR014,PRD007,2024-08-28,128000.34,False,False,5.04
LOAN000403,CUST01300,BR004,PRD007,2024-08-25,423102.71,False,False,7.3
LOAN000404,CUST00765,BR004,PRD008,2025-09-17,290287.96,True,False,10.78
LOAN000405,CUST00210,BR001,PRD006,2025-04-01,309391.76,True,False,8.58
LOAN000406,CUST00408,BR014,PRD005,2023-12-26,168482.83,False,False,11.77
LOAN000407,CUST01434,BR010,PRD008,2023-06-02,61826.82,False,False,11.46
LOAN000408,CUST00614,BR005,PRD008,2023-02-25,320012.28,True,False,8.64
LOAN000409,CUST01362,BR003,PRD005,2024-04-29,147487.0,True,False,4.81
LOAN000410,CUST01159,BR002,PRD007,2025-03-31,200535.93,True,False,10.55
LOAN000411,CUST00300,BR003,PRD008,2025-11-03,335898.76,True,False,9.31
LOAN000412,CUST00674,BR009,PRD006,2025-06-29,446639.85,True,False,12.25
LOAN000413,CUST01718,BR008,PRD006,2024-09-18,181202.18,True,False,5.23
LOAN000414,CUST00637,BR011,PRD006,2024-06-04,209799.54,False,False,11.1
LOAN000415,CUST01831,BR002,PRD005,2024-09-24,207436.26,True,False,6.52
LOAN000416,CUST00290,BR007,PRD005,2025-09-01,334071.71,False,False,9.35
LOAN000417,CUST00034,BR009,PRD006,2023-08-04,435976.56,False,False,8.44
LOAN000418,CUST00200,BR003,PRD006,2025-05-19,435427.54,False,False,6.12
LOAN000419,CUST01884,BR013,PRD008,2025-04-16,389441.22,True,False,6.66
LOAN000420,CUST00328,BR011,PRD006,2025-08-08,364734.73,True,True,11.83
LOAN000421,CUST01967,BR002,PRD007,2024-08-22,281189.61,True,False,10.06
LOAN000422,CUST00830,BR003,PRD005,2023-07-10,431470.58,True,False,6.88
LOAN000423,CUST01049,BR013,PRD005,2024-08-19,231189.51,False,False,11.58
LOAN000424,CUST00206,BR001,PRD005,2025-04-18,303421.52,False,False,11.36
LOAN000425,CUST01141,BR007,PRD007,2024-05-25,278978.02,False,False,10.16
LOAN000426,CUST00397,BR009,PRD008,2024-06-23,7851.97,False,False,6.56
LOAN000427,CUST01333,BR014,PRD008,2023-03-11,347148.49,True,False,7.14
LOAN000428,CUST01785,BR009,PRD005,2025-05-19,164555.33,True,False,12.06
LOAN000429,CUST01320,BR015,PRD008,2023-04-04,249541.72,True,False,5.23
LOAN000430,CUST01992,BR003,PRD007,2025-06-09,213557.56,True,False,8.17
LOAN000431,CUST00955,BR010,PRD006,2023-10-11,444951.77,True,False,9.96
LOAN000432,CUST01312,BR004,PRD006,2025-03-01,234692.15,True,False,7.39
LOAN000433,CUST01596,BR004,PRD008,2025-03-31,412141.74,True,False,9.31
LOAN000434,CUST00734,BR015,PRD005,2025-08-30,161526.88,True,False,7.68
LOAN000435,CUST00918,BR006,PRD007,2025-07-05,126599.9,True,True,12.14
LOAN000436,CUST01706,BR003,PRD006,2023-11-14,316471.4,True,False,7.03
LOAN000437,CUST00312,BR010,PRD007,2024-03-19,84079.51,True,False,5.09
LOAN000438,CUST00202,BR012,PRD008,2024-08-14,216028.51,False,False,7.71
LOAN000439,CUST00922,BR007,PRD006,2023-10-12,189169.31,False,False,11.17
LOAN000440,CUST00798,BR006,PRD007,2025-08-15,440674.04,False,False,6.69
LOAN000441,CUST01369,BR009,PRD006,2024-05-03,133985.56,False,False,10.43
LOAN000442,CUST00057,BR001,PRD008,2024-06-30,203507.24,True,False,5.46
LOAN000443,CUST01327,BR010,PRD008,2023-05-26,83060.79,False,False,6.03
LOAN000444,CUST01840,BR009,PRD006,2024-03-23,2592.99,True,False,11.97
LOAN000445,CUST00865,BR011,PRD008,2025-08-26,194751.5,True,False,4.25
LOAN000446,CUST01202,BR005,PRD007,2024-02-13,75900.79,True,False,6.41
LOAN000447,CUST01739,BR015,PRD008,2024-04-10,249158.89,False,False,9.83
LOAN000448,CUST01248,BR002,PRD006,2024-09-23,139917.33,False,False,12.12
LOAN000449,CUST01451,BR015,PRD006,2023-02-07,342619.73,True,False,10.93
LOAN000450,CUST00849,BR013,PRD006,2025-08-29,146993.27,False,False,6.93
LOAN000451,CUST01348,BR011,PRD006,2025-06-02,243051.68,False,False,7.57
LOAN000452,CUST00244,BR005,PRD008,2025-07-05,118431.52,True,False,12.48
LOAN000453,CUST00712,BR007,PRD006,2023-02-21,382064.2,True,False,5.64
LOAN000454,CUST01462,BR004,PRD006,2023-09-04,401794.55,True,False,8.78
LOAN000455,CUST00762,BR009,PRD007,2023-09-07,7627.8,True,False,6.62
LOAN000456,CUST00345,BR012,PRD005,2025-10-28,13528.28,False,False,4.29
LOAN000457,CUST00613,BR014,PRD008,2024-08-01,82181.83,True,False,7.86
LOAN000458,CUST01318,BR011,PRD006,2023-11-16,172817.34,False,False,4.84
LOAN000459,CUST00334,BR010,PRD005,2025-11-27,178760.83,True,False,6.24
LOAN000460,CUST00812,BR004,PRD006,2024-10-03,185749.86,False,False,5.05
LOAN000461,CUST01744,BR003,PRD005,2023-07-01,275150.55,True,False,3.9
LOAN000462,CUST00924,BR005,PRD008,2025-06-18,175768.99,False,False,11.55
LOAN000463,CUST00010,BR008,PRD006,2025-12-06,190012.28,True,False,7.47
LOAN000464,CUST01163,BR015,PRD008,2024-12-24,32467.88,True,False,8.95
LOAN000465,CUST00767,BR012,PRD008,2024-03-10,421508.45,False,False,6.12
LOAN000466,CUST01962,BR001,PRD006,2023-07-27,178176.74,False,False,8.79
LOAN000467,CUST01008,BR010,PRD005,2024-12-08,43758.6,True,False,12.05
LOAN000468,CUST01030,BR014,PRD007,2023-10-13,211483.31,False,False,4.54
LOAN000469,CUST00071,BR012,PRD006,2024-02-12,152181.81,True,False,6.86
LOAN000470,CUST01366,BR008,PRD006,2023-06-25,156729.13,True,False,9.74
LOAN000471,CUST01041,BR006,PRD006,2023-01-23,156793.29,False,False,6.41
LOAN000472,CUST01560,BR005,PRD006,2025-09-20,146295.66,True,False,10.5
LOAN000473,CUST00773,BR012,PRD005,2024-08-05,140154.92,False,False,3.63
LOAN000474,CUST01330,BR008,PRD006,2023-05-17,165759.74,True,False,6.0
LOAN000475,CUST00736,BR009,PRD006,2023-05-13,409239.73,True,False,7.8
LOAN000476,CUST01961,BR008,PRD007,2024-09-24,107089.75,True,False,12.33
LOAN000477,CUST01075,BR009,PRD008,2024-05-11,112541.42,False,False,10.37
LOAN000478,CUST01625,BR013,PRD008,2025-12-03,292998.68,False,False,7.66
LOAN000479,CUST01806,BR011,PRD008,2025-09-27,183814.13,True,False,11.35
LOAN000480,CUST00380,BR006,PRD006,2023-01-04,214836.91,False,False,6.88
LOAN000481,CUST01899,BR002,PRD006,2025-06-21,160704.09,True,False,5.98
LOAN000482,CUST00040,BR010,PRD005,2025-01-26,185216.75,True,False,4.58
LOAN000483,CUST01773,BR013,PRD007,2023-11-11,31175.12,True,False,8.37
LOAN000484,CUST01415,BR013,PRD007,2023-09-23,205509.16,True,False,5.06
LOAN000485,CUST00345,BR010,PRD005,2025-05-25,49846.05,False,False,4.79
LOAN000486,CUST00516,BR012,PRD008,2023-02-03,143229.54,True,False,7.56
LOAN000487,CUST01754,BR005,PRD005,2025-05-02,88620.85,False,False,10.3
LOAN000488,CUST00405,BR002,PRD008,2023-11-22,88609.32,True,False,4.62
LOAN000489,CUST01640,BR008,PRD005,2023-10-29,447560.58,False,False,7.53
LOAN000490,CUST00108,BR015,PRD006,2025-03-08,78163.14,True,False,11.55
LOAN000491,CUST01438,BR014,PRD006,2023-11-13,105529.05,True,False,11.83
LOAN000492,CUST01719,BR001,PRD008,2025-04-26,55294.46,True,False,11.08
LOAN000493,CUST01846,BR010,PRD008,2025-04-06,84551.66,False,False,11.95
LOAN000494,CUST00432,BR014,PRD008,2025-06-23,259261.15,False,False,5.21
LOAN000495,CUST00479,BR001,PRD005,2023-02-10,380479.38,True,True,7.02
LOAN000496,CUST01272,BR002,PRD008,2023-06-28,330300.41,True,False,9.29
LOAN000497,CUST01360,BR003,PRD006,2023-12-10,322003.95,True,False,6.59
LOAN000498,CUST01378,BR015,PRD008,2024-03-29,422593.82,True,False,8.54
LOAN000499,CUST01273,BR009,PRD007,2023-09-29,36747.15,False,False,4.1
LOAN000500,CUST00215,BR015,PRD005,2024-07-16,332726.87,True,False,11.15
LOAN000501,CUST00639,BR014,PRD005,2025-10-13,313485.28,True,False,6.0
LOAN000502,CUST01553,BR003,PRD005,2024-11-11,103204.97,False,False,8.59
LOAN000503,CUST01177,BR015,PRD007,2023-03-27,90157.22,True,False,6.91
LOAN000504,CUST00321,BR003,PRD006,2024-06-10,283653.67,True,False,6.06
LOAN000505,CUST00229,BR007,PRD006,2023-05-25,170196.64,True,False,6.74
LOAN000506,CUST00894,BR005,PRD008,2023-10-20,208314.53,False,False,9.57
LOAN000507,CUST00823,BR005,PRD007,2025-02-20,352492.43,True,False,9.49
LOAN000508,CUST01390,BR001,PRD008,2024-05-22,13723.19,True,False,11.57
LOAN000509,CUST01830,BR006,PRD008,2024-07-12,262372.58,True,True,11.78
LOAN000510,CUST01651,BR014,PRD008,2023-12-22,433814.79,True,False,7.71
LOAN000511,CUST00605,BR001,PRD006,2023-04-28,412531.79,True,False,6.79
LOAN000512,CUST01739,BR008,PRD008,2023-06-10,118649.46,True,False,4.16
LOAN000513,CUST00465,BR004,PRD005,2023-06-23,204420.04,False,False,9.7
LOAN000514,CUST01857,BR015,PRD008,2024-01-08,439622.38,True,False,8.19
LOAN000515,CUST00262,BR012,PRD007,2023-03-06,331044.72,False,False,11.57
LOAN000516,CUST01736,BR004,PRD007,2023-06-21,245347.02,False,False,5.0
LOAN000517,CUST01762,BR004,PRD007,2023-04-08,381997.37,True,False,8.67
LOAN000518,CUST00496,BR014,PRD008,2023-07-20,341813.04,True,False,9.43
LOAN000519,CUST01020,BR012,PRD006,2025-02-16,29344.8,False,False,5.02
LOAN000520,CUST01009,BR014,PRD008,2025-11-27,130239.89,True,False,6.06
LOAN000521,CUST00053,BR006,PRD005,2025-08-02,377960.57,True,False,8.88
LOAN000522,CUST00770,BR009,PRD007,2025-08-06,39352.15,True,False,6.98
LOAN000523,CUST01044,BR004,PRD007,2024-01-16,251236.15,True,False,5.76
LOAN000524,CUST00831,BR010,PRD008,2024-04-07,19845.59,True,False,6.92
LOAN000525,CUST01756,BR014,PRD007,2024-02-12,208612.63,True,False,11.64
LOAN000526,CUST01412,BR014,PRD006,2025-08-13,408948.04,True,False,8.0
LOAN000527,CUST01992,BR009,PRD008,2025-12-22,213229.56,True,False,9.26
LOAN000528,CUST01128,BR005,PRD006,2024-04-11,117639.58,True,False,6.07
LOAN000529,CUST01299,BR010,PRD006,2023-12-10,3145.92,True,False,4.2
LOAN000530,CUST00106,BR013,PRD006,2025-08-17,81969.63,True,False,9.27
LOAN000531,CUST01023,BR007,PRD005,2024-11-18,97270.45,True,False,4.62
LOAN000532,CUST01616,BR010,PRD008,2025-12-25,278104.52,True,False,9.37
LOAN000533,CUST01361,BR008,PRD008,2025-01-11,28733.56,True,False,10.46
LOAN000534,CUST00561,BR009,PRD008,2024-09-22,273558.37,True,False,7.07
LOAN000535,CUST00606,BR002,PRD007,2025-04-02,442465.67,False,False,3.59
LOAN000536,CUST00904,BR004,PRD008,2025-02-09,246093.57,True,False,4.94
LOAN000537,CUST01550,BR008,PRD008,2023-04-18,149541.08,True,False,4.7
LOAN000538,CUST01824,BR002,PRD005,2024-11-03,301360.1,False,False,7.11
LOAN000539,CUST01425,BR007,PRD006,2025-06-02,443862.18,True,False,9.38
LOAN000540,CUST00112,BR004,PRD005,2023-12-21,412966.0,False,False,5.67
LOAN000541,CUST01200,BR005,PRD007,2024-01-31,144815.26,False,False,6.76
LOAN000542,CUST01717,BR001,PRD007,2024-03-27,377654.73,False,False,5.41
LOAN000543,CUST01834,BR004,PRD007,2025-12-02,426130.91,True,False,3.89
LOAN000544,CUST01972,BR010,PRD007,2025-12-21,400656.39,True,True,7.56
LOAN000545,CUST01623,BR008,PRD007,2024-05-24,237602.32,True,False,12.48
LOAN000546,CUST01307,BR008,PRD007,2023-05-25,391781.5,True,False,11.64
LOAN000547,CUST01047,BR006,PRD005,2025-12-21,264319.68,True,False,12.11
LOAN000548,CUST01549,BR003,PRD005,2025-03-26,310136.83,True,False,10.87
LOAN000549,CUST01936,BR011,PRD005,2024-06-15,324978.39,True,False,10.53
LOAN000550,CUST00887,BR012,PRD006,2025-11-30,287810.99,False,False,10.04
LOAN000551,CUST00068,BR007,PRD008,2025-09-20,197300.44,True,False,9.86
LOAN000552,CUST00424,BR009,PRD005,2025-04-12,126011.13,True,False,9.21
LOAN000553,CUST01418,BR008,PRD008,2025-02-20,236641.09,True,False,11.59
LOAN000554,CUST00309,BR002,PRD007,2023-04-16,303603.83,False,False,8.87
LOAN000555,CUST01708,BR014,PRD005,2023-02-01,142257.2,True,False,11.27
LOAN000556,CUST01039,BR015,PRD005,2023-02-18,26262.65,False,False,11.6
LOAN000557,CUST01148,BR007,PRD008,2024-07-19,294533.96,True,False,5.21
LOAN000558,CUST00378,BR012,PRD007,2023-08-13,406541.99,False,False,6.44
LOAN000559,CUST01599,BR002,PRD007,2024-04-10,77386.12,True,False,6.37
LOAN000560,CUST00882,BR003,PRD006,2024-09-27,432560.4,False,False,10.27
LOAN000561,CUST00800,BR007,PRD005,2023-08-24,412723.32,True,False,6.19
LOAN000562,CUST01994,BR012,PRD008,2023-01-18,38932.8,True,True,8.56
LOAN000563,CUST00900,BR012,PRD005,2023-12-31,218384.35,True,False,9.99
LOAN000564,CUST00811,BR014,PRD005,2025-01-08,245118.48,False,False,7.07
LOAN000565,CUST00494,BR008,PRD008,2023-09-10,4099.26,True,False,7.71
LOAN000566,CUST01683,BR001,PRD007,2024-09-27,56047.98,False,False,11.8
LOAN000567,CUST00566,BR003,PRD007,2025-01-02,414924.44,True,False,10.73
LOAN000568,CUST01605,BR001,PRD007,2024-08-02,72724.27,True,False,4.83
LOAN000569,CUST01149,BR012,PRD005,2025-09-13,254362.98,True,False,10.05
LOAN000570,CUST00918,BR001,PRD008,2023-02-11,407233.59,False,False,11.55
LOAN000571,CUST00330,BR013,PRD007,2024-11-27,71586.76,True,True,12.46
LOAN000572,CUST00768,BR011,PRD007,2024-07-17,72245.27,False,False,11.06
LOAN000573,CUST01799,BR002,PRD005,2025-12-04,264951.61,True,False,9.6
LOAN000574,CUST00649,BR002,PRD007,2023-06-07,272579.36,True,False,11.33
LOAN000575,CUST00879,BR005,PRD008,2025-03-06,287419.76,True,False,11.14
LOAN000576,CUST00175,BR003,PRD005,2024-07-14,71156.85,True,False,11.3
LOAN000577,CUST01599,BR010,PRD005,2025-12-18,446843.09,False,False,9.45
LOAN000578,CUST00278,BR014,PRD006,2024-12-17,439409.77,True,False,5.48
LOAN000579,CUST01700,BR014,PRD006,2023-10-12,373518.84,True,False,5.02
LOAN000580,CUST01046,BR008,PRD006,2025-12-05,233142.36,True,False,9.48
LOAN000581,CUST00317,BR010,PRD005,2024-10-10,297797.49,True,False,9.54
LOAN000582,CUST00901,BR015,PRD006,2023-01-27,145774.26,True,False,12.26
LOAN000583,CUST01268,BR004,PRD006,2025-07-25,4935.74,True,False,9.09
LOAN000584,CUST00941,BR015,PRD006,2023-09-26,390017.15,True,False,11.52
LOAN000585,CUST01541,BR002,PRD008,2024-02-17,324652.02,False,False,8.67
LOAN000586,CUST00356,BR003,PRD006,2023-03-27,206886.1,True,False,7.55
LOAN000587,CUST01991,BR007,PRD005,2024-04-03,192444.41,True,True,9.8
LOAN000588,CUST00865,BR002,PRD006,2023-09-28,329581.38,False,False,8.13
LOAN000589,CUST01792,BR011,PRD008,2023-11-25,333883.67,True,False,8.26
LOAN000590,CUST01088,BR014,PRD007,2025-02-03,45613.56,False,False,11.16
LOAN000591,CUST00957,BR008,PRD008,2024-08-19,391975.24,True,False,5.9
LOAN000592,CUST00510,BR003,PRD005,2023-08-27,354322.17,False,False,8.1
LOAN000593,CUST00870,BR011,PRD008,2024-12-26,57564.18,False,False,7.08
LOAN000594,CUST01911,BR008,PRD008,2024-12-01,36295.28,True,False,10.58
LOAN000595,CUST01044,BR012,PRD006,2024-04-04,89912.59,True,False,4.98
LOAN000596,CUST00401,BR007,PRD008,2024-03-29,95424.86,False,False,5.54
LOAN000597,CUST00393,BR008,PRD008,2023-02-04,303930.58,True,False,9.25
LOAN000598,CUST00313,BR011,PRD006,2023-06-03,59942.81,True,False,10.02
LOAN000599,CUST00235,BR015,PRD005,2023-06-05,158377.58,True,False,7.62
LOAN000600,CUST01115,BR004,PRD007,2024-04-07,57937.26,False,False,9.88
LOAN000601,CUST00371,BR008,PRD008,2023-10-06,170547.52,False,False,9.19
LOAN000602,CUST00849,BR005,PRD008,2025-02-25,193394.98,False,False,3.94
LOAN000603,CUST01131,BR014,PRD008,2023-03-23,317163.33,True,False,8.47
LOAN000604,CUST01271,BR001,PRD006,2025-02-09,196541.73,True,False,5.31
LOAN000605,CUST00068,BR005,PRD006,2024-02-16,281705.76,False,False,5.98
LOAN000606,CUST01133,BR005,PRD006,2024-06-03,194270.09,True,False,4.01
LOAN000607,CUST01188,BR003,PRD008,2023-08-29,349982.44,True,False,4.31
LOAN000608,CUST01875,BR005,PRD005,2023-04-24,401096.14,True,False,11.31
LOAN000609,CUST00510,BR001,PRD006,2024-09-16,437048.29,False,False,11.68
LOAN000610,CUST00887,BR007,PRD007,2024-03-12,437190.63,True,False,11.49
LOAN000611,CUST00249,BR007,PRD005,2024-08-08,52403.86,True,False,7.44
LOAN000612,CUST00203,BR009,PRD007,2024-09-16,36118.05,True,False,8.41
LOAN000613,CUST00153,BR009,PRD008,2024-01-26,239331.03,True,False,11.8
LOAN000614,CUST00727,BR004,PRD008,2023-02-04,436423.25,True,False,5.84
LOAN000615,CUST01650,BR003,PRD007,2024-03-14,262876.16,False,False,7.68
LOAN000616,CUST01096,BR015,PRD008,2024-11-01,246937.36,True,False,8.29
LOAN000617,CUST00781,BR001,PRD006,2023-01-31,411527.74,False,False,11.57
LOAN000618,CUST01086,BR001,PRD008,2025-10-06,56986.03,False,False,6.61
LOAN000619,CUST01823,BR010,PRD008,2024-12-18,339243.23,True,False,9.66
LOAN000620,CUST00746,BR013,PRD008,2025-05-13,284774.26,False,False,12.44
LOAN000621,CUST00598,BR014,PRD006,2025-04-12,152946.91,False,False,8.14
LOAN000622,CUST01584,BR011,PRD008,2025-12-31,440659.37,True,False,9.76
LOAN000623,CUST00305,BR001,PRD008,2025-04-24,292608.76,True,False,4.89
LOAN000624,CUST01756,BR009,PRD005,2023-09-05,112502.29,True,False,6.9
LOAN000625,CUST01090,BR008,PRD006,2023-05-24,210251.5,True,False,7.97
LOAN000626,CUST00493,BR009,PRD005,2025-09-29,406157.46,True,False,4.46
LOAN000627,CUST00277,BR011,PRD008,2025-07-27,113261.95,True,False,4.79
LOAN000628,CUST00203,BR008,PRD006,2024-09-23,331419.21,True,False,12.24
LOAN000629,CUST00772,BR005,PRD007,2023-09-20,402494.44,True,False,10.01
LOAN000630,CUST01443,BR007,PRD006,2024-07-14,11642.22,False,False,6.62
LOAN000631,CUST01449,BR004,PRD007,2023-05-19,388900.89,True,False,9.38
LOAN000632,CUST00984,BR005,PRD007,2025-01-28,95901.39,True,False,7.7
LOAN000633,CUST01694,BR014,PRD007,2023-01-13,41387.32,True,False,8.19
LOAN000634,CUST01630,BR015,PRD006,2025-10-07,405660.74,True,False,3.85
LOAN000635,CUST00490,BR012,PRD008,2024-11-14,277023.4,True,True,5.6
LOAN000636,CUST00577,BR011,PRD005,2024-10-24,445692.51,False,False,4.09
LOAN000637,CUST01821,BR011,PRD008,2024-02-13,278546.54,True,False,5.81
LOAN000638,CUST01517,BR005,PRD008,2023-11-28,397343.45,True,False,4.6
LOAN000639,CUST01669,BR015,PRD008,2023-09-02,194305.17,True,False,5.17
LOAN000640,CUST01005,BR012,PRD006,2024-05-22,360150.79,True,False,6.66
LOAN000641,CUST01903,BR009,PRD007,2023-04-06,85647.51,True,False,10.03
LOAN000642,CUST00603,BR013,PRD006,2025-11-27,368113.36,False,False,7.66
LOAN000643,CUST01201,BR006,PRD005,2024-01-23,171724.53,True,False,9.19
LOAN000644,CUST00385,BR013,PRD005,2025-02-20,293825.67,True,False,9.45
LOAN000645,CUST01524,BR001,PRD005,2024-10-21,125539.42,False,False,11.97
LOAN000646,CUST01411,BR006,PRD005,2023-04-03,97623.02,False,False,6.87
LOAN000647,CUST01308,BR011,PRD005,2024-02-14,129094.89,False,False,11.88
LOAN000648,CUST00042,BR006,PRD007,2025-07-26,373109.82,True,False,10.8
LOAN000649,CUST00259,BR014,PRD008,2024-05-20,4110.12,True,False,9.67
LOAN000650,CUST01327,BR003,PRD005,2023-08-15,105162.62,False,False,12.21
LOAN000651,CUST01014,BR007,PRD008,2024-02-23,239776.63,False,False,8.58
LOAN000652,CUST00834,BR006,PRD008,2024-10-28,161704.31,True,False,8.33
LOAN000653,CUST00946,BR007,PRD006,2025-10-23,337882.26,True,False,8.56
LOAN000654,CUST01134,BR014,PRD007,2023-06-13,289285.77,True,False,7.75
LOAN000655,CUST01541,BR008,PRD007,2024-02-21,322947.07,True,False,11.6
LOAN000656,CUST01412,BR006,PRD006,2023-07-23,24870.94,False,False,4.47
LOAN000657,CUST01478,BR007,PRD006,2024-04-15,309152.88,True,False,6.9
LOAN000658,CUST01031,BR003,PRD007,2023-10-11,128165.06,True,False,5.11
LOAN000659,CUST00616,BR010,PRD007,2023-01-11,258541.05,False,False,6.63
LOAN000660,CUST01489,BR001,PRD006,2023-02-10,229566.45,True,False,12.13
LOAN000661,CUST00061,BR002,PRD006,2023-10-20,341703.91,False,False,10.66
LOAN000662,CUST00206,BR015,PRD008,2023-10-15,57640.66,False,False,6.42
LOAN000663,CUST00264,BR015,PRD006,2025-08-20,49593.49,False,False,12.22
LOAN000664,CUST00275,BR003,PRD007,2023-04-26,307620.05,True,False,3.67
LOAN000665,CUST01161,BR006,PRD007,2025-06-05,215026.16,False,False,5.87
LOAN000666,CUST00785,BR012,PRD006,2025-03-06,243901.57,False,False,5.11
LOAN000667,CUST01253,BR012,PRD006,2025-03-09,27471.26,True,False,6.41
LOAN000668,CUST00734,BR003,PRD005,2023-12-24,134387.19,True,False,9.95
LOAN000669,CUST01962,BR010,PRD008,2025-07-12,214597.89,False,False,6.12
LOAN000670,CUST01335,BR008,PRD005,2023-01-20,257552.87,True,False,4.14
LOAN000671,CUST01989,BR009,PRD008,2025-05-04,298733.97,False,False,4.83
LOAN000672,CUST00680,BR014,PRD006,2025-09-06,127305.32,True,False,6.04
LOAN000673,CUST01780,BR011,PRD006,2023-11-27,210701.66,True,False,12.08
LOAN000674,CUST01178,BR004,PRD007,2025-10-29,147447.34,True,False,6.03
LOAN000675,CUST00470,BR001,PRD005,2024-01-02,77623.29,False,False,7.03
LOAN000676,CUST00311,BR001,PRD006,2025-09-21,83554.42,True,False,4.74
LOAN000677,CUST00934,BR009,PRD007,2023-11-13,386096.66,False,False,3.97
LOAN000678,CUST00269,BR002,PRD006,2025-01-16,320449.65,True,False,5.32
LOAN000679,CUST00260,BR009,PRD008,2025-06-14,7248.33,True,False,10.66
LOAN000680,CUST01832,BR011,PRD008,2023-05-05,316623.91,True,False,6.51
LOAN000681,CUST01035,BR012,PRD006,2024-07-18,37540.98,True,False,6.75
LOAN000682,CUST01882,BR006,PRD005,2025-11-05,83234.76,True,False,11.89
LOAN000683,CUST01476,BR007,PRD005,2023-12-31,239271.15,True,True,12.17
LOAN000684,CUST01016,BR007,PRD008,2025-01-21,159388.73,False,False,8.51
LOAN000685,CUST01969,BR001,PRD005,2023-03-19,87175.3,False,False,10.78
LOAN000686,CUST01979,BR015,PRD005,2023-03-25,20412.94,False,False,9.76
LOAN000687,CUST01749,BR012,PRD008,2024-07-20,177463.72,True,False,8.71
LOAN000688,CUST00825,BR001,PRD005,2023-02-20,267332.09,True,False,9.9
LOAN000689,CUST00489,BR012,PRD005,2023-08-03,93509.47,True,False,8.28
LOAN000690,CUST01708,BR009,PRD008,2025-07-26,193262.82,True,True,6.04
LOAN000691,CUST00066,BR003,PRD005,2025-08-24,224086.06,False,False,12.07
LOAN000692,CUST01877,BR008,PRD007,2024-06-15,427100.46,True,False,6.01
LOAN000693,CUST01820,BR010,PRD005,2023-02-10,398124.81,True,False,11.39
LOAN000694,CUST00427,BR008,PRD005,2025-04-08,113813.92,False,False,8.89
LOAN000695,CUST00076,BR005,PRD005,2023-03-14,391731.22,True,False,8.13
LOAN000696,CUST00640,BR001,PRD008,2024-02-12,167656.72,True,False,9.36
LOAN000697,CUST00538,BR009,PRD006,2025-05-16,79246.43,True,False,4.96
LOAN000698,CUST01396,BR013,PRD007,2025-03-29,375025.47,True,False,3.88
LOAN000699,CUST00213,BR003,PRD006,2025-12-19,362026.23,True,False,6.11
LOAN000700,CUST00253,BR010,PRD006,2025-06-20,218438.88,False,False,8.39
LOAN000701,CUST00849,BR002,PRD006,2025-05-05,345647.03,False,False,11.45
LOAN000702,CUST01465,BR006,PRD008,2025-09-20,362292.41,False,False,8.65
LOAN000703,CUST00869,BR002,PRD006,2024-06-29,157910.12,True,False,8.24
LOAN000704,CUST01751,BR009,PRD007,2023-06-14,15449.71,True,False,5.7
LOAN000705,CUST01602,BR009,PRD006,2023-03-18,166037.6,False,False,6.38
LOAN000706,CUST01334,BR007,PRD008,2024-06-16,44625.83,True,False,3.96
LOAN000707,CUST00325,BR001,PRD007,2024-08-02,190480.22,True,False,4.17
LOAN000708,CUST01616,BR004,PRD005,2025-12-29,130221.21,False,False,7.77
LOAN000709,CUST00371,BR013,PRD008,2025-06-03,96062.65,True,False,4.22
LOAN000710,CUST01952,BR002,PRD006,2025-02-13,195595.71,True,False,7.54
LOAN000711,CUST01183,BR008,PRD007,2023-05-09,412195.2,True,False,4.65
LOAN000712,CUST00583,BR003,PRD007,2023-04-12,277517.93,True,False,6.38
LOAN000713,CUST00901,BR009,PRD005,2023-02-15,57371.83,True,False,7.04
LOAN000714,CUST00791,BR010,PRD008,2025-02-17,193716.04,True,False,6.77
LOAN000715,CUST00835,BR008,PRD006,2023-11-09,345048.27,False,False,11.05
LOAN000716,CUST01373,BR008,PRD006,2024-05-31,68631.83,True,False,5.01
LOAN000717,CUST01285,BR004,PRD005,2024-12-25,190705.48,True,False,6.38
LOAN000718,CUST01088,BR013,PRD005,2023-09-12,369168.98,False,False,12.47
LOAN000719,CUST00872,BR009,PRD008,2024-02-21,83137.45,True,False,10.36
LOAN000720,CUST01779,BR011,PRD005,2025-06-02,274046.57,False,False,9.3
LOAN000721,CUST01824,BR004,PRD005,2025-11-26,120469.78,False,False,4.37
LOAN000722,CUST00856,BR012,PRD006,2024-12-28,245378.74,False,False,9.02
LOAN000723,CUST01543,BR010,PRD007,2024-10-07,433445.93,True,False,9.58
LOAN000724,CUST00736,BR007,PRD007,2023-12-21,200770.57,True,False,12.45
LOAN000725,CUST01415,BR001,PRD007,2025-11-29,169211.06,True,False,4.96
LOAN000726,CUST01696,BR013,PRD008,2025-09-24,278855.06,True,False,5.9
LOAN000727,CUST01892,BR013,PRD008,2025-06-27,415147.77,True,True,7.35
LOAN000728,CUST01628,BR006,PRD007,2025-04-07,69028.12,True,False,4.77
LOAN000729,CUST01075,BR010,PRD006,2023-10-26,293038.45,False,False,6.79
LOAN000730,CUST00544,BR015,PRD006,2023-12-23,164948.6,True,False,9.01
LOAN000731,CUST00384,BR011,PRD007,2024-07-27,101237.32,False,False,4.81
LOAN000732,CUST00532,BR001,PRD007,2023-02-04,296453.6,False,False,3.55
LOAN000733,CUST00203,BR008,PRD007,2024-10-29,408499.51,True,False,5.15
LOAN000734,CUST01058,BR012,PRD006,2024-08-18,202639.51,False,False,5.4
LOAN000735,CUST00238,BR003,PRD007,2024-08-10,99762.41,True,False,11.02
LOAN000736,CUST00843,BR007,PRD007,2023-12-25,264095.01,False,False,6.3
LOAN000737,CUST00409,BR008,PRD008,2024-05-08,114492.23,False,False,5.42
LOAN000738,CUST00738,BR003,PRD007,2025-10-24,250392.86,True,False,10.08
LOAN000739,CUST00886,BR007,PRD007,2024-05-16,115580.27,False,False,6.49
LOAN000740,CUST00194,BR001,PRD007,2024-03-07,324723.79,True,False,10.14
LOAN000741,CUST01239,BR006,PRD005,2023-07-27,94880.77,False,False,6.94
LOAN000742,CUST01014,BR011,PRD007,2024-12-03,391741.06,True,True,10.16
LOAN000743,CUST01186,BR014,PRD007,2025-02-22,74797.91,True,False,6.97
LOAN000744,CUST01391,BR011,PRD007,2024-08-20,438035.61,True,False,8.23
LOAN000745,CUST00022,BR010,PRD005,2025-08-10,324267.08,True,False,4.33
LOAN000746,CUST01006,BR010,PRD007,2025-03-12,374964.46,True,False,8.94
LOAN000747,CUST01073,BR010,PRD007,2023-01-20,80668.99,True,False,6.92
LOAN000748,CUST00581,BR013,PRD007,2023-08-23,39196.36,True,False,10.49
LOAN000749,CUST01615,BR002,PRD007,2023-10-16,335705.79,False,False,7.91
LOAN000750,CUST00358,BR005,PRD008,2025-05-09,204503.35,True,False,7.67
LOAN000751,CUST00114,BR014,PRD006,2025-11-01,18785.12,True,False,6.81
LOAN000752,CUST01034,BR013,PRD006,2023-09-08,59569.78,True,False,5.16
LOAN000753,CUST01079,BR002,PRD007,2025-03-22,433028.29,True,True,5.86
LOAN000754,CUST01713,BR009,PRD005,2024-01-01,218663.99,True,False,11.49
LOAN000755,CUST01214,BR011,PRD006,2024-07-09,187244.14,True,False,8.26
LOAN000756,CUST01437,BR012,PRD006,2025-12-27,77616.9,True,False,6.07
LOAN000757,CUST01835,BR015,PRD005,2023-01-30,228739.14,True,False,6.78
LOAN000758,CUST00056,BR015,PRD006,2023-06-02,19138.55,True,False,7.11
LOAN000759,CUST00581,BR002,PRD007,2024-02-22,367167.38,True,False,4.54
LOAN000760,CUST00623,BR001,PRD006,2024-04-13,10391.66,True,True,4.57
LOAN000761,CUST00978,BR009,PRD005,2025-10-01,309717.85,False,False,10.65
LOAN000762,CUST01403,BR001,PRD006,2023-03-02,23829.5,True,True,11.49
LOAN000763,CUST01289,BR011,PRD008,2023-06-02,283041.76,True,False,8.16
LOAN000764,CUST01461,BR008,PRD005,2023-11-21,115609.17,False,False,6.85
LOAN000765,CUST01396,BR008,PRD007,2025-08-12,426244.03,True,False,11.7
LOAN000766,CUST00300,BR001,PRD006,2025-10-25,282208.12,True,False,8.71
LOAN000767,CUST00265,BR014,PRD005,2023-11-11,96324.01,True,False,12.08
LOAN000768,CUST00504,BR006,PRD006,2024-02-10,340415.49,True,True,6.94
LOAN000769,CUST00550,BR003,PRD006,2023-02-07,367492.52,True,False,5.41
LOAN000770,CUST01612,BR005,PRD007,2023-11-16,97526.44,True,False,10.62
LOAN000771,CUST00845,BR006,PRD008,2023-06-02,252569.98,False,False,8.5
LOAN000772,CUST00872,BR001,PRD008,2023-08-23,259004.53,False,False,4.63
LOAN000773,CUST00085,BR002,PRD008,2024-06-21,158602.47,False,False,8.66
LOAN000774,CUST01286,BR008,PRD006,2024-06-26,112919.62,True,False,8.04
LOAN000775,CUST01226,BR012,PRD007,2025-07-10,251551.79,True,False,11.99
LOAN000776,CUST01424,BR001,PRD005,2025-10-27,112107.56,False,False,7.45
LOAN000777,CUST01163,BR014,PRD005,2024-11-02,441717.02,True,False,5.18
LOAN000778,CUST00837,BR014,PRD008,2024-05-25,351448.73,True,False,5.09
LOAN000779,CUST01504,BR011,PRD006,2025-06-24,382820.86,True,False,7.89
LOAN000780,CUST00960,BR003,PRD005,2023-06-06,437528.35,False,False,5.03
LOAN000781,CUST00458,BR008,PRD007,2025-07-25,310191.0,True,True,9.76
LOAN000782,CUST00620,BR001,PRD008,2024-08-07,324056.2,True,False,4.41
LOAN000783,CUST00059,BR008,PRD007,2023-11-09,131275.32,True,False,6.54
LOAN000784,CUST00481,BR002,PRD006,2025-08-31,147280.85,True,False,9.58
LOAN000785,CUST01423,BR005,PRD006,2024-10-22,26563.69,True,False,10.07
LOAN000786,CUST00940,BR013,PRD006,2024-11-02,237909.8,True,False,5.06
LOAN000787,CUST01498,BR001,PRD006,2023-11-27,103301.17,True,False,4.38
LOAN000788,CUST00378,BR006,PRD008,2023-10-05,207658.37,True,False,8.85
LOAN000789,CUST00688,BR009,PRD008,2025-11-21,262275.48,True,False,12.16
LOAN000790,CUST01538,BR006,PRD007,2024-07-31,134592.78,False,False,10.36
LOAN000791,CUST00287,BR011,PRD008,2024-06-25,325938.74,True,False,4.05
LOAN000792,CUST01429,BR009,PRD006,2023-11-28,418642.27,False,False,11.88
LOAN000793,CUST00194,BR014,PRD007,2023-03-21,179558.16,False,False,7.26
LOAN000794,CUST00013,BR005,PRD008,2023-03-07,369179.42,True,True,7.96
LOAN000795,CUST01505,BR008,PRD007,2024-10-02,360041.91,True,False,3.83
LOAN000796,CUST01007,BR008,PRD005,2023-09-03,114121.23,True,False,4.32
LOAN000797,CUST00684,BR004,PRD007,2023-05-29,205480.73,True,False,11.19
LOAN000798,CUST01083,BR002,PRD007,2023-03-19,257264.91,True,False,8.18
LOAN000799,CUST01934,BR011,PRD008,2025-04-14,166015.89,True,False,4.07
LOAN000800,CUST01177,BR004,PRD006,2025-09-22,345351.53,True,False,8.64
LOAN000801,CUST00478,BR007,PRD006,2024-11-26,419072.55,False,False,7.39
LOAN000802,CUST00603,BR004,PRD005,2024-09-08,181871.84,True,False,12.27
LOAN000803,CUST01180,BR010,PRD006,2024-02-28,65238.56,True,False,5.77
LOAN000804,CUST01890,BR008,PRD006,2025-05-20,220697.57,True,False,8.21
LOAN000805,CUST00314,BR008,PRD005,2025-09-19,247825.05,True,False,5.41
LOAN000806,CUST00755,BR011,PRD008,2025-07-06,417227.93,False,False,9.83
LOAN000807,CUST00678,BR008,PRD005,2024-04-05,117781.05,False,False,6.15
LOAN000808,CUST00499,BR002,PRD008,2023-02-09,396400.59,True,False,6.92
LOAN000809,CUST00879,BR002,PRD005,2024-09-10,251250.79,True,False,4.58
LOAN000810,CUST00738,BR006,PRD005,2024-12-16,114776.29,True,False,7.25
LOAN000811,CUST00768,BR003,PRD008,2023-02-02,295949.55,True,False,6.02
LOAN000812,CUST00073,BR006,PRD006,2023-10-22,427941.16,False,False,5.48
LOAN000813,CUST00055,BR006,PRD008,2023-09-02,350950.29,True,True,6.78
LOAN000814,CUST00375,BR004,PRD008,2023-08-22,375363.59,True,False,11.81
LOAN000815,CUST01334,BR013,PRD006,2024-02-22,85782.97,False,False,7.92
LOAN000816,CUST00206,BR001,PRD008,2025-11-13,71155.91,True,False,9.85
LOAN000817,CUST00740,BR003,PRD007,2025-12-17,374842.66,True,False,7.01
LOAN000818,CUST00886,BR006,PRD005,2025-04-19,179744.4,False,False,5.33
LOAN000819,CUST01070,BR013,PRD005,2023-03-10,139327.53,False,False,6.42
LOAN000820,CUST01949,BR002,PRD007,2023-07-22,71697.28,True,False,6.29
LOAN000821,CUST00359,BR014,PRD008,2025-03-31,408451.09,True,False,6.43
LOAN000822,CUST01545,BR008,PRD006,2024-01-07,124947.86,False,False,6.96
LOAN000823,CUST01494,BR009,PRD006,2024-11-27,432202.32,False,False,10.38
LOAN000824,CUST00344,BR012,PRD007,2024-08-17,92378.77,True,False,10.27
LOAN000825,CUST00533,BR014,PRD005,2024-12-13,345273.21,False,False,12.05
LOAN000826,CUST00703,BR007,PRD006,2025-04-10,401210.61,True,False,4.36
LOAN000827,CUST01303,BR011,PRD008,2023-08-06,205650.29,True,False,9.83
LOAN000828,CUST00361,BR008,PRD005,2024-08-13,438069.22,True,False,4.27
LOAN000829,CUST00719,BR014,PRD005,2025-03-01,166968.27,False,False,7.93
LOAN000830,CUST00621,BR005,PRD008,2025-09-21,187133.4,False,False,7.6
LOAN000831,CUST01499,BR015,PRD007,2025-08-29,167357.76,True,False,12.24
LOAN000832,CUST01737,BR001,PRD005,2025-08-06,361853.66,False,False,10.13
LOAN000833,CUST00782,BR012,PRD008,2025-02-22,185994.21,False,False,11.43
LOAN000834,CUST01350,BR007,PRD008,2023-02-17,43816.0,True,False,4.79
LOAN000835,CUST00225,BR006,PRD005,2024-06-23,429417.92,True,False,8.6
LOAN000836,CUST00394,BR015,PRD006,2024-07-17,73437.08,True,False,12.04
LOAN000837,CUST01624,BR003,PRD006,2023-08-11,438729.79,False,False,11.43
LOAN000838,CUST00015,BR007,PRD006,2025-12-22,108873.92,True,False,6.01
LOAN000839,CUST00242,BR005,PRD006,2024-09-28,184323.84,True,False,8.71
LOAN000840,CUST00261,BR012,PRD008,2024-01-09,446497.27,False,False,12.11
LOAN000841,CUST01503,BR012,PRD006,2023-04-19,414670.3,True,False,4.3
LOAN000842,CUST01105,BR004,PRD006,2023-07-13,341210.52,True,False,11.39
LOAN000843,CUST01659,BR006,PRD008,2025-03-13,151309.23,True,False,5.48
LOAN000844,CUST00381,BR012,PRD005,2023-12-22,337301.79,False,False,4.32
LOAN000845,CUST01548,BR001,PRD008,2025-08-17,423504.47,True,False,4.9
LOAN000846,CUST01011,BR005,PRD006,2023-05-04,206976.96,False,False,12.35
LOAN000847,CUST02000,BR001,PRD007,2024-01-27,444722.66,True,False,10.48
LOAN000848,CUST01517,BR005,PRD006,2024-08-08,377956.44,True,False,12.2
LOAN000849,CUST01130,BR001,PRD006,2023-03-23,417488.42,False,False,9.1
LOAN000850,CUST01374,BR010,PRD005,2024-07-24,331108.41,False,False,8.84
LOAN000851,CUST01026,BR013,PRD005,2024-05-29,228909.88,True,False,11.43
LOAN000852,CUST01364,BR007,PRD005,2023-09-24,332635.25,True,False,11.24
LOAN000853,CUST00296,BR003,PRD007,2024-02-10,44968.11,True,False,8.69
LOAN000854,CUST00834,BR015,PRD005,2025-09-02,149623.54,False,False,8.12
LOAN000855,CUST00381,BR004,PRD006,2025-07-14,276608.52,True,False,11.11
LOAN000856,CUST01760,BR011,PRD005,2025-09-25,16281.22,False,False,4.98
LOAN000857,CUST01065,BR001,PRD005,2024-03-26,414807.69,False,False,12.21
LOAN000858,CUST00612,BR012,PRD008,2024-03-12,26829.36,True,False,6.49
LOAN000859,CUST01988,BR005,PRD005,2023-03-02,6359.03,True,False,10.32
LOAN000860,CUST00481,BR011,PRD007,2023-09-09,307509.2,True,False,8.58
LOAN000861,CUST00396,BR013,PRD007,2024-08-23,311864.21,True,False,8.34
LOAN000862,CUST01392,BR005,PRD006,2025-06-18,109000.85,True,False,10.29
LOAN000863,CUST00244,BR005,PRD007,2025-04-26,352908.44,True,False,11.19
LOAN000864,CUST00953,BR003,PRD006,2024-02-21,429426.35,False,False,10.23
LOAN000865,CUST00996,BR004,PRD005,2025-12-21,26438.31,True,False,3.69
LOAN000866,CUST00737,BR006,PRD008,2023-01-10,333462.06,False,False,4.0
LOAN000867,CUST00954,BR015,PRD008,2023-07-18,143543.18,False,False,4.73
LOAN000868,CUST00488,BR002,PRD006,2024-12-27,436067.16,False,False,6.35
LOAN000869,CUST00210,BR010,PRD008,2024-06-18,26705.81,False,False,12.05
LOAN000870,CUST00996,BR007,PRD007,2025-05-22,274717.48,True,False,3.82
LOAN000871,CUST00207,BR012,PRD006,2023-07-26,375345.75,True,False,4.87
LOAN000872,CUST00840,BR007,PRD007,2023-12-15,361491.45,True,False,8.92
LOAN000873,CUST01993,BR015,PRD007,2023-10-22,81347.62,True,False,10.27
LOAN000874,CUST01136,BR012,PRD007,2024-08-29,205618.23,False,False,9.24
LOAN000875,CUST00022,BR015,PRD005,2023-02-04,391542.35,True,False,5.84
LOAN000876,CUST00032,BR002,PRD008,2025-03-09,165955.16,True,False,12.48
LOAN000877,CUST00043,BR009,PRD005,2025-07-08,229635.28,False,False,8.53
LOAN000878,CUST00145,BR015,PRD008,2023-07-17,129876.47,True,False,7.24
LOAN000879,CUST01177,BR010,PRD006,2023-05-21,226695.18,True,False,5.83
LOAN000880,CUST01913,BR001,PRD006,2025-12-16,108689.19,True,False,8.9
LOAN000881,CUST01663,BR004,PRD007,2025-10-12,84275.85,False,False,8.48
LOAN000882,CUST00939,BR002,PRD005,2024-04-19,318383.88,True,False,5.28
LOAN000883,CUST00765,BR011,PRD006,2025-12-15,336153.37,True,False,6.74
LOAN000884,CUST01727,BR007,PRD008,2024-04-08,446642.03,True,False,12.31
LOAN000885,CUST01686,BR001,PRD005,2025-07-18,359770.4,True,False,6.58
LOAN000886,CUST00323,BR005,PRD007,2023-12-06,421870.14,True,False,12.49
LOAN000887,CUST00141,BR011,PRD007,2024-02-26,209100.8,True,False,9.03
LOAN000888,CUST00402,BR014,PRD008,2023-12-24,4682.18,True,False,3.89
LOAN000889,CUST01127,BR015,PRD005,2023-01-07,226267.82,True,True,8.98
LOAN000890,CUST01022,BR008,PRD007,2023-02-28,141952.07,True,False,4.39
LOAN000891,CUST01498,BR006,PRD006,2024-05-18,352457.92,False,False,7.27
LOAN000892,CUST00418,BR008,PRD005,2025-11-08,292684.08,True,False,9.35
LOAN000893,CUST00864,BR007,PRD006,2025-07-03,246983.73,True,False,5.11
LOAN000894,CUST01943,BR004,PRD005,2023-04-02,278004.44,True,False,6.4
LOAN000895,CUST00428,BR005,PRD005,2024-08-19,368968.09,True,False,5.24
LOAN000896,CUST00462,BR007,PRD007,2025-02-23,132434.49,True,False,7.46
LOAN000897,CUST00120,BR010,PRD008,2025-02-13,333525.88,True,False,9.99
LOAN000898,CUST01145,BR012,PRD005,2024-02-14,153025.26,True,False,8.1
LOAN000899,CUST01308,BR005,PRD005,2025-03-31,106937.1,True,False,10.43
LOAN000900,CUST01059,BR008,PRD007,2025-04-18,90126.03,True,False,10.87
LOAN000901,CUST00639,BR012,PRD008,2024-10-22,421715.12,True,False,12.42
LOAN000902,CUST00668,BR015,PRD008,2024-01-10,385919.05,True,False,5.5
LOAN000903,CUST00393,BR001,PRD005,2023-11-27,188598.11,True,False,4.3
LOAN000904,CUST01315,BR012,PRD005,2025-11-28,75719.01,True,False,3.95
LOAN000905,CUST00449,BR013,PRD008,2025-07-16,289207.38,True,True,8.3
LOAN000906,CUST01252,BR011,PRD008,2024-03-03,412821.74,True,False,7.67
LOAN000907,CUST00698,BR008,PRD005,2024-04-14,289753.4,True,False,7.11
LOAN000908,CUST01523,BR015,PRD006,2023-01-10,373596.75,True,False,11.84
LOAN000909,CUST01595,BR012,PRD008,2023-09-24,195415.82,True,False,4.24
LOAN000910,CUST00974,BR010,PRD008,2024-10-25,75264.05,True,False,9.98
LOAN000911,CUST01837,BR015,PRD008,2025-01-10,147719.82,True,False,10.57
LOAN000912,CUST00002,BR001,PRD006,2023-02-12,337892.29,True,False,9.75
LOAN000913,CUST01500,BR015,PRD008,2024-12-09,366769.16,True,False,10.31
LOAN000914,CUST00858,BR003,PRD008,2024-03-04,285399.38,False,False,3.54
LOAN000915,CUST01450,BR015,PRD006,2023-03-26,233023.39,True,False,8.86
LOAN000916,CUST01494,BR008,PRD006,2025-05-30,432369.36,True,False,9.35
LOAN000917,CUST01028,BR008,PRD007,2024-09-22,259812.24,True,True,8.37
LOAN000918,CUST00284,BR009,PRD008,2024-01-23,48275.26,True,False,7.35
LOAN000919,CUST01142,BR004,PRD006,2025-10-16,62191.35,True,False,3.97
LOAN000920,CUST00529,BR002,PRD006,2025-06-12,149602.2,True,False,9.31
LOAN000921,CUST00237,BR011,PRD007,2023-01-07,390325.21,False,False,10.79
LOAN000922,CUST01541,BR008,PRD006,2023-11-08,134021.05,True,False,3.91
LOAN000923,CUST01969,BR013,PRD007,2024-02-23,182399.82,False,False,6.33
LOAN000924,CUST01483,BR010,PRD008,2023-08-19,168326.51,True,False,8.53
LOAN000925,CUST00705,BR005,PRD007,2024-05-08,15625.26,True,False,6.84
LOAN000926,CUST01111,BR008,PRD008,2024-01-26,252267.72,True,False,7.38
LOAN000927,CUST00056,BR002,PRD007,2023-02-26,300918.57,True,False,5.18
LOAN000928,CUST00561,BR009,PRD006,2024-07-01,70914.99,True,False,6.27
LOAN000929,CUST01460,BR014,PRD006,2024-03-25,47574.7,True,False,5.63
LOAN000930,CUST01789,BR007,PRD007,2025-05-02,40933.2,False,False,7.12
LOAN000931,CUST00343,BR015,PRD006,2024-03-28,320732.32,False,False,6.08
LOAN000932,CUST00471,BR014,PRD007,2023-12-29,3671.45,True,False,8.51
LOAN000933,CUST01259,BR005,PRD008,2023-02-02,311989.81,True,False,7.02
LOAN000934,CUST00416,BR010,PRD005,2025-07-12,135055.96,True,False,7.92
LOAN000935,CUST00344,BR007,PRD008,2023-01-04,47355.37,True,False,9.3
LOAN000936,CUST01661,BR007,PRD008,2023-04-04,330517.12,True,False,9.84
LOAN000937,CUST00205,BR011,PRD006,2023-11-25,149242.79,True,False,11.08
LOAN000938,CUST00678,BR005,PRD006,2023-05-09,426188.25,False,False,6.17
LOAN000939,CUST01993,BR001,PRD005,2024-06-23,119698.2,False,False,9.84
LOAN000940,CUST00289,BR003,PRD006,2024-05-12,319310.32,True,False,8.09
LOAN000941,CUST01306,BR010,PRD005,2025-05-30,415647.36,True,False,4.82
LOAN000942,CUST01077,BR008,PRD007,2023-04-16,215860.46,True,False,3.82
LOAN000943,CUST01935,BR006,PRD008,2023-02-27,25589.86,True,False,3.98
LOAN000944,CUST01061,BR013,PRD005,2024-03-08,222321.1,False,False,8.8
LOAN000945,CUST01563,BR010,PRD005,2025-10-06,3562.4,True,True,9.19
LOAN000946,CUST01638,BR013,PRD005,2025-06-12,221385.94,True,False,5.51
LOAN000947,CUST00464,BR004,PRD006,2023-11-20,8764.85,False,False,4.9
LOAN000948,CUST01829,BR015,PRD006,2025-02-04,270948.84,False,False,9.43
LOAN000949,CUST02000,BR015,PRD005,2024-02-17,291883.42,False,False,4.88
LOAN000950,CUST00430,BR002,PRD008,2023-09-16,410224.01,True,False,7.2
LOAN000951,CUST01615,BR002,PRD008,2023-07-18,346067.33,True,False,5.0
LOAN000952,CUST00299,BR014,PRD006,2024-02-18,212814.78,True,False,8.19
LOAN000953,CUST01238,BR008,PRD005,2024-07-16,347119.15,True,False,9.09
LOAN000954,CUST01266,BR008,PRD008,2025-05-07,180887.52,True,False,6.04
LOAN000955,CUST01456,BR010,PRD005,2025-05-08,437884.62,True,False,6.06
LOAN000956,CUST00135,BR002,PRD006,2023-04-10,60004.32,True,False,6.2
LOAN000957,CUST00525,BR015,PRD007,2023-06-05,148467.51,True,False,4.65
LOAN000958,CUST00093,BR010,PRD008,2023-03-25,319249.01,True,False,9.07
LOAN000959,CUST01883,BR013,PRD008,2024-01-26,143843.73,True,False,12.44
LOAN000960,CUST00127,BR007,PRD005,2024-08-04,295444.96,True,False,9.83
LOAN000961,CUST01478,BR007,PRD006,2023-12-15,251617.83,True,False,8.46
LOAN000962,CUST01078,BR001,PRD005,2024-10-22,10969.98,True,False,10.44
LOAN000963,CUST00181,BR004,PRD008,2024-06-24,410011.86,True,False,4.6
LOAN000964,CUST00900,BR006,PRD008,2023-01-30,358442.45,True,False,8.31
LOAN000965,CUST00158,BR012,PRD005,2023-02-22,129818.5,True,False,11.79
LOAN000966,CUST00923,BR013,PRD006,2023-12-15,9782.16,True,False,5.97
LOAN000967,CUST01545,BR012,PRD008,2025-03-07,399039.92,False,False,7.83
LOAN000968,CUST01948,BR009,PRD005,2024-07-12,270316.97,False,False,10.25
LOAN000969,CUST00862,BR001,PRD007,2024-06-15,68292.18,True,False,5.44
LOAN000970,CUST01374,BR001,PRD008,2025-12-05,449385.73,False,False,5.64
LOAN000971,CUST01252,BR011,PRD007,2025-05-21,243562.72,False,False,6.19
LOAN000972,CUST01949,BR012,PRD005,2024-03-21,383436.01,True,False,12.16
LOAN000973,CUST00974,BR001,PRD008,2024-01-14,65299.0,True,False,8.91
LOAN000974,CUST01959,BR014,PRD008,2024-06-09,365586.29,True,False,10.91
LOAN000975,CUST00771,BR012,PRD005,2025-07-21,199320.56,True,False,5.53
LOAN000976,CUST00675,BR003,PRD007,2025-01-15,175438.69,True,False,10.26
LOAN000977,CUST01626,BR005,PRD006,2024-05-05,447212.5,True,False,8.49
LOAN000978,CUST00771,BR011,PRD005,2024-03-07,89415.74,True,False,3.88
LOAN000979,CUST01886,BR015,PRD006,2025-09-27,424773.05,True,False,7.85
LOAN000980,CUST01322,BR012,PRD006,2025-05-18,323033.52,True,False,9.44
LOAN000981,CUST00671,BR013,PRD008,2025-08-08,401110.34,True,False,5.89
LOAN000982,CUST00598,BR014,PRD005,2024-09-09,199890.6,False,False,11.72
LOAN000983,CUST00873,BR007,PRD006,2024-01-19,264338.13,True,False,4.14
LOAN000984,CUST00190,BR012,PRD008,2024-10-04,89128.91,True,False,5.63
LOAN000985,CUST00986,BR013,PRD005,2023-02-17,447215.9,True,False,5.52
LOAN000986,CUST00470,BR008,PRD008,2024-03-03,391618.46,True,False,4.2
LOAN000987,CUST01126,BR010,PRD005,2023-06-06,83410.87,True,False,11.35
LOAN000988,CUST01113,BR002,PRD008,2024-03-04,404723.54,False,False,5.09
LOAN000989,CUST00931,BR003,PRD007,2025-11-03,104973.78,True,False,8.28
LOAN000990,CUST00568,BR005,PRD007,2023-11-02,25601.96,False,False,12.01
LOAN000991,CUST01543,BR012,PRD006,2024-07-12,164210.37,True,False,7.9
LOAN000992,CUST01505,BR013,PRD008,2023-12-14,49061.66,True,False,3.79
LOAN000993,CUST00662,BR015,PRD007,2025-06-26,211581.97,False,False,4.6
LOAN000994,CUST00218,BR005,PRD007,2024-06-01,284382.77,True,False,10.65
LOAN000995,CUST00354,BR007,PRD005,2023-07-07,16188.67,True,True,9.01
LOAN000996,CUST00120,BR008,PRD008,2023-03-11,367400.78,True,False,7.45
LOAN000997,CUST01556,BR013,PRD008,2024-11-09,431947.69,True,False,4.5
LOAN000998,CUST01447,BR005,PRD005,2023-05-04,146697.04,True,False,5.57
LOAN000999,CUST00337,BR007,PRD007,2025-02-15,448293.64,True,False,6.15
LOAN001000,CUST01138,BR010,PRD005,2024-07-29,175791.18,False,False,11.13
LOAN001001,CUST01950,BR006,PRD006,2023-04-21,418623.65,True,False,11.94
LOAN001002,CUST01661,BR007,PRD008,2024-12-26,252059.28,True,True,9.47
LOAN001003,CUST00021,BR007,PRD006,2024-05-02,158428.93,True,False,8.96
LOAN001004,CUST00527,BR012,PRD007,2024-07-30,137631.13,True,False,10.21
LOAN001005,CUST01709,BR015,PRD007,2023-08-26,139630.13,True,False,11.41
LOAN001006,CUST00935,BR013,PRD006,2024-05-27,66280.78,True,False,8.65
LOAN001007,CUST00404,BR013,PRD005,2024-06-14,235262.62,True,False,5.87
LOAN001008,CUST01906,BR002,PRD007,2024-06-20,14544.94,True,False,4.84
LOAN001009,CUST01591,BR008,PRD007,2023-06-20,435642.12,True,False,11.97
LOAN001010,CUST00416,BR012,PRD007,2024-01-12,55446.72,True,False,6.87
LOAN001011,CUST01894,BR006,PRD008,2023-05-20,210376.73,True,False,7.8
LOAN001012,CUST00850,BR006,PRD008,2024-08-30,135871.28,True,False,11.72
LOAN001013,CUST00035,BR008,PRD008,2023-03-01,409003.79,True,False,3.67
LOAN001014,CUST01744,BR004,PRD005,2024-12-22,293200.62,True,True,4.17
LOAN001015,CUST01843,BR014,PRD008,2023-07-11,269678.95,True,False,11.3
LOAN001016,CUST01545,BR014,PRD005,2025-07-23,292989.87,True,False,7.72
LOAN001017,CUST00745,BR001,PRD005,2023-02-02,431137.29,True,False,10.22
LOAN001018,CUST01003,BR002,PRD006,2023-12-05,113690.6,True,False,6.98
LOAN001019,CUST00456,BR007,PRD005,2025-01-22,342424.15,True,False,3.67
LOAN001020,CUST01968,BR012,PRD006,2025-01-17,30655.56,False,False,11.23
LOAN001021,CUST00638,BR001,PRD007,2025-05-09,21239.8,True,False,9.61
LOAN001022,CUST00922,BR001,PRD006,2023-11-03,144869.87,True,False,10.93
LOAN001023,CUST00063,BR013,PRD005,2025-06-09,381611.04,False,False,12.08
LOAN001024,CUST01655,BR002,PRD007,2025-11-10,44806.2,True,False,7.31
LOAN001025,CUST01678,BR011,PRD007,2024-02-02,259133.45,True,False,11.74
LOAN001026,CUST00616,BR014,PRD006,2025-10-07,121398.34,True,False,4.14
LOAN001027,CUST00140,BR012,PRD005,2024-11-04,92390.55,True,False,7.96
LOAN001028,CUST01515,BR015,PRD006,2023-06-26,307110.85,True,False,9.72
LOAN001029,CUST00521,BR012,PRD008,2023-06-27,35449.16,True,False,10.35
LOAN001030,CUST00673,BR008,PRD005,2023-11-06,297787.25,False,False,7.17
LOAN001031,CUST00549,BR003,PRD008,2023-06-13,257846.65,True,False,10.41
LOAN001032,CUST01454,BR001,PRD005,2024-12-11,119417.55,True,False,11.96
LOAN001033,CUST01960,BR013,PRD005,2025-11-17,63719.89,True,False,11.62
LOAN001034,CUST01606,BR015,PRD008,2025-04-02,333904.36,True,False,9.44
LOAN001035,CUST01645,BR001,PRD005,2023-03-22,39142.78,True,False,11.77
LOAN001036,CUST01218,BR007,PRD005,2024-02-26,134308.0,True,False,10.21
LOAN001037,CUST00976,BR011,PRD006,2024-01-18,398391.03,False,False,5.7
LOAN001038,CUST01854,BR009,PRD007,2023-11-23,411741.15,False,False,9.01
LOAN001039,CUST01907,BR008,PRD006,2024-06-26,297246.24,True,False,11.73
LOAN001040,CUST01646,BR005,PRD006,2023-01-15,237977.25,True,False,7.47
LOAN001041,CUST01116,BR006,PRD005,2023-12-07,285687.83,True,False,8.49
LOAN001042,CUST00899,BR012,PRD008,2023-12-18,29541.12,False,False,5.12
LOAN001043,CUST00083,BR010,PRD006,2024-11-13,8077.78,True,False,4.47
LOAN001044,CUST01318,BR005,PRD007,2025-11-04,328972.65,True,False,3.54
LOAN001045,CUST00069,BR007,PRD005,2025-05-23,138373.67,True,False,7.54
LOAN001046,CUST00725,BR004,PRD006,2024-11-01,422139.89,True,False,6.44
LOAN001047,CUST01471,BR010,PRD006,2024-10-20,352842.58,False,False,7.18
LOAN001048,CUST00950,BR009,PRD006,2025-02-23,46124.14,True,False,4.39
LOAN001049,CUST00786,BR008,PRD008,2024-12-28,195730.35,False,False,4.02
LOAN001050,CUST00588,BR007,PRD005,2023-02-10,258085.42,True,False,7.94
LOAN001051,CUST00131,BR003,PRD008,2024-10-23,316735.76,True,False,5.17
LOAN001052,CUST01427,BR012,PRD008,2024-09-25,267632.31,True,False,5.07
LOAN001053,CUST01611,BR004,PRD008,2025-09-15,325560.7,True,False,6.26
LOAN001054,CUST01745,BR007,PRD008,2023-03-26,277258.46,True,False,11.44
LOAN001055,CUST01104,BR015,PRD006,2024-05-08,220728.89,False,False,5.23
LOAN001056,CUST01719,BR014,PRD005,2023-12-22,398983.06,True,False,6.73
LOAN001057,CUST00434,BR002,PRD005,2023-03-12,329153.29,True,False,6.38
LOAN001058,CUST00519,BR011,PRD006,2024-04-09,135600.52,True,False,9.28
LOAN001059,CUST01708,BR002,PRD007,2024-09-03,72027.52,False,False,11.3
LOAN001060,CUST00710,BR011,PRD006,2023-09-21,175655.55,False,False,3.67
LOAN001061,CUST01637,BR008,PRD005,2025-01-18,138835.54,True,False,10.56
LOAN001062,CUST00824,BR014,PRD005,2024-02-16,386992.77,True,False,8.61
LOAN001063,CUST01390,BR010,PRD008,2024-05-26,133760.97,True,False,8.25
LOAN001064,CUST00228,BR012,PRD007,2024-05-22,376696.13,True,False,6.34
LOAN001065,CUST01201,BR014,PRD007,2024-06-09,174675.76,False,False,8.36
LOAN001066,CUST01338,BR012,PRD005,2025-04-02,399437.91,True,False,8.74
LOAN001067,CUST00365,BR011,PRD007,2025-08-13,95011.59,True,True,4.3
LOAN001068,CUST00321,BR009,PRD006,2025-04-30,44566.25,False,False,12.05
LOAN001069,CUST00221,BR015,PRD006,2025-09-10,370440.79,True,False,10.39
LOAN001070,CUST01769,BR013,PRD008,2024-01-25,224371.33,True,False,9.55
LOAN001071,CUST00105,BR009,PRD008,2024-09-28,59043.98,True,False,9.09
LOAN001072,CUST00904,BR015,PRD008,2025-05-04,365229.77,True,False,4.06
LOAN001073,CUST01112,BR011,PRD005,2025-04-20,134675.39,True,False,4.49
LOAN001074,CUST01917,BR003,PRD007,2023-04-06,118581.71,True,False,10.45
LOAN001075,CUST01543,BR008,PRD007,2025-04-29,150758.03,True,False,9.71
LOAN001076,CUST01707,BR007,PRD005,2023-04-26,348439.53,False,False,10.85
LOAN001077,CUST00226,BR011,PRD006,2025-12-09,393272.2,True,False,8.88
LOAN001078,CUST01307,BR011,PRD006,2023-02-24,127726.64,True,False,4.86
LOAN001079,CUST00871,BR001,PRD005,2025-10-16,227661.48,True,False,4.43
LOAN001080,CUST01573,BR002,PRD008,2023-04-11,410004.34,True,False,7.48
LOAN001081,CUST01130,BR005,PRD006,2025-03-29,393096.9,False,False,9.88
LOAN001082,CUST01078,BR013,PRD006,2024-06-05,386033.47,True,False,11.46
LOAN001083,CUST01430,BR009,PRD005,2023-04-24,25875.49,True,False,10.03
LOAN001084,CUST00521,BR009,PRD008,2025-01-25,103493.37,True,False,12.4
LOAN001085,CUST01112,BR010,PRD005,2025-08-30,350724.53,True,False,3.53
LOAN001086,CUST01872,BR004,PRD006,2024-01-16,417482.51,True,False,6.13
LOAN001087,CUST01693,BR007,PRD005,2023-12-09,188660.81,True,False,9.01
LOAN001088,CUST01229,BR007,PRD006,2023-09-04,412506.79,True,True,11.85
LOAN001089,CUST00778,BR011,PRD008,2024-08-27,254435.35,False,False,6.35
LOAN001090,CUST01331,BR015,PRD005,2025-04-28,127077.09,False,False,6.78
LOAN001091,CUST01708,BR013,PRD005,2024-05-13,82870.13,False,False,9.53
LOAN001092,CUST00664,BR007,PRD008,2025-11-05,238455.32,True,False,10.46
LOAN001093,CUST01990,BR010,PRD007,2025-06-12,44161.87,True,False,7.1
LOAN001094,CUST00577,BR004,PRD005,2024-03-31,109458.56,False,False,8.32
LOAN001095,CUST01126,BR007,PRD006,2023-05-21,211773.3,True,False,7.55
LOAN001096,CUST00204,BR001,PRD007,2025-01-04,143412.83,False,False,10.04
LOAN001097,CUST00204,BR011,PRD006,2024-01-01,217742.33,False,False,5.32
LOAN001098,CUST01333,BR004,PRD007,2023-10-19,247256.47,True,False,8.87
LOAN001099,CUST00082,BR002,PRD005,2023-01-28,11578.1,False,False,5.33
LOAN001100,CUST01516,BR001,PRD005,2023-02-08,110596.95,True,False,5.73
LOAN001101,CUST01584,BR008,PRD008,2025-02-15,109002.95,True,False,5.94
LOAN001102,CUST00017,BR010,PRD007,2025-07-08,119701.8,True,False,11.46
LOAN001103,CUST00008,BR007,PRD008,2024-11-29,145202.25,False,False,6.65
LOAN001104,CUST00121,BR005,PRD005,2024-04-07,121247.41,True,False,12.21
LOAN001105,CUST00193,BR003,PRD008,2024-04-03,241899.88,True,False,8.99
LOAN001106,CUST00801,BR004,PRD008,2023-06-12,331498.29,True,False,6.5
LOAN001107,CUST01516,BR006,PRD006,2024-06-08,436013.63,True,False,4.87
LOAN001108,CUST00170,BR010,PRD008,2024-10-23,207100.94,True,False,4.81
LOAN001109,CUST00475,BR008,PRD008,2023-01-28,356088.33,True,False,4.47
LOAN001110,CUST00538,BR012,PRD007,2025-02-06,250147.02,True,False,4.44
LOAN001111,CUST00822,BR013,PRD005,2023-02-22,204792.53,False,False,6.02
LOAN001112,CUST01313,BR005,PRD005,2025-01-23,406676.95,True,False,3.98
LOAN001113,CUST01868,BR001,PRD008,2023-12-16,293172.06,True,False,9.76
LOAN001114,CUST00980,BR004,PRD007,2024-01-01,400263.98,False,False,11.4
LOAN001115,CUST00379,BR006,PRD008,2023-07-10,439721.22,False,False,5.79
LOAN001116,CUST01418,BR002,PRD006,2024-12-26,125121.77,False,False,7.08
LOAN001117,CUST01866,BR009,PRD006,2024-10-15,242834.49,False,False,6.8
LOAN001118,CUST01094,BR003,PRD007,2023-06-27,333652.79,False,False,3.58
LOAN001119,CUST01531,BR003,PRD008,2024-11-26,9909.13,False,False,9.94
LOAN001120,CUST01138,BR005,PRD008,2024-07-14,397638.31,True,False,10.49
LOAN001121,CUST00744,BR014,PRD006,2024-06-21,54457.04,True,False,11.91
LOAN001122,CUST00979,BR014,PRD006,2025-08-17,235816.85,True,False,10.18
LOAN001123,CUST01483,BR001,PRD006,2024-03-25,92068.7,False,False,8.44
LOAN001124,CUST00167,BR003,PRD005,2025-09-24,149867.24,True,False,12.27
LOAN001125,CUST01473,BR006,PRD006,2024-10-31,214439.87,True,False,10.3
LOAN001126,CUST01720,BR002,PRD005,2024-09-22,272247.91,True,False,4.35
LOAN001127,CUST00888,BR008,PRD008,2024-07-10,245231.63,True,True,8.36
LOAN001128,CUST00008,BR002,PRD006,2024-09-14,322637.79,True,False,6.4
LOAN001129,CUST00554,BR011,PRD008,2023-10-12,387572.15,True,False,9.1
LOAN001130,CUST00641,BR009,PRD006,2023-06-17,19624.91,False,False,9.86
LOAN001131,CUST00941,BR007,PRD008,2025-06-30,408321.18,True,False,9.65
LOAN001132,CUST00473,BR013,PRD006,2025-01-22,172238.79,False,False,8.82
LOAN001133,CUST01331,BR012,PRD008,2025-06-05,78786.43,True,False,8.91
LOAN001134,CUST01652,BR003,PRD006,2025-09-07,226444.75,True,False,3.74
LOAN001135,CUST00716,BR009,PRD008,2025-08-27,146206.67,False,False,5.22
LOAN001136,CUST01762,BR005,PRD005,2024-03-27,177012.06,False,False,5.68
LOAN001137,CUST00793,BR014,PRD007,2025-12-09,375743.42,True,False,9.78
LOAN001138,CUST01739,BR014,PRD007,2024-04-23,333571.4,False,False,6.75
LOAN001139,CUST01969,BR007,PRD006,2025-03-28,3543.97,True,False,5.47
LOAN001140,CUST00618,BR014,PRD008,2024-06-21,340373.6,True,False,8.93
LOAN001141,CUST01070,BR006,PRD005,2025-07-03,243283.02,True,False,6.02
LOAN001142,CUST00060,BR011,PRD007,2024-07-15,35932.56,True,True,10.56
LOAN001143,CUST00953,BR002,PRD005,2025-01-23,19317.69,True,False,4.03
LOAN001144,CUST01705,BR007,PRD006,2023-12-24,134130.99,True,False,8.66
LOAN001145,CUST00610,BR004,PRD007,2023-05-01,446517.48,False,False,4.32
LOAN001146,CUST01940,BR007,PRD005,2025-02-15,213980.52,True,False,8.92
LOAN001147,CUST00650,BR008,PRD005,2023-12-09,370751.15,False,False,9.71
LOAN001148,CUST00380,BR013,PRD006,2024-01-27,363868.23,False,False,8.2
LOAN001149,CUST01421,BR003,PRD008,2023-03-07,196418.92,True,False,9.07
LOAN001150,CUST01170,BR011,PRD006,2024-01-06,405590.12,True,False,8.46
LOAN001151,CUST01768,BR003,PRD005,2025-12-24,273305.72,False,False,6.54
LOAN001152,CUST01371,BR005,PRD007,2024-03-16,269062.41,True,False,9.15
LOAN001153,CUST01088,BR015,PRD008,2025-06-16,339534.62,True,False,8.65
LOAN001154,CUST01576,BR014,PRD007,2024-04-24,90502.53,True,False,8.74
LOAN001155,CUST00982,BR009,PRD007,2024-06-21,135446.39,True,False,4.29
LOAN001156,CUST00217,BR013,PRD008,2025-08-23,371794.04,True,False,4.09
LOAN001157,CUST00841,BR008,PRD007,2025-02-22,285003.05,True,True,12.4
LOAN001158,CUST01771,BR002,PRD007,2025-01-19,41253.39,True,False,5.48
LOAN001159,CUST00816,BR010,PRD006,2024-08-14,342840.29,True,True,4.37
LOAN001160,CUST01507,BR008,PRD007,2025-06-30,375060.81,True,False,3.5
LOAN001161,CUST00984,BR003,PRD007,2025-07-03,400696.41,False,False,4.1
LOAN001162,CUST01591,BR008,PRD005,2024-05-12,415046.97,False,False,11.28
LOAN001163,CUST01921,BR014,PRD006,2025-11-19,243724.28,True,False,10.5
LOAN001164,CUST00989,BR012,PRD005,2024-03-01,35544.83,True,False,4.72
LOAN001165,CUST00514,BR002,PRD008,2025-11-26,167440.73,False,False,8.34
LOAN001166,CUST00088,BR006,PRD005,2024-06-04,390959.99,True,False,8.38
LOAN001167,CUST01608,BR007,PRD008,2023-09-29,300011.92,True,False,9.62
LOAN001168,CUST00369,BR002,PRD008,2023-05-19,395150.52,True,False,10.49
LOAN001169,CUST00144,BR003,PRD005,2024-08-14,439709.57,True,False,3.68
LOAN001170,CUST00986,BR014,PRD006,2024-09-21,95107.25,True,False,11.87
LOAN001171,CUST01532,BR006,PRD007,2024-04-09,356914.66,True,False,5.91
LOAN001172,CUST00324,BR010,PRD008,2023-05-09,438462.5,True,False,11.33
LOAN001173,CUST01176,BR009,PRD008,2025-04-10,30966.44,False,False,10.8
LOAN001174,CUST00515,BR009,PRD007,2025-02-04,353450.45,False,False,5.49
LOAN001175,CUST00685,BR006,PRD006,2025-11-09,301822.44,True,False,12.23
LOAN001176,CUST01386,BR001,PRD008,2024-02-29,304789.22,True,False,10.82
LOAN001177,CUST00019,BR010,PRD005,2023-08-24,46525.16,False,False,10.05
LOAN001178,CUST00722,BR007,PRD008,2023-02-19,93730.11,True,False,4.15
LOAN001179,CUST00558,BR005,PRD007,2025-11-30,249330.69,True,False,10.26
LOAN001180,CUST01540,BR012,PRD005,2025-05-25,246941.7,False,False,11.88
LOAN001181,CUST00076,BR001,PRD008,2023-10-14,313658.52,False,False,4.56
LOAN001182,CUST00118,BR013,PRD005,2024-11-30,420664.15,False,False,4.88
LOAN001183,CUST01979,BR011,PRD006,2024-05-13,341698.44,True,True,4.84
LOAN001184,CUST00247,BR006,PRD007,2024-12-17,449363.96,True,False,6.49
LOAN001185,CUST00767,BR008,PRD005,2023-10-04,224176.34,True,False,7.7
LOAN001186,CUST00406,BR013,PRD008,2024-03-10,47649.95,False,False,7.95
LOAN001187,CUST00438,BR010,PRD005,2025-07-22,68978.69,False,False,10.72
LOAN001188,CUST01274,BR015,PRD005,2023-08-10,431324.42,True,False,10.77
LOAN001189,CUST01303,BR013,PRD006,2024-07-07,195116.67,True,False,3.52
LOAN001190,CUST00991,BR007,PRD006,2025-05-17,18416.27,False,False,7.96
LOAN001191,CUST01292,BR013,PRD006,2025-10-28,306410.31,True,False,10.88
LOAN001192,CUST01974,BR009,PRD007,2024-07-07,270590.12,False,False,12.3
LOAN001193,CUST00959,BR015,PRD008,2023-07-11,223212.56,False,False,8.9
LOAN001194,CUST01377,BR011,PRD007,2025-12-16,105085.84,False,False,6.56
LOAN001195,CUST01084,BR001,PRD006,2025-03-28,308043.02,True,False,8.91
LOAN001196,CUST00721,BR012,PRD007,2023-01-12,167602.7,True,False,4.51
LOAN001197,CUST01139,BR009,PRD007,2023-06-19,155491.62,False,False,3.9
LOAN001198,CUST01977,BR013,PRD008,2025-09-08,262183.72,True,False,6.41
LOAN001199,CUST00052,BR014,PRD008,2023-08-19,172172.13,True,False,8.68
LOAN001200,CUST01156,BR003,PRD007,2023-11-16,262416.93,True,False,8.8
LOAN001201,CUST00858,BR011,PRD007,2024-04-09,222232.86,True,False,7.89
LOAN001202,CUST00571,BR012,PRD008,2023-07-01,369906.31,True,False,7.71
LOAN001203,CUST00559,BR003,PRD007,2025-08-02,242141.51,True,False,12.39
LOAN001204,CUST00352,BR003,PRD007,2024-07-11,83110.42,False,False,10.04
LOAN001205,CUST02000,BR002,PRD007,2023-02-19,213987.86,True,False,10.97
LOAN001206,CUST01009,BR009,PRD005,2023-08-12,183006.59,True,False,6.23
LOAN001207,CUST01756,BR015,PRD007,2024-01-27,95088.22,True,False,11.35
LOAN001208,CUST00366,BR011,PRD006,2023-10-18,323811.15,True,False,4.19
LOAN001209,CUST01689,BR002,PRD007,2023-07-16,321643.63,False,False,3.82
LOAN001210,CUST01428,BR001,PRD006,2023-04-14,83368.63,False,False,8.84
LOAN001211,CUST00580,BR001,PRD005,2025-06-10,209652.63,True,False,11.06
LOAN001212,CUST01370,BR011,PRD008,2024-06-04,274334.89,True,False,12.18
LOAN001213,CUST00716,BR005,PRD008,2024-11-09,385122.23,False,False,6.56
LOAN001214,CUST01645,BR014,PRD007,2023-09-10,375699.62,True,False,11.33
LOAN001215,CUST00186,BR001,PRD006,2023-03-11,436436.8,True,True,3.61
LOAN001216,CUST01664,BR010,PRD008,2023-06-24,393885.45,True,False,4.13
LOAN001217,CUST00664,BR014,PRD007,2023-05-24,238595.91,True,False,7.23
LOAN001218,CUST00429,BR012,PRD006,2024-11-24,414106.97,True,False,7.15
LOAN001219,CUST01966,BR005,PRD005,2025-10-09,269027.12,False,False,9.73
LOAN001220,CUST01340,BR003,PRD006,2023-03-15,10525.33,True,False,8.82
LOAN001221,CUST01964,BR004,PRD005,2024-09-14,234060.34,False,False,8.85
LOAN001222,CUST00700,BR009,PRD008,2024-02-27,35933.34,False,False,4.0
LOAN001223,CUST00129,BR015,PRD007,2023-09-18,81539.86,True,False,11.33
LOAN001224,CUST01971,BR015,PRD005,2023-04-07,161699.04,True,False,7.41
LOAN001225,CUST01737,BR010,PRD006,2023-03-28,176794.49,True,False,9.93
LOAN001226,CUST00234,BR013,PRD005,2024-12-25,118245.05,True,False,4.12
LOAN001227,CUST01721,BR005,PRD006,2025-05-19,171422.35,False,False,10.05
LOAN001228,CUST01906,BR008,PRD008,2023-04-09,411905.68,True,False,3.96
LOAN001229,CUST00995,BR014,PRD007,2024-05-20,365102.26,True,False,4.1
LOAN001230,CUST01172,BR006,PRD008,2025-11-20,150135.96,True,False,3.7
LOAN001231,CUST01156,BR013,PRD008,2024-03-25,410370.68,True,False,9.86
LOAN001232,CUST01801,BR004,PRD005,2025-08-01,167372.58,True,False,6.9
LOAN001233,CUST00766,BR003,PRD005,2024-10-05,288649.6,False,False,4.31
LOAN001234,CUST01039,BR003,PRD006,2023-05-01,66981.79,False,False,11.13
LOAN001235,CUST01998,BR007,PRD008,2024-03-20,92636.26,True,False,10.04
LOAN001236,CUST01258,BR005,PRD008,2025-09-25,103159.7,True,False,4.29
LOAN001237,CUST00854,BR004,PRD005,2024-04-26,405214.5,True,False,11.62
LOAN001238,CUST01378,BR009,PRD008,2023-10-17,273179.73,True,False,7.66
LOAN001239,CUST01898,BR005,PRD006,2025-10-18,249636.45,True,False,7.17
LOAN001240,CUST00651,BR009,PRD008,2024-06-25,341214.23,True,True,10.29
LOAN001241,CUST00478,BR007,PRD008,2025-05-26,368902.87,False,False,8.21
LOAN001242,CUST01992,BR011,PRD006,2024-07-22,361001.15,True,False,4.9
LOAN001243,CUST00339,BR014,PRD008,2023-06-19,15500.36,True,True,9.33
LOAN001244,CUST01179,BR010,PRD007,2023-08-20,49253.26,False,False,8.46
LOAN001245,CUST01574,BR004,PRD007,2025-11-15,325063.98,False,False,7.16
LOAN001246,CUST01807,BR003,PRD006,2023-10-16,21654.98,False,False,11.48
LOAN001247,CUST01126,BR002,PRD006,2024-07-01,21373.78,False,False,11.64
LOAN001248,CUST01122,BR007,PRD005,2025-01-10,25578.5,True,False,10.12
LOAN001249,CUST01722,BR014,PRD008,2024-01-13,416331.35,False,False,11.66
LOAN001250,CUST00282,BR011,PRD008,2023-12-31,402236.44,True,False,11.45
LOAN001251,CUST01558,BR012,PRD007,2024-09-06,230663.56,True,False,8.52
LOAN001252,CUST00110,BR008,PRD005,2023-08-25,279633.43,True,False,11.56
LOAN001253,CUST00195,BR013,PRD008,2025-03-09,377495.87,True,False,10.55
LOAN001254,CUST01574,BR001,PRD007,2024-08-03,304724.44,True,False,9.07
LOAN001255,CUST01226,BR005,PRD006,2025-04-14,415265.15,True,False,5.23
LOAN001256,CUST00796,BR011,PRD007,2025-11-21,88340.8,True,False,12.34
LOAN001257,CUST00736,BR010,PRD006,2023-10-24,249815.25,False,False,7.85
LOAN001258,CUST01307,BR008,PRD006,2024-04-07,383066.73,False,False,11.15
LOAN001259,CUST01472,BR007,PRD006,2024-04-22,81115.91,False,False,5.06
LOAN001260,CUST00832,BR006,PRD005,2025-02-18,358278.61,True,False,10.57
LOAN001261,CUST00570,BR010,PRD008,2025-03-22,102883.64,True,False,11.07
LOAN001262,CUST01401,BR001,PRD007,2023-08-21,217062.91,True,False,7.73
LOAN001263,CUST01531,BR002,PRD005,2025-09-18,443590.73,True,False,8.17
LOAN001264,CUST00239,BR007,PRD008,2025-07-10,63396.33,False,False,6.02
LOAN001265,CUST00956,BR010,PRD005,2023-01-09,151489.59,True,True,12.13
LOAN001266,CUST00312,BR015,PRD006,2025-03-04,120288.75,False,False,7.37
LOAN001267,CUST01008,BR006,PRD007,2024-03-15,337836.73,False,False,5.97
LOAN001268,CUST00658,BR002,PRD007,2024-02-28,316335.64,False,False,5.37
LOAN001269,CUST01962,BR012,PRD008,2023-11-26,110647.83,True,False,12.38
LOAN001270,CUST01576,BR003,PRD005,2023-10-15,167287.1,False,False,10.07
LOAN001271,CUST00876,BR012,PRD008,2023-11-14,378348.27,False,False,6.62
LOAN001272,CUST00611,BR010,PRD008,2024-02-05,162011.94,True,False,10.46
LOAN001273,CUST01725,BR007,PRD005,2024-07-28,273936.6,False,False,6.76
LOAN001274,CUST01334,BR002,PRD007,2024-01-02,337805.6,True,False,11.27
LOAN001275,CUST00090,BR001,PRD008,2023-03-04,107297.15,True,False,3.72
LOAN001276,CUST01599,BR002,PRD006,2024-12-02,124817.89,True,False,9.57
LOAN001277,CUST01136,BR005,PRD005,2023-03-25,412033.01,False,False,11.27
LOAN001278,CUST00210,BR009,PRD005,2023-04-07,101532.43,False,False,11.43
LOAN001279,CUST01202,BR002,PRD008,2025-06-25,365207.81,True,False,10.11
LOAN001280,CUST00061,BR014,PRD005,2024-02-15,310325.64,False,False,10.76
LOAN001281,CUST00062,BR002,PRD007,2024-09-28,388054.82,False,False,10.87
LOAN001282,CUST01668,BR007,PRD007,2025-06-08,56588.06,True,False,10.0
LOAN001283,CUST01011,BR013,PRD007,2023-05-27,378904.29,True,False,5.17
LOAN001284,CUST00021,BR009,PRD006,2025-02-28,97781.3,True,False,10.57
LOAN001285,CUST00558,BR005,PRD007,2023-12-01,156080.28,False,False,7.1
LOAN001286,CUST01224,BR001,PRD006,2024-01-27,170967.36,True,True,5.42
LOAN001287,CUST00475,BR010,PRD008,2025-07-07,422579.84,True,False,10.75
LOAN001288,CUST01613,BR007,PRD007,2023-01-13,114241.52,True,False,4.45
LOAN001289,CUST01292,BR010,PRD007,2025-03-26,168929.37,False,False,7.24
LOAN001290,CUST01290,BR014,PRD007,2023-07-01,5177.28,True,False,11.48
LOAN001291,CUST00006,BR001,PRD005,2025-01-12,383375.18,True,False,11.15
LOAN001292,CUST00029,BR013,PRD008,2023-11-27,362999.86,True,False,10.1
LOAN001293,CUST00353,BR014,PRD008,2024-02-17,286265.27,True,False,12.14
LOAN001294,CUST01218,BR014,PRD006,2024-10-31,320855.0,True,False,9.17
LOAN001295,CUST00993,BR005,PRD005,2025-06-04,355393.64,True,False,5.72
LOAN001296,CUST01564,BR006,PRD006,2023-12-16,435281.2,True,False,3.67
LOAN001297,CUST00323,BR005,PRD005,2023-07-20,292485.43,True,False,4.19
LOAN001298,CUST00259,BR005,PRD006,2023-04-04,384281.04,True,False,12.21
LOAN001299,CUST00996,BR003,PRD008,2024-05-22,185057.61,False,False,11.21
LOAN001300,CUST01519,BR003,PRD007,2023-12-30,152403.16,False,False,4.93
LOAN001301,CUST01086,BR002,PRD006,2024-04-28,125938.93,True,False,6.22
LOAN001302,CUST01187,BR012,PRD008,2025-11-04,284539.28,True,False,10.67
LOAN001303,CUST00104,BR003,PRD008,2024-02-01,93937.01,False,False,4.29
LOAN001304,CUST01440,BR015,PRD005,2025-12-14,101300.03,True,False,6.17
LOAN001305,CUST00463,BR001,PRD007,2024-10-13,127356.97,False,False,5.48
LOAN001306,CUST00715,BR004,PRD007,2024-10-07,210768.09,True,False,11.2
LOAN001307,CUST00476,BR009,PRD006,2025-06-07,46956.13,True,False,11.26
LOAN001308,CUST01847,BR001,PRD006,2025-05-04,224659.78,True,False,9.44
LOAN001309,CUST00080,BR009,PRD008,2025-06-29,367284.47,False,False,6.24
LOAN001310,CUST00096,BR010,PRD008,2024-01-20,429497.1,True,False,4.25
LOAN001311,CUST01021,BR006,PRD007,2023-06-11,238394.57,False,False,5.79
LOAN001312,CUST00747,BR005,PRD007,2025-04-17,184759.94,False,False,7.54
LOAN001313,CUST00576,BR006,PRD007,2023-03-15,411701.25,True,False,7.47
LOAN001314,CUST01777,BR001,PRD005,2024-10-12,314680.65,True,False,12.07
LOAN001315,CUST00802,BR014,PRD006,2025-07-10,223550.6,True,False,7.17
LOAN001316,CUST01832,BR014,PRD006,2023-02-11,437889.86,True,False,10.95
LOAN001317,CUST00357,BR012,PRD005,2024-10-15,423018.26,True,False,7.08
LOAN001318,CUST00496,BR009,PRD006,2023-04-13,313953.33,True,False,5.75
LOAN001319,CUST00435,BR005,PRD007,2025-02-18,389888.26,True,False,11.9
LOAN001320,CUST00828,BR014,PRD008,2024-11-05,122004.17,False,False,4.44
LOAN001321,CUST00251,BR013,PRD005,2025-03-20,91929.17,False,False,9.2
LOAN001322,CUST00073,BR011,PRD008,2025-11-01,123938.11,True,False,9.25
LOAN001323,CUST01732,BR011,PRD008,2024-08-08,158884.54,True,False,11.75
LOAN001324,CUST00069,BR006,PRD007,2025-04-08,204763.76,True,False,7.98
LOAN001325,CUST00431,BR013,PRD008,2023-08-28,157933.1,True,False,4.16
LOAN001326,CUST01475,BR013,PRD005,2023-04-21,223149.03,True,False,10.47
LOAN001327,CUST00992,BR010,PRD007,2025-07-23,428950.61,False,False,4.19
LOAN001328,CUST01472,BR015,PRD008,2025-03-16,359234.09,False,False,5.9
LOAN001329,CUST01086,BR009,PRD007,2025-12-30,370622.1,True,False,6.58
LOAN001330,CUST00456,BR014,PRD005,2023-11-04,53266.09,True,False,9.01
LOAN001331,CUST00103,BR014,PRD007,2024-06-19,402469.17,True,False,5.13
LOAN001332,CUST01186,BR014,PRD008,2024-08-15,11768.64,True,False,11.45
LOAN001333,CUST01175,BR013,PRD005,2023-09-21,314627.67,True,False,10.78
LOAN001334,CUST01203,BR015,PRD007,2023-03-27,28807.33,True,False,11.51
LOAN001335,CUST00500,BR003,PRD006,2025-03-02,189781.9,True,False,11.58
LOAN001336,CUST01528,BR004,PRD006,2023-07-01,31086.27,True,False,11.46
LOAN001337,CUST00293,BR014,PRD006,2025-03-14,303672.69,False,False,8.49
LOAN001338,CUST00278,BR007,PRD006,2023-01-11,29677.81,True,False,9.7
LOAN001339,CUST01817,BR015,PRD008,2024-06-07,269802.83,True,False,10.04
LOAN001340,CUST01643,BR002,PRD008,2024-01-20,323089.13,True,False,7.49
LOAN001341,CUST01124,BR009,PRD005,2025-06-30,93697.19,True,False,11.77
LOAN001342,CUST01208,BR003,PRD008,2023-10-11,416664.13,True,False,5.41
LOAN001343,CUST00544,BR004,PRD006,2024-01-13,284532.69,True,False,5.33
LOAN001344,CUST01323,BR008,PRD008,2023-11-14,387828.58,False,False,4.38
LOAN001345,CUST01709,BR015,PRD005,2025-12-07,445608.43,False,False,9.0
LOAN001346,CUST01870,BR007,PRD006,2024-11-20,12264.84,False,False,11.44
LOAN001347,CUST00737,BR002,PRD006,2023-08-23,308637.27,False,False,9.78
LOAN001348,CUST00691,BR010,PRD008,2024-06-13,125214.48,True,False,6.53
LOAN001349,CUST01244,BR010,PRD008,2024-11-23,411658.97,True,False,9.21
LOAN001350,CUST01488,BR004,PRD005,2024-05-29,9595.45,False,False,6.45
LOAN001351,CUST01767,BR002,PRD006,2024-04-13,270147.37,True,False,4.83
LOAN001352,CUST00605,BR012,PRD008,2025-03-02,46034.41,False,False,4.03
LOAN001353,CUST00947,BR013,PRD006,2023-09-02,284499.72,True,False,6.39
LOAN001354,CUST00577,BR002,PRD008,2024-05-12,169408.04,True,False,4.04
LOAN001355,CUST01169,BR007,PRD005,2023-02-11,332632.43,False,False,10.4
LOAN001356,CUST00605,BR003,PRD005,2023-04-11,373587.13,False,False,9.36
LOAN001357,CUST00125,BR009,PRD008,2023-07-01,348433.28,False,False,8.7
LOAN001358,CUST01057,BR007,PRD006,2023-10-14,222253.4,True,False,5.84
LOAN001359,CUST01412,BR010,PRD005,2025-07-16,25913.13,False,False,6.13
LOAN001360,CUST00608,BR002,PRD006,2024-05-30,308264.54,False,False,11.84
LOAN001361,CUST01416,BR004,PRD008,2023-01-21,116783.75,True,False,9.53
LOAN001362,CUST00958,BR002,PRD006,2024-11-03,216253.6,False,False,9.15
LOAN001363,CUST00264,BR001,PRD006,2023-01-15,2726.59,False,False,4.6
LOAN001364,CUST01476,BR005,PRD007,2023-06-30,99225.46,True,False,11.54
LOAN001365,CUST00813,BR002,PRD008,2025-09-27,20156.39,False,False,8.63
LOAN001366,CUST01844,BR003,PRD007,2025-06-20,418030.41,True,False,9.37
LOAN001367,CUST00052,BR013,PRD006,2025-03-17,219013.05,False,False,6.97
LOAN001368,CUST01554,BR012,PRD005,2024-06-26,281639.44,True,False,7.82
LOAN001369,CUST01427,BR013,PRD008,2025-11-04,318024.55,False,False,9.06
LOAN001370,CUST01721,BR010,PRD006,2024-03-27,256199.09,True,False,12.11
LOAN001371,CUST01732,BR014,PRD006,2025-05-07,376389.98,True,False,8.98
LOAN001372,CUST01910,BR015,PRD007,2024-02-22,243315.3,True,False,10.02
LOAN001373,CUST00636,BR006,PRD007,2023-11-06,362154.16,False,False,6.16
LOAN001374,CUST01891,BR011,PRD008,2024-05-09,300792.34,True,False,4.72
LOAN001375,CUST02000,BR015,PRD007,2023-03-05,194842.19,True,False,11.95
LOAN001376,CUST00877,BR005,PRD005,2025-05-27,148182.11,True,False,4.89
LOAN001377,CUST00432,BR006,PRD005,2024-12-19,67473.34,True,False,7.04
LOAN001378,CUST00083,BR003,PRD005,2024-07-28,102878.99,False,False,7.34
LOAN001379,CUST01613,BR004,PRD006,2025-04-23,324060.8,True,False,11.49
LOAN001380,CUST01685,BR013,PRD005,2023-05-20,51354.61,True,False,10.42
LOAN001381,CUST00212,BR001,PRD008,2023-10-17,48359.17,True,False,6.91
LOAN001382,CUST01341,BR007,PRD007,2025-08-23,448453.54,False,False,4.12
LOAN001383,CUST01966,BR015,PRD006,2024-12-22,12250.7,True,False,6.5
LOAN001384,CUST00584,BR015,PRD006,2023-01-11,428102.13,True,False,3.68
LOAN001385,CUST01011,BR008,PRD006,2023-08-06,101774.76,False,False,8.93
LOAN001386,CUST00355,BR010,PRD005,2024-05-21,106721.5,True,False,3.98
LOAN001387,CUST01880,BR008,PRD005,2023-07-16,25495.23,True,False,8.53
LOAN001388,CUST00385,BR011,PRD006,2023-04-18,253728.47,True,False,9.86
LOAN001389,CUST00371,BR014,PRD008,2025-01-15,61020.03,False,False,8.0
LOAN001390,CUST01873,BR013,PRD005,2024-01-20,271225.23,False,False,5.5
LOAN001391,CUST00579,BR003,PRD007,2025-11-10,247209.52,True,False,9.87
LOAN001392,CUST00146,BR009,PRD006,2025-03-14,445896.6,True,False,8.87
LOAN001393,CUST00682,BR009,PRD007,2024-03-23,387813.48,False,False,11.0
LOAN001394,CUST00429,BR010,PRD005,2024-11-13,423239.57,True,False,10.01
LOAN001395,CUST01733,BR006,PRD008,2023-02-05,97468.99,True,False,6.18
LOAN001396,CUST00798,BR006,PRD007,2025-11-29,353538.86,False,False,8.19
LOAN001397,CUST00623,BR007,PRD007,2024-06-21,114586.27,True,False,9.41
LOAN001398,CUST00781,BR006,PRD006,2025-06-28,408128.08,True,False,6.72
LOAN001399,CUST01129,BR001,PRD006,2025-06-07,269117.7,True,False,8.73
LOAN001400,CUST01901,BR006,PRD006,2024-01-21,58884.65,True,True,4.31
LOAN001401,CUST00591,BR008,PRD008,2025-04-03,400463.19,True,False,11.9
LOAN001402,CUST00080,BR002,PRD007,2023-03-29,407100.32,True,False,7.07
LOAN001403,CUST01319,BR005,PRD007,2024-06-17,130853.8,False,False,11.98
LOAN001404,CUST00948,BR006,PRD005,2025-10-10,397495.46,True,False,10.88
LOAN001405,CUST01699,BR014,PRD007,2024-08-26,151714.88,True,False,9.25
LOAN001406,CUST00031,BR005,PRD007,2024-07-03,338188.28,True,False,8.69
LOAN001407,CUST00698,BR013,PRD008,2024-05-05,271697.94,True,False,10.31
LOAN001408,CUST00578,BR012,PRD005,2025-12-09,345538.94,True,False,5.66
LOAN001409,CUST00867,BR014,PRD008,2023-04-18,177022.27,True,False,10.53
LOAN001410,CUST00746,BR005,PRD005,2023-01-15,119128.48,True,False,11.74
LOAN001411,CUST01651,BR005,PRD007,2025-07-23,377824.19,False,False,11.56
LOAN001412,CUST00319,BR005,PRD006,2025-02-28,135190.36,True,False,4.45
LOAN001413,CUST01618,BR010,PRD007,2024-04-30,47064.6,True,False,8.5
LOAN001414,CUST01733,BR008,PRD006,2025-02-11,138904.52,True,False,5.87
LOAN001415,CUST01912,BR008,PRD006,2023-01-20,101637.62,True,False,8.56
LOAN001416,CUST00159,BR001,PRD008,2024-01-14,247546.66,True,False,7.3
LOAN001417,CUST01178,BR008,PRD006,2024-02-09,64021.14,True,False,11.86
LOAN001418,CUST00391,BR009,PRD008,2023-06-01,193715.31,True,False,4.61
LOAN001419,CUST01062,BR008,PRD005,2023-12-13,18611.36,True,False,4.87
LOAN001420,CUST00155,BR011,PRD006,2023-12-23,135112.55,False,False,9.17
LOAN001421,CUST01938,BR010,PRD007,2025-07-04,436979.18,False,False,5.95
LOAN001422,CUST00732,BR011,PRD005,2025-04-06,355832.31,False,False,11.7
LOAN001423,CUST00638,BR010,PRD006,2024-04-27,177424.51,False,False,5.78
LOAN001424,CUST01761,BR006,PRD007,2024-12-04,221997.97,True,False,11.57
LOAN001425,CUST01017,BR002,PRD006,2023-09-24,6919.88,True,False,7.88
LOAN001426,CUST00096,BR012,PRD005,2025-12-16,341402.68,False,False,8.91
LOAN001427,CUST00520,BR014,PRD006,2023-06-24,224808.04,True,False,8.48
LOAN001428,CUST00284,BR002,PRD005,2024-06-19,279415.78,False,False,9.64
LOAN001429,CUST00710,BR008,PRD005,2024-07-16,161571.14,True,False,8.16
LOAN001430,CUST00557,BR009,PRD007,2023-08-02,124559.46,True,False,12.36
LOAN001431,CUST01797,BR013,PRD006,2025-02-20,85905.05,True,False,4.86
LOAN001432,CUST00091,BR015,PRD008,2024-02-15,122432.38,True,True,11.78
LOAN001433,CUST01899,BR003,PRD007,2025-02-27,297167.51,True,False,7.6
LOAN001434,CUST01081,BR006,PRD006,2024-09-14,416577.14,True,False,11.6
LOAN001435,CUST00862,BR001,PRD005,2023-08-19,181913.44,False,False,8.57
LOAN001436,CUST00083,BR001,PRD006,2024-10-18,407607.54,False,False,6.37
LOAN001437,CUST01370,BR014,PRD008,2024-11-07,184576.68,True,True,10.64
LOAN001438,CUST01029,BR010,PRD007,2025-02-10,314990.2,True,False,3.94
LOAN001439,CUST00212,BR013,PRD007,2024-02-13,54584.64,True,False,11.12
LOAN001440,CUST00685,BR005,PRD008,2024-08-19,15322.95,False,False,11.78
LOAN001441,CUST01758,BR012,PRD008,2024-07-22,123745.23,True,False,8.89
LOAN001442,CUST01056,BR010,PRD007,2024-10-07,254932.24,False,False,7.07
LOAN001443,CUST00068,BR008,PRD006,2023-01-23,16083.74,True,False,5.23
LOAN001444,CUST01073,BR015,PRD005,2023-05-05,277508.12,False,False,7.52
LOAN001445,CUST01303,BR006,PRD008,2023-04-24,187399.0,False,False,4.38
LOAN001446,CUST00891,BR009,PRD008,2023-07-24,157513.09,False,False,8.24
LOAN001447,CUST01369,BR011,PRD006,2024-09-17,36806.35,True,False,4.1
LOAN001448,CUST00006,BR013,PRD005,2025-12-15,222215.92,True,False,8.55
LOAN001449,CUST00062,BR014,PRD007,2023-05-09,117423.39,True,False,6.43
LOAN001450,CUST00585,BR014,PRD008,2024-12-12,358997.95,False,False,11.32
LOAN001451,CUST01093,BR015,PRD005,2025-06-16,147702.45,False,False,6.7
LOAN001452,CUST00434,BR004,PRD006,2023-03-14,373986.3,True,False,12.26
LOAN001453,CUST01059,BR005,PRD006,2025-07-02,145625.75,True,False,10.6
LOAN001454,CUST00107,BR001,PRD005,2023-03-21,216902.18,True,False,5.87
LOAN001455,CUST00039,BR010,PRD007,2024-01-03,307439.77,True,False,7.66
LOAN001456,CUST00455,BR010,PRD008,2025-03-31,122136.77,True,False,4.47
LOAN001457,CUST00190,BR001,PRD007,2024-02-27,390395.58,True,True,11.41
LOAN001458,CUST00210,BR005,PRD008,2025-09-16,35582.87,True,False,9.47
LOAN001459,CUST01668,BR003,PRD007,2024-01-10,74834.69,True,False,9.32
LOAN001460,CUST01618,BR002,PRD007,2023-06-07,408612.5,False,False,5.84
LOAN001461,CUST01149,BR002,PRD006,2025-05-24,157872.3,True,False,10.66
LOAN001462,CUST01518,BR004,PRD007,2024-11-30,331447.46,True,False,7.18
LOAN001463,CUST01920,BR011,PRD007,2025-05-19,382149.54,True,True,11.79
LOAN001464,CUST01949,BR004,PRD006,2023-04-27,204784.35,True,False,3.86
LOAN001465,CUST00026,BR002,PRD008,2025-09-25,230229.11,True,False,10.16
LOAN001466,CUST00203,BR004,PRD007,2024-10-03,100576.01,True,False,4.39
LOAN001467,CUST00693,BR003,PRD006,2023-02-14,129776.16,True,False,3.6
LOAN001468,CUST00761,BR010,PRD007,2025-01-21,322531.33,True,False,4.81
LOAN001469,CUST01477,BR013,PRD007,2023-05-30,326194.76,True,False,5.61
LOAN001470,CUST01469,BR006,PRD005,2024-06-01,446443.82,True,False,8.29
LOAN001471,CUST01892,BR006,PRD008,2023-02-09,20519.81,True,False,10.45
LOAN001472,CUST00191,BR013,PRD006,2023-12-28,185720.43,True,False,8.97
LOAN001473,CUST01268,BR003,PRD008,2024-03-25,428143.52,False,False,8.16
LOAN001474,CUST00552,BR004,PRD006,2025-06-21,362360.61,True,False,6.23
LOAN001475,CUST01143,BR008,PRD006,2023-08-11,322105.43,True,False,4.39
LOAN001476,CUST00766,BR004,PRD006,2023-08-26,402220.38,True,False,5.3
LOAN001477,CUST01409,BR001,PRD006,2024-06-23,137264.43,True,False,12.12
LOAN001478,CUST01604,BR009,PRD008,2023-03-22,71535.69,True,False,5.79
LOAN001479,CUST01313,BR002,PRD008,2023-12-01,261920.33,True,False,12.33
LOAN001480,CUST00969,BR011,PRD008,2024-12-12,311755.92,False,False,4.53
LOAN001481,CUST00623,BR001,PRD008,2024-12-19,337156.48,True,False,7.34
LOAN001482,CUST01088,BR003,PRD008,2025-08-03,446563.37,True,False,9.16
LOAN001483,CUST01090,BR003,PRD007,2025-05-24,240316.24,True,False,8.52
LOAN001484,CUST01686,BR005,PRD006,2025-01-08,289419.69,True,False,10.09
LOAN001485,CUST00126,BR012,PRD005,2025-07-03,37088.18,True,False,4.68
LOAN001486,CUST01515,BR011,PRD007,2024-02-13,136614.02,True,True,7.8
LOAN001487,CUST01396,BR004,PRD006,2025-05-23,141358.19,True,False,5.42
LOAN001488,CUST00772,BR007,PRD008,2023-07-03,416413.31,True,False,3.79
LOAN001489,CUST00793,BR009,PRD008,2024-04-26,422536.78,True,False,11.67
LOAN001490,CUST00928,BR007,PRD006,2023-09-14,308334.22,True,False,3.79
LOAN001491,CUST00543,BR005,PRD007,2023-12-19,102959.29,False,False,12.31
LOAN001492,CUST00684,BR013,PRD006,2024-01-16,407865.76,True,False,12.18
LOAN001493,CUST00507,BR003,PRD008,2023-10-30,448263.18,False,False,4.07
LOAN001494,CUST01402,BR012,PRD005,2024-10-29,257746.42,False,False,11.01
LOAN001495,CUST00999,BR011,PRD008,2023-06-21,145229.62,True,False,7.42
LOAN001496,CUST00369,BR013,PRD005,2023-11-25,129114.91,True,False,3.84
LOAN001497,CUST00480,BR015,PRD006,2023-08-10,34575.58,False,False,3.69
LOAN001498,CUST00274,BR009,PRD008,2024-02-21,238205.51,False,False,9.07
LOAN001499,CUST01625,BR003,PRD008,2025-12-25,139850.35,True,False,10.94
LOAN001500,CUST00615,BR005,PRD006,2023-11-09,399829.98,True,False,4.76
